2026/03/21 21:37:56 transport: shadow mode
2026/03/21 21:37:56 telegram: escalation router started (chat_id=8419931737)
2026/03/21 21:37:56 swarm hooks: wrote /home/sbarker/.swarmops/swarm/hooks/agent-stop.sh
2026/03/21 21:37:56 swarm/watchdog: started (heartbeat_timeout=45m0s, absolute=2h0m0s)
2026/03/21 21:37:56 swarm/config: Plane adapter configured ✓
2026/03/21 21:37:56 transport: channels MCP endpoints registered at /mcp/channels/{agentID}/{runID}
2026/03/21 21:37:56 telegram: webhook registered at POST /api/telegram/webhook
2026/03/21 21:37:56 Server starting on :8080
2026/03/21 21:37:56 swarm/plane: env-var session not configured; will poll DB autopilot sessions only
2026/03/21 21:37:57 swarm/ci: poller starting (interval=1m0s)
2026/03/21 21:37:57 swarm/plane: cached 100 work queue items for project 1974b497
2026/03/21 21:38:33 swarm ws: failed to load state for does-not-exist-abc123: sql: no rows in result set
2026/03/21 21:38:56 swarm: broadcastSwarmState error for 5c7f51335e0df3e28914dd1cffbab151: sql: no rows in result set
2026/03/21 21:38:58 swarm/plane: cached 100 work queue items for project 1974b497
2026/03/21 21:39:02 swarm: broadcastSwarmState error for e40aa2baf37029fa3376f0cacabf7b42: sql: no rows in result set
2026/03/21 21:39:06 swarm: broadcastSwarmState error for 172485d844a2a439852eef98549c7022: sql: no rows in result set
2026/03/21 21:39:21 swarm: broadcastSwarmState error for ba152171d3a5f16c9ac68f500cef236f: sql: no rows in result set
2026/03/21 21:39:51 swarm: broadcastSwarmState error for e99d369d59e13d003689fdf5dbf19648: sql: no rows in result set
2026/03/21 21:39:58 swarm/plane: cached 100 work queue items for project 1974b497
2026/03/21 21:40:04 swarm: goal de12abd0 complexity=trivial
2026/03/21 21:40:04 swarm: goal de12abd0 spec task queued — no idle workers, autodispatch will pick up
2026/03/21 21:40:04 swarm: broadcastSwarmState error for 3c3dcbc6b3216e07aa957f9b3af4c05c: sql: no rows in result set
2026/03/21 21:40:05 swarm: goal 06f7a688 complexity=trivial
2026/03/21 21:40:05 swarm: goal 06f7a688 spec task queued — no idle workers, autodispatch will pick up
2026/03/21 21:40:05 swarm ws: failed to load state for adebdbeeb44956f76cf92779e2470996: sql: no rows in result set
2026/03/21 21:40:06 swarm: goal 9a810a5e complexity=trivial
2026/03/21 21:40:06 swarm: goal 9a810a5e spec task queued — no idle workers, autodispatch will pick up
2026/03/21 21:40:09 swarm: goal 11c5ca86 complexity=trivial
2026/03/21 21:40:09 swarm: goal 11c5ca86 spec task queued — no idle workers, autodispatch will pick up
2026/03/21 21:40:30 swarm: goal 11d87167 complexity=trivial
2026/03/21 21:40:30 swarm: goal 11d87167 spec task queued — no idle workers, autodispatch will pick up
2026/03/21 21:40:30 swarm: broadcastSwarmState error for 51572eaefd433693739cd99926b7c388: sql: no rows in result set
2026/03/21 21:40:58 swarm/plane: cached 100 work queue items for project 1974b497
2026/03/21 21:41:58 swarm/plane: cached 100 work queue items for project 1974b497
2026/03/21 21:42:18 swarm: goal 5a7c36e9 complexity=trivial
2026/03/21 21:42:18 swarm: goal 5a7c36e9 spec task queued — no idle workers, autodispatch will pick up
2026/03/21 21:42:18 swarm: broadcastSwarmState error for e357382de77c6a0c7b7fab389d822f9d: sql: no rows in result set
2026/03/21 21:42:20 swarm: goal 5169b289 complexity=trivial
2026/03/21 21:42:20 swarm: goal 5169b289 spec task queued — no idle workers, autodispatch will pick up
2026/03/21 21:42:21 swarm ws: failed to load state for c2298831882c845253d706f531cb90c9: sql: no rows in result set
2026/03/21 21:42:25 swarm: goal 04e83753 complexity=trivial
2026/03/21 21:42:25 swarm: goal 04e83753 spec task queued — no idle workers, autodispatch will pick up
2026/03/21 21:42:30 swarm: goal e0f74fa9 complexity=trivial
2026/03/21 21:42:30 swarm: goal e0f74fa9 spec task queued — no idle workers, autodispatch will pick up
2026/03/21 21:42:31 swarm: goal e0f74fa9 complete — all 4 tasks terminal
2026/03/21 21:42:31 swarm: goal e0f74fa9 complete — all 4 tasks terminal
2026/03/21 21:42:31 swarm: broadcastSwarmState error for 421862a5045d912f7a1ff798e735b38f: sql: no rows in result set
2026/03/21 21:42:31 swarm: goal fc0047a1 complexity=trivial
2026/03/21 21:42:31 swarm: goal fc0047a1 spec task queued — no idle workers, autodispatch will pick up
2026/03/21 21:42:31 swarm: broadcastSwarmState error for 66b26c352a2328582a033c74121789ca: sql: no rows in result set
2026/03/21 21:42:58 swarm/plane: cached 100 work queue items for project 1974b497
2026/03/21 21:43:08 swarm ws: failed to load state for does-not-exist-abc123: sql: no rows in result set
2026/03/21 21:43:29 swarm: broadcastSwarmState error for 5db58c1671db2316b163ef0665b1fad7: sql: no rows in result set
2026/03/21 21:43:34 swarm: broadcastSwarmState error for 9c2257e5b7fd1caa00da2ee3b60557a6: sql: no rows in result set
2026/03/21 21:43:38 swarm: broadcastSwarmState error for 946627776ee3a0150ed0c37e76b354a9: sql: no rows in result set
2026/03/21 21:43:55 swarm: broadcastSwarmState error for 60efbd62ca9cb512a644640b5792312a: sql: no rows in result set
2026/03/21 21:44:24 swarm: broadcastSwarmState error for 740f886eb3397a26a7539d4b10883cea: sql: no rows in result set
2026/03/21 21:44:36 swarm: goal 89e7830a complexity=trivial
2026/03/21 21:44:36 swarm: goal 89e7830a spec task queued — no idle workers, autodispatch will pick up
2026/03/21 21:44:36 swarm: broadcastSwarmState error for db5f201f36f75c1143ce2eb728d96d76: sql: no rows in result set
2026/03/21 21:44:37 swarm: goal 11502fd8 complexity=trivial
2026/03/21 21:44:37 swarm: goal 11502fd8 spec task queued — no idle workers, autodispatch will pick up
2026/03/21 21:44:37 swarm ws: failed to load state for 50d246449b1e7ac88a499fe5307bfc3a: sql: no rows in result set
2026/03/21 21:44:37 swarm: goal 935e1cea complexity=trivial
2026/03/21 21:44:37 swarm: goal 935e1cea spec task queued — no idle workers, autodispatch will pick up
2026/03/21 21:44:41 swarm: goal 34f628d2 complexity=trivial
2026/03/21 21:44:41 swarm: goal 34f628d2 spec task queued — no idle workers, autodispatch will pick up
2026/03/21 21:44:41 swarm: goal 34f628d2 complete — all 4 tasks terminal
2026/03/21 21:44:41 swarm: goal 4ee457aa complexity=trivial
2026/03/21 21:44:41 swarm: goal 4ee457aa spec task queued — no idle workers, autodispatch will pick up
2026/03/21 21:44:41 swarm: broadcastSwarmState error for afe07688c16d4c232010275c3dd83050: sql: no rows in result set
2026/03/21 21:55:51 swarm ws: failed to load state for sess-aaa: sql: no rows in result set
2026/03/21 21:55:51 swarm ws: failed to load state for sess-bbb: sql: no rows in result set
2026/03/21 21:56:54 swarm ws: failed to load state for aaaabbbbcccc0002: sql: no rows in result set
2026/03/21 21:56:54 swarm ws: failed to load state for s10000000000: sql: no rows in result set
2026/03/21 21:56:54 swarm ws: failed to load state for s10000000000: sql: no rows in result set
2026/03/21 21:56:54 swarm ws: failed to load state for s10000000000: sql: no rows in result set
2026/03/21 21:56:54 swarm ws: failed to load state for s10000000000: sql: no rows in result set
2026/03/21 21:56:54 swarm ws: failed to load state for aaaabbbbcccc0001: sql: no rows in result set
2026/03/21 21:56:54 swarm ws: failed to load state for s10000000000: sql: no rows in result set
2026/03/21 21:56:54 swarm ws: failed to load state for s10000000000: sql: no rows in result set
2026/03/21 21:56:54 swarm ws: failed to load state for aaaabbbbcccc0002: sql: no rows in result set
2026/03/21 21:56:54 swarm ws: failed to load state for aaaabbbbcccc0001: sql: no rows in result set
2026/03/21 21:56:54 swarm ws: failed to load state for aaaabbbbcccc0001: sql: no rows in result set
2026/03/21 21:56:54 swarm ws: failed to load state for aaaabbbbcccc0002: sql: no rows in result set
2026/03/21 21:56:54 swarm ws: failed to load state for s10000000000: sql: no rows in result set
2026/03/21 21:56:54 swarm ws: failed to load state for aaaabbbbcccc0002: sql: no rows in result set
2026/03/21 21:56:54 swarm ws: failed to load state for aaaabbbbcccc0001: sql: no rows in result set
2026/03/21 21:56:54 swarm ws: failed to load state for aaaabbbbcccc0001: sql: no rows in result set
2026/03/21 21:56:54 swarm ws: failed to load state for aaaabbbbcccc0001: sql: no rows in result set
2026/03/21 21:56:54 swarm ws: failed to load state for aaaabbbbcccc0002: sql: no rows in result set
2026/03/21 21:56:54 swarm ws: failed to load state for aaaabbbbcccc0002: sql: no rows in result set
2026/03/21 21:56:54 swarm ws: failed to load state for aaaabbbbcccc0001: sql: no rows in result set
2026/03/21 21:56:54 swarm ws: failed to load state for aaaabbbbcccc0001: sql: no rows in result set
2026/03/21 21:56:54 swarm ws: failed to load state for aaaabbbbcccc0002: sql: no rows in result set
2026/03/21 21:56:54 swarm ws: failed to load state for aaaabbbbcccc0002: sql: no rows in result set
2026/03/21 21:56:54 swarm ws: failed to load state for aaaabbbbcccc0001: sql: no rows in result set
2026/03/21 21:56:54 swarm ws: failed to load state for aaaabbbbcccc0001: sql: no rows in result set
2026/03/21 21:56:54 swarm ws: failed to load state for aaaabbbbcccc0002: sql: no rows in result set
2026/03/21 21:56:54 swarm ws: failed to load state for aaaabbbbcccc0002: sql: no rows in result set
2026/03/21 21:56:54 swarm ws: failed to load state for aaaabbbbcccc0001: sql: no rows in result set
2026/03/21 21:56:54 swarm ws: failed to load state for aaaabbbbcccc0002: sql: no rows in result set
2026/03/21 21:56:54 swarm ws: failed to load state for aaaabbbbcccc0002: sql: no rows in result set
2026/03/21 21:56:54 swarm ws: failed to load state for aaaabbbbcccc0001: sql: no rows in result set
2026/03/21 21:56:54 swarm ws: failed to load state for aaaabbbbcccc0001: sql: no rows in result set
2026/03/21 21:56:54 swarm ws: failed to load state for aaaabbbbcccc0002: sql: no rows in result set
2026/03/21 21:56:54 swarm ws: failed to load state for aaaabbbbcccc0001: sql: no rows in result set
2026/03/21 21:56:54 swarm ws: failed to load state for aaaabbbbcccc0002: sql: no rows in result set
2026/03/21 21:56:54 swarm ws: failed to load state for aaaabbbbcccc0001: sql: no rows in result set
2026/03/21 21:56:54 swarm ws: failed to load state for aaaabbbbcccc0002: sql: no rows in result set
2026/03/21 21:56:54 swarm ws: failed to load state for aaaabbbbcccc0001: sql: no rows in result set
2026/03/21 21:56:54 swarm ws: failed to load state for aaaabbbbcccc0002: sql: no rows in result set
2026/03/21 21:56:54 swarm ws: failed to load state for aaaabbbbcccc0002: sql: no rows in result set
2026/03/21 21:56:54 swarm ws: failed to load state for aaaabbbbcccc0002: sql: no rows in result set
2026/03/21 21:56:54 swarm ws: failed to load state for aaaabbbbcccc0002: sql: no rows in result set
2026/03/21 21:56:54 swarm ws: failed to load state for aaaabbbbcccc0001: sql: no rows in result set
2026/03/21 21:56:54 swarm ws: failed to load state for aaaabbbbcccc0001: sql: no rows in result set
2026/03/21 21:56:54 swarm ws: failed to load state for aaaabbbbcccc0001: sql: no rows in result set
2026/03/21 21:56:54 swarm ws: failed to load state for aaaabbbbcccc0001: sql: no rows in result set
2026/03/21 21:56:54 swarm ws: failed to load state for aaaabbbbcccc0002: sql: no rows in result set
2026/03/21 21:56:54 swarm ws: failed to load state for aaaabbbbcccc0001: sql: no rows in result set
2026/03/21 21:56:54 swarm ws: failed to load state for s10000000000: sql: no rows in result set
2026/03/21 21:56:54 swarm ws: failed to load state for s10000000000: sql: no rows in result set
2026/03/21 21:56:54 swarm ws: failed to load state for s10000000000: sql: no rows in result set
2026/03/21 21:56:54 swarm ws: failed to load state for s10000000000: sql: no rows in result set
2026/03/21 21:56:54 swarm ws: failed to load state for aaaabbbbcccc0001: sql: no rows in result set
2026/03/21 21:56:54 swarm ws: failed to load state for sess-x000000: sql: no rows in result set
2026/03/21 21:56:54 swarm ws: failed to load state for aaaabbbbcccc0002: sql: no rows in result set
2026/03/21 21:56:54 swarm ws: failed to load state for aaaabbbbcccc0001: sql: no rows in result set
2026/03/21 21:56:54 swarm ws: failed to load state for aaaabbbbcccc0001: sql: no rows in result set
2026/03/21 21:56:54 swarm ws: failed to load state for aaaabbbbcccc0002: sql: no rows in result set
2026/03/21 21:56:54 swarm ws: failed to load state for aaaabbbbcccc0001: sql: no rows in result set
2026/03/21 21:56:54 swarm ws: failed to load state for aaaabbbbcccc0001: sql: no rows in result set
2026/03/21 21:56:54 swarm ws: failed to load state for aaaabbbbcccc0001: sql: no rows in result set
2026/03/21 21:56:54 swarm ws: failed to load state for aaaabbbbcccc0002: sql: no rows in result set
2026/03/21 21:56:54 swarm ws: failed to load state for aaaabbbbcccc0001: sql: no rows in result set
2026/03/21 21:56:54 swarm ws: failed to load state for aaaabbbbcccc0002: sql: no rows in result set
2026/03/21 21:56:54 swarm ws: failed to load state for aaaabbbbcccc0002: sql: no rows in result set
2026/03/21 21:56:54 swarm ws: failed to load state for aaaabbbbcccc0001: sql: no rows in result set
2026/03/21 21:56:54 swarm ws: failed to load state for s30000000000: sql: no rows in result set
2026/03/21 21:56:54 swarm ws: failed to load state for s10000000000: sql: no rows in result set
2026/03/21 21:56:54 swarm ws: failed to load state for aaaabbbbcccc0002: sql: no rows in result set
2026/03/21 21:56:54 swarm ws: failed to load state for aaaabbbbcccc0001: sql: no rows in result set
2026/03/21 21:56:54 swarm ws: failed to load state for aaaabbbbcccc0001: sql: no rows in result set
2026/03/21 21:56:54 swarm ws: failed to load state for aaaabbbbcccc0002: sql: no rows in result set
2026/03/21 21:56:54 swarm ws: failed to load state for aaaabbbbcccc0002: sql: no rows in result set
2026/03/21 21:56:54 swarm ws: failed to load state for aaaabbbbcccc0001: sql: no rows in result set
2026/03/21 21:56:54 swarm ws: failed to load state for aaaabbbbcccc0002: sql: no rows in result set
2026/03/21 21:56:54 swarm ws: failed to load state for s10000000000: sql: no rows in result set
2026/03/21 21:56:54 swarm ws: failed to load state for aaaabbbbcccc0001: sql: no rows in result set
2026/03/21 21:56:54 swarm ws: failed to load state for aaaabbbbcccc0002: sql: no rows in result set
2026/03/21 21:56:54 swarm ws: failed to load state for aaaabbbbcccc0001: sql: no rows in result set
2026/03/21 21:56:54 swarm ws: failed to load state for aaaabbbbcccc0002: sql: no rows in result set
2026/03/21 21:56:54 swarm ws: failed to load state for aaaabbbbcccc0001: sql: no rows in result set
2026/03/21 21:56:54 swarm ws: failed to load state for aaaabbbbcccc0002: sql: no rows in result set
2026/03/21 21:56:54 swarm ws: failed to load state for aaaabbbbcccc0001: sql: no rows in result set
2026/03/21 21:56:54 swarm ws: failed to load state for aaaabbbbcccc0002: sql: no rows in result set
2026/03/21 21:56:54 swarm ws: failed to load state for aaaabbbbcccc0001: sql: no rows in result set
2026/03/21 21:56:54 swarm ws: failed to load state for aaaabbbbcccc0002: sql: no rows in result set
2026/03/21 21:56:54 swarm ws: failed to load state for aaaabbbbcccc0002: sql: no rows in result set
2026/03/21 21:56:54 swarm ws: failed to load state for aaaabbbbcccc0001: sql: no rows in result set
2026/03/21 21:56:54 swarm ws: failed to load state for aaaabbbbcccc0001: sql: no rows in result set
2026/03/21 21:56:54 swarm ws: failed to load state for aaaabbbbcccc0002: sql: no rows in result set
2026/03/21 21:56:54 swarm ws: failed to load state for aaaabbbbcccc0002: sql: no rows in result set
2026/03/21 21:56:54 swarm ws: failed to load state for aaaabbbbcccc0001: sql: no rows in result set
2026/03/21 21:56:54 swarm ws: failed to load state for aaaabbbbcccc0001: sql: no rows in result set
2026/03/21 21:56:54 swarm ws: failed to load state for aaaabbbbcccc0001: sql: no rows in result set
2026/03/21 21:56:54 swarm ws: failed to load state for s-gnav000000: sql: no rows in result set
2026/03/21 21:56:54 swarm ws: failed to load state for s10000000000: sql: no rows in result set
2026/03/21 21:56:54 swarm ws: failed to load state for aaaabbbbcccc0002: sql: no rows in result set
2026/03/21 21:56:54 swarm ws: failed to load state for aaaabbbbcccc0002: sql: no rows in result set
2026/03/21 21:56:54 swarm ws: failed to load state for aaaabbbbcccc0002: sql: no rows in result set
2026/03/21 21:56:54 swarm ws: failed to load state for s-goals00000: sql: no rows in result set
2026/03/21 21:56:54 swarm ws: failed to load state for s10000000000: sql: no rows in result set
2026/03/21 21:56:54 swarm ws: failed to load state for s20000000000: sql: no rows in result set
2026/03/21 21:56:54 swarm ws: failed to load state for aaaabbbbcccc0002: sql: no rows in result set
2026/03/21 21:56:54 swarm ws: failed to load state for aaaabbbbcccc0002: sql: no rows in result set
2026/03/21 21:56:54 swarm ws: failed to load state for aaaabbbbcccc0002: sql: no rows in result set
2026/03/21 21:56:54 swarm ws: failed to load state for aaaabbbbcccc0001: sql: no rows in result set
2026/03/21 21:57:21 swarm ws: failed to load state for aaaabbbbcccc0001: sql: no rows in result set
2026/03/21 21:57:21 swarm ws: failed to load state for aaaabbbbcccc0002: sql: no rows in result set
2026/03/21 21:57:21 swarm ws: failed to load state for s10000000000: sql: no rows in result set
2026/03/21 21:57:21 swarm ws: failed to load state for s10000000000: sql: no rows in result set
2026/03/21 21:57:21 swarm ws: failed to load state for s10000000000: sql: no rows in result set
2026/03/21 21:57:21 swarm ws: failed to load state for s10000000000: sql: no rows in result set
2026/03/21 21:57:21 swarm ws: failed to load state for s10000000000: sql: no rows in result set
2026/03/21 21:57:21 swarm ws: failed to load state for s10000000000: sql: no rows in result set
2026/03/21 21:57:21 swarm ws: failed to load state for aaaabbbbcccc0002: sql: no rows in result set
2026/03/21 21:57:21 swarm ws: failed to load state for aaaabbbbcccc0002: sql: no rows in result set
2026/03/21 21:57:21 swarm ws: failed to load state for aaaabbbbcccc0001: sql: no rows in result set
2026/03/21 21:57:21 swarm ws: failed to load state for aaaabbbbcccc0001: sql: no rows in result set
2026/03/21 21:57:21 swarm ws: failed to load state for s10000000000: sql: no rows in result set
2026/03/21 21:57:21 swarm ws: failed to load state for aaaabbbbcccc0002: sql: no rows in result set
2026/03/21 21:57:21 swarm ws: failed to load state for aaaabbbbcccc0001: sql: no rows in result set
2026/03/21 21:57:21 swarm ws: failed to load state for aaaabbbbcccc0002: sql: no rows in result set
2026/03/21 21:57:21 swarm ws: failed to load state for aaaabbbbcccc0001: sql: no rows in result set
2026/03/21 21:57:21 swarm ws: failed to load state for aaaabbbbcccc0001: sql: no rows in result set
2026/03/21 21:57:21 swarm ws: failed to load state for aaaabbbbcccc0002: sql: no rows in result set
2026/03/21 21:57:21 swarm ws: failed to load state for aaaabbbbcccc0002: sql: no rows in result set
2026/03/21 21:57:21 swarm ws: failed to load state for aaaabbbbcccc0002: sql: no rows in result set
2026/03/21 21:57:21 swarm ws: failed to load state for aaaabbbbcccc0001: sql: no rows in result set
2026/03/21 21:57:21 swarm ws: failed to load state for aaaabbbbcccc0002: sql: no rows in result set
2026/03/21 21:57:21 swarm ws: failed to load state for aaaabbbbcccc0001: sql: no rows in result set
2026/03/21 21:57:21 swarm ws: failed to load state for aaaabbbbcccc0001: sql: no rows in result set
2026/03/21 21:57:21 swarm ws: failed to load state for aaaabbbbcccc0001: sql: no rows in result set
2026/03/21 21:57:21 swarm ws: failed to load state for aaaabbbbcccc0001: sql: no rows in result set
2026/03/21 21:57:21 swarm ws: failed to load state for aaaabbbbcccc0002: sql: no rows in result set
2026/03/21 21:57:21 swarm ws: failed to load state for aaaabbbbcccc0002: sql: no rows in result set
2026/03/21 21:57:21 swarm ws: failed to load state for aaaabbbbcccc0001: sql: no rows in result set
2026/03/21 21:57:21 swarm ws: failed to load state for aaaabbbbcccc0002: sql: no rows in result set
2026/03/21 21:57:21 swarm ws: failed to load state for aaaabbbbcccc0002: sql: no rows in result set
2026/03/21 21:57:21 swarm ws: failed to load state for aaaabbbbcccc0001: sql: no rows in result set
2026/03/21 21:57:21 swarm ws: failed to load state for aaaabbbbcccc0001: sql: no rows in result set
2026/03/21 21:57:21 swarm ws: failed to load state for aaaabbbbcccc0002: sql: no rows in result set
2026/03/21 21:57:21 swarm ws: failed to load state for aaaabbbbcccc0001: sql: no rows in result set
2026/03/21 21:57:21 swarm ws: failed to load state for aaaabbbbcccc0001: sql: no rows in result set
2026/03/21 21:57:21 swarm ws: failed to load state for aaaabbbbcccc0002: sql: no rows in result set
2026/03/21 21:57:21 swarm ws: failed to load state for aaaabbbbcccc0001: sql: no rows in result set
2026/03/21 21:57:21 swarm ws: failed to load state for aaaabbbbcccc0001: sql: no rows in result set
2026/03/21 21:57:21 swarm ws: failed to load state for aaaabbbbcccc0002: sql: no rows in result set
2026/03/21 21:57:21 swarm ws: failed to load state for aaaabbbbcccc0002: sql: no rows in result set
2026/03/21 21:57:21 swarm ws: failed to load state for aaaabbbbcccc0002: sql: no rows in result set
2026/03/21 21:57:21 swarm ws: failed to load state for aaaabbbbcccc0002: sql: no rows in result set
2026/03/21 21:57:21 swarm ws: failed to load state for aaaabbbbcccc0001: sql: no rows in result set
2026/03/21 21:57:21 swarm ws: failed to load state for aaaabbbbcccc0002: sql: no rows in result set
2026/03/21 21:57:21 swarm ws: failed to load state for aaaabbbbcccc0001: sql: no rows in result set
2026/03/21 21:57:21 swarm ws: failed to load state for aaaabbbbcccc0001: sql: no rows in result set
2026/03/21 21:57:21 swarm ws: failed to load state for aaaabbbbcccc0002: sql: no rows in result set
2026/03/21 21:57:21 swarm ws: failed to load state for aaaabbbbcccc0002: sql: no rows in result set
2026/03/21 21:57:21 swarm ws: failed to load state for aaaabbbbcccc0001: sql: no rows in result set
2026/03/21 21:57:21 swarm ws: failed to load state for aaaabbbbcccc0002: sql: no rows in result set
2026/03/21 21:57:21 swarm ws: failed to load state for s10000000000: sql: no rows in result set
2026/03/21 21:57:21 swarm ws: failed to load state for s10000000000: sql: no rows in result set
2026/03/21 21:57:21 swarm ws: failed to load state for aaaabbbbcccc0001: sql: no rows in result set
2026/03/21 21:57:21 swarm ws: failed to load state for s10000000000: sql: no rows in result set
2026/03/21 21:57:21 swarm ws: failed to load state for s10000000000: sql: no rows in result set
2026/03/21 21:57:21 swarm ws: failed to load state for s10000000000: sql: no rows in result set
2026/03/21 21:57:21 swarm ws: failed to load state for s10000000000: sql: no rows in result set
2026/03/21 21:57:21 swarm ws: failed to load state for s10000000000: sql: no rows in result set
2026/03/21 21:57:21 swarm ws: failed to load state for aaaabbbbcccc0001: sql: no rows in result set
2026/03/21 21:57:21 swarm ws: failed to load state for aaaabbbbcccc0002: sql: no rows in result set
2026/03/21 21:57:21 swarm ws: failed to load state for aaaabbbbcccc0001: sql: no rows in result set
2026/03/21 21:57:21 swarm ws: failed to load state for aaaabbbbcccc0002: sql: no rows in result set
2026/03/21 21:57:21 swarm ws: failed to load state for aaaabbbbcccc0002: sql: no rows in result set
2026/03/21 21:57:21 swarm ws: failed to load state for aaaabbbbcccc0002: sql: no rows in result set
2026/03/21 21:57:21 swarm ws: failed to load state for aaaabbbbcccc0001: sql: no rows in result set
2026/03/21 21:57:21 swarm ws: failed to load state for aaaabbbbcccc0001: sql: no rows in result set
2026/03/21 21:57:21 swarm ws: failed to load state for aaaabbbbcccc0001: sql: no rows in result set
2026/03/21 21:57:21 swarm ws: failed to load state for aaaabbbbcccc0002: sql: no rows in result set
2026/03/21 21:57:21 swarm ws: failed to load state for aaaabbbbcccc0002: sql: no rows in result set
2026/03/21 21:57:21 swarm ws: failed to load state for aaaabbbbcccc0001: sql: no rows in result set
2026/03/21 21:57:21 swarm ws: failed to load state for s30000000000: sql: no rows in result set
2026/03/21 21:57:21 swarm ws: failed to load state for s20000000000: sql: no rows in result set
2026/03/21 21:57:21 swarm ws: failed to load state for s10000000000: sql: no rows in result set
2026/03/21 21:57:21 swarm ws: failed to load state for aaaabbbbcccc0001: sql: no rows in result set
2026/03/21 21:57:21 swarm ws: failed to load state for aaaabbbbcccc0002: sql: no rows in result set
2026/03/21 21:57:21 swarm ws: failed to load state for sess-x000000: sql: no rows in result set
2026/03/21 21:57:21 swarm ws: failed to load state for aaaabbbbcccc0001: sql: no rows in result set
2026/03/21 21:57:21 swarm ws: failed to load state for aaaabbbbcccc0001: sql: no rows in result set
2026/03/21 21:57:21 swarm ws: failed to load state for aaaabbbbcccc0002: sql: no rows in result set
2026/03/21 21:57:21 swarm ws: failed to load state for aaaabbbbcccc0002: sql: no rows in result set
2026/03/21 21:57:21 swarm ws: failed to load state for aaaabbbbcccc0002: sql: no rows in result set
2026/03/21 21:57:21 swarm ws: failed to load state for aaaabbbbcccc0001: sql: no rows in result set
2026/03/21 21:57:21 swarm ws: failed to load state for s-goals00000: sql: no rows in result set
2026/03/21 21:57:21 swarm ws: failed to load state for s-gnav000000: sql: no rows in result set
2026/03/21 21:57:21 swarm ws: failed to load state for aaaabbbbcccc0001: sql: no rows in result set
2026/03/21 21:57:22 swarm ws: failed to load state for aaaabbbbcccc0002: sql: no rows in result set
2026/03/21 21:57:22 swarm ws: failed to load state for aaaabbbbcccc0001: sql: no rows in result set
2026/03/21 21:57:22 swarm ws: failed to load state for aaaabbbbcccc0002: sql: no rows in result set
2026/03/21 21:57:22 swarm ws: failed to load state for aaaabbbbcccc0001: sql: no rows in result set
2026/03/21 21:57:22 swarm ws: failed to load state for aaaabbbbcccc0001: sql: no rows in result set
2026/03/21 21:57:22 swarm ws: failed to load state for aaaabbbbcccc0002: sql: no rows in result set
2026/03/21 21:57:22 swarm ws: failed to load state for aaaabbbbcccc0001: sql: no rows in result set
2026/03/21 21:57:22 swarm ws: failed to load state for aaaabbbbcccc0002: sql: no rows in result set
2026/03/21 21:57:22 swarm ws: failed to load state for aaaabbbbcccc0001: sql: no rows in result set
2026/03/21 21:57:22 swarm ws: failed to load state for aaaabbbbcccc0002: sql: no rows in result set
2026/03/21 21:57:22 swarm ws: failed to load state for aaaabbbbcccc0001: sql: no rows in result set
2026/03/21 21:57:22 swarm ws: failed to load state for aaaabbbbcccc0002: sql: no rows in result set
2026/03/21 21:57:22 swarm ws: failed to load state for aaaabbbbcccc0002: sql: no rows in result set
2026/03/21 21:57:31 swarm ws: failed to load state for aaaabbbbcccc0002: sql: no rows in result set
2026/03/21 21:57:31 swarm ws: failed to load state for aaaabbbbcccc0001: sql: no rows in result set
2026/03/21 21:57:31 swarm ws: failed to load state for s10000000000: sql: no rows in result set
2026/03/21 21:57:31 swarm ws: failed to load state for s10000000000: sql: no rows in result set
2026/03/21 21:57:31 swarm ws: failed to load state for s10000000000: sql: no rows in result set
2026/03/21 21:57:31 swarm ws: failed to load state for s10000000000: sql: no rows in result set
2026/03/21 21:57:31 swarm ws: failed to load state for aaaabbbbcccc0002: sql: no rows in result set
2026/03/21 21:57:31 swarm ws: failed to load state for s10000000000: sql: no rows in result set
2026/03/21 21:57:31 swarm ws: failed to load state for s10000000000: sql: no rows in result set
2026/03/21 21:57:31 swarm ws: failed to load state for s10000000000: sql: no rows in result set
2026/03/21 21:57:31 swarm ws: failed to load state for aaaabbbbcccc0001: sql: no rows in result set
2026/03/21 21:57:31 swarm ws: failed to load state for aaaabbbbcccc0001: sql: no rows in result set
2026/03/21 21:57:31 swarm ws: failed to load state for aaaabbbbcccc0002: sql: no rows in result set
2026/03/21 21:57:31 swarm ws: failed to load state for aaaabbbbcccc0001: sql: no rows in result set
2026/03/21 21:57:31 swarm ws: failed to load state for aaaabbbbcccc0002: sql: no rows in result set
2026/03/21 21:57:31 swarm ws: failed to load state for aaaabbbbcccc0001: sql: no rows in result set
2026/03/21 21:57:31 swarm ws: failed to load state for aaaabbbbcccc0001: sql: no rows in result set
2026/03/21 21:57:31 swarm ws: failed to load state for aaaabbbbcccc0001: sql: no rows in result set
2026/03/21 21:57:31 swarm ws: failed to load state for aaaabbbbcccc0002: sql: no rows in result set
2026/03/21 21:57:31 swarm ws: failed to load state for aaaabbbbcccc0002: sql: no rows in result set
2026/03/21 21:57:31 swarm ws: failed to load state for aaaabbbbcccc0002: sql: no rows in result set
2026/03/21 21:57:31 swarm ws: failed to load state for aaaabbbbcccc0001: sql: no rows in result set
2026/03/21 21:57:31 swarm ws: failed to load state for aaaabbbbcccc0002: sql: no rows in result set
2026/03/21 21:57:31 swarm ws: failed to load state for aaaabbbbcccc0002: sql: no rows in result set
2026/03/21 21:57:31 swarm ws: failed to load state for aaaabbbbcccc0001: sql: no rows in result set
2026/03/21 21:57:31 swarm ws: failed to load state for aaaabbbbcccc0001: sql: no rows in result set
2026/03/21 21:57:31 swarm ws: failed to load state for aaaabbbbcccc0002: sql: no rows in result set
2026/03/21 21:57:31 swarm ws: failed to load state for aaaabbbbcccc0002: sql: no rows in result set
2026/03/21 21:57:31 swarm ws: failed to load state for aaaabbbbcccc0001: sql: no rows in result set
2026/03/21 21:57:31 swarm ws: failed to load state for aaaabbbbcccc0001: sql: no rows in result set
2026/03/21 21:57:31 swarm ws: failed to load state for aaaabbbbcccc0001: sql: no rows in result set
2026/03/21 21:57:31 swarm ws: failed to load state for aaaabbbbcccc0002: sql: no rows in result set
2026/03/21 21:57:31 swarm ws: failed to load state for aaaabbbbcccc0002: sql: no rows in result set
2026/03/21 21:57:31 swarm ws: failed to load state for aaaabbbbcccc0002: sql: no rows in result set
2026/03/21 21:57:31 swarm ws: failed to load state for aaaabbbbcccc0002: sql: no rows in result set
2026/03/21 21:57:31 swarm ws: failed to load state for aaaabbbbcccc0002: sql: no rows in result set
2026/03/21 21:57:31 swarm ws: failed to load state for aaaabbbbcccc0002: sql: no rows in result set
2026/03/21 21:57:31 swarm ws: failed to load state for aaaabbbbcccc0001: sql: no rows in result set
2026/03/21 21:57:31 swarm ws: failed to load state for s10000000000: sql: no rows in result set
2026/03/21 21:57:31 swarm ws: failed to load state for s10000000000: sql: no rows in result set
2026/03/21 21:57:31 swarm ws: failed to load state for aaaabbbbcccc0002: sql: no rows in result set
2026/03/21 21:57:31 swarm ws: failed to load state for aaaabbbbcccc0001: sql: no rows in result set
2026/03/21 21:57:31 swarm ws: failed to load state for aaaabbbbcccc0002: sql: no rows in result set
2026/03/21 21:57:31 swarm ws: failed to load state for s10000000000: sql: no rows in result set
2026/03/21 21:57:31 swarm ws: failed to load state for s10000000000: sql: no rows in result set
2026/03/21 21:57:31 swarm ws: failed to load state for s10000000000: sql: no rows in result set
2026/03/21 21:57:31 swarm ws: failed to load state for aaaabbbbcccc0002: sql: no rows in result set
2026/03/21 21:57:31 swarm ws: failed to load state for s10000000000: sql: no rows in result set
2026/03/21 21:57:31 swarm ws: failed to load state for aaaabbbbcccc0001: sql: no rows in result set
2026/03/21 21:57:31 swarm ws: failed to load state for aaaabbbbcccc0002: sql: no rows in result set
2026/03/21 21:57:31 swarm ws: failed to load state for aaaabbbbcccc0001: sql: no rows in result set
2026/03/21 21:57:31 swarm ws: failed to load state for aaaabbbbcccc0002: sql: no rows in result set
2026/03/21 21:57:31 swarm ws: failed to load state for aaaabbbbcccc0001: sql: no rows in result set
2026/03/21 21:57:31 swarm ws: failed to load state for aaaabbbbcccc0002: sql: no rows in result set
2026/03/21 21:57:31 swarm ws: failed to load state for aaaabbbbcccc0001: sql: no rows in result set
2026/03/21 21:57:31 swarm ws: failed to load state for aaaabbbbcccc0001: sql: no rows in result set
2026/03/21 21:57:31 swarm ws: failed to load state for aaaabbbbcccc0001: sql: no rows in result set
2026/03/21 21:57:31 swarm ws: failed to load state for aaaabbbbcccc0001: sql: no rows in result set
2026/03/21 21:57:31 swarm ws: failed to load state for aaaabbbbcccc0002: sql: no rows in result set
2026/03/21 21:57:31 swarm ws: failed to load state for aaaabbbbcccc0002: sql: no rows in result set
2026/03/21 21:57:31 swarm ws: failed to load state for s10000000000: sql: no rows in result set
2026/03/21 21:57:31 swarm ws: failed to load state for aaaabbbbcccc0001: sql: no rows in result set
2026/03/21 21:57:31 swarm ws: failed to load state for aaaabbbbcccc0002: sql: no rows in result set
2026/03/21 21:57:31 swarm ws: failed to load state for aaaabbbbcccc0001: sql: no rows in result set
2026/03/21 21:57:31 swarm ws: failed to load state for aaaabbbbcccc0001: sql: no rows in result set
2026/03/21 21:57:31 swarm ws: failed to load state for aaaabbbbcccc0001: sql: no rows in result set
2026/03/21 21:57:31 swarm ws: failed to load state for aaaabbbbcccc0001: sql: no rows in result set
2026/03/21 21:57:31 swarm ws: failed to load state for aaaabbbbcccc0002: sql: no rows in result set
2026/03/21 21:57:31 swarm ws: failed to load state for aaaabbbbcccc0002: sql: no rows in result set
2026/03/21 21:57:31 swarm ws: failed to load state for aaaabbbbcccc0001: sql: no rows in result set
2026/03/21 21:57:31 swarm ws: failed to load state for aaaabbbbcccc0002: sql: no rows in result set
2026/03/21 21:57:31 swarm ws: failed to load state for aaaabbbbcccc0001: sql: no rows in result set
2026/03/21 21:57:31 swarm ws: failed to load state for s20000000000: sql: no rows in result set
2026/03/21 21:57:31 swarm ws: failed to load state for s30000000000: sql: no rows in result set
2026/03/21 21:57:31 swarm ws: failed to load state for s10000000000: sql: no rows in result set
2026/03/21 21:57:31 swarm ws: failed to load state for aaaabbbbcccc0002: sql: no rows in result set
2026/03/21 21:57:31 swarm ws: failed to load state for sess-x000000: sql: no rows in result set
2026/03/21 21:57:31 swarm ws: failed to load state for aaaabbbbcccc0001: sql: no rows in result set
2026/03/21 21:57:31 swarm ws: failed to load state for s-goals00000: sql: no rows in result set
2026/03/21 21:57:31 swarm ws: failed to load state for aaaabbbbcccc0001: sql: no rows in result set
2026/03/21 21:57:31 swarm ws: failed to load state for aaaabbbbcccc0002: sql: no rows in result set
2026/03/21 21:57:31 swarm ws: failed to load state for aaaabbbbcccc0002: sql: no rows in result set
2026/03/21 21:57:31 swarm ws: failed to load state for aaaabbbbcccc0001: sql: no rows in result set
2026/03/21 21:57:31 swarm ws: failed to load state for aaaabbbbcccc0001: sql: no rows in result set
2026/03/21 21:57:31 swarm ws: failed to load state for s-gnav000000: sql: no rows in result set
2026/03/21 21:57:31 swarm ws: failed to load state for aaaabbbbcccc0002: sql: no rows in result set
2026/03/21 21:57:32 swarm ws: failed to load state for aaaabbbbcccc0001: sql: no rows in result set
2026/03/21 21:57:32 swarm ws: failed to load state for aaaabbbbcccc0001: sql: no rows in result set
2026/03/21 21:57:32 swarm ws: failed to load state for aaaabbbbcccc0002: sql: no rows in result set
2026/03/21 21:57:32 swarm ws: failed to load state for aaaabbbbcccc0001: sql: no rows in result set
2026/03/21 21:57:32 swarm ws: failed to load state for aaaabbbbcccc0002: sql: no rows in result set
2026/03/21 21:57:32 swarm ws: failed to load state for aaaabbbbcccc0001: sql: no rows in result set
2026/03/21 21:57:32 swarm ws: failed to load state for aaaabbbbcccc0002: sql: no rows in result set
2026/03/21 21:57:32 swarm ws: failed to load state for aaaabbbbcccc0002: sql: no rows in result set
2026/03/21 21:57:32 swarm ws: failed to load state for aaaabbbbcccc0001: sql: no rows in result set
2026/03/21 21:57:32 swarm ws: failed to load state for aaaabbbbcccc0002: sql: no rows in result set
2026/03/21 21:57:32 swarm ws: failed to load state for aaaabbbbcccc0002: sql: no rows in result set
2026/03/21 21:57:32 swarm ws: failed to load state for aaaabbbbcccc0001: sql: no rows in result set
2026/03/21 21:57:32 swarm ws: failed to load state for aaaabbbbcccc0001: sql: no rows in result set
2026/03/21 21:57:32 swarm ws: failed to load state for aaaabbbbcccc0002: sql: no rows in result set
2026/03/21 21:57:32 swarm ws: failed to load state for aaaabbbbcccc0001: sql: no rows in result set
2026/03/21 21:57:32 swarm ws: failed to load state for aaaabbbbcccc0001: sql: no rows in result set
2026/03/21 21:57:32 swarm ws: failed to load state for aaaabbbbcccc0002: sql: no rows in result set
2026/03/21 21:57:32 swarm ws: failed to load state for aaaabbbbcccc0001: sql: no rows in result set
2026/03/21 21:57:32 swarm ws: failed to load state for aaaabbbbcccc0002: sql: no rows in result set
2026/03/21 21:57:32 swarm ws: failed to load state for aaaabbbbcccc0002: sql: no rows in result set
2026/03/21 21:59:46 swarm/plane: cached 50 work queue items for project 1974b497
2026/03/21 21:59:47 swarm/plane: cached 100 work queue items for project 1974b497
2026/03/21 21:59:58 swarm/plane: cached 100 work queue items for project 1974b497
2026/03/21 22:00:58 swarm/plane: cached 100 work queue items for project 1974b497
2026/03/21 22:01:58 swarm/plane: cached 100 work queue items for project 1974b497
2026/03/21 22:02:58 swarm/plane: cached 100 work queue items for project 1974b497
2026/03/21 22:03:58 swarm/plane: cached 100 work queue items for project 1974b497
2026/03/21 22:04:58 swarm/plane: cached 100 work queue items for project 1974b497
2026/03/21 22:05:58 swarm/plane: cached 100 work queue items for project 1974b497
2026/03/21 22:06:58 swarm/plane: cached 100 work queue items for project 1974b497
2026/03/21 22:07:58 swarm/plane: cached 100 work queue items for project 1974b497
2026/03/21 22:08:58 swarm/plane: cached 100 work queue items for project 1974b497
2026/03/21 22:09:58 swarm/plane: cached 100 work queue items for project 1974b497
2026/03/21 22:10:58 swarm/plane: cached 100 work queue items for project 1974b497
2026/03/21 22:11:58 swarm/plane: cached 100 work queue items for project 1974b497
2026/03/21 22:12:58 swarm/plane: cached 100 work queue items for project 1974b497
2026/03/21 22:13:24 swarm ws: failed to load state for aaaabbbbcccc0002: sql: no rows in result set
2026/03/21 22:13:24 swarm ws: failed to load state for aaaabbbbcccc0001: sql: no rows in result set
2026/03/21 22:13:24 swarm ws: failed to load state for s10000000000: sql: no rows in result set
2026/03/21 22:13:24 swarm ws: failed to load state for s10000000000: sql: no rows in result set
2026/03/21 22:13:24 swarm ws: failed to load state for s10000000000: sql: no rows in result set
2026/03/21 22:13:24 swarm ws: failed to load state for s10000000000: sql: no rows in result set
2026/03/21 22:13:24 swarm ws: failed to load state for s10000000000: sql: no rows in result set
2026/03/21 22:13:24 swarm ws: failed to load state for aaaabbbbcccc0001: sql: no rows in result set
2026/03/21 22:13:24 swarm ws: failed to load state for s10000000000: sql: no rows in result set
2026/03/21 22:13:24 swarm ws: failed to load state for s10000000000: sql: no rows in result set
2026/03/21 22:13:24 swarm ws: failed to load state for aaaabbbbcccc0001: sql: no rows in result set
2026/03/21 22:13:24 swarm ws: failed to load state for aaaabbbbcccc0002: sql: no rows in result set
2026/03/21 22:13:24 swarm ws: failed to load state for aaaabbbbcccc0001: sql: no rows in result set
2026/03/21 22:13:24 swarm ws: failed to load state for aaaabbbbcccc0002: sql: no rows in result set
2026/03/21 22:13:24 swarm ws: failed to load state for aaaabbbbcccc0001: sql: no rows in result set
2026/03/21 22:13:24 swarm ws: failed to load state for aaaabbbbcccc0002: sql: no rows in result set
2026/03/21 22:13:24 swarm ws: failed to load state for aaaabbbbcccc0002: sql: no rows in result set
2026/03/21 22:13:24 swarm ws: failed to load state for aaaabbbbcccc0001: sql: no rows in result set
2026/03/21 22:13:24 swarm ws: failed to load state for aaaabbbbcccc0002: sql: no rows in result set
2026/03/21 22:13:24 swarm ws: failed to load state for aaaabbbbcccc0001: sql: no rows in result set
2026/03/21 22:13:24 swarm ws: failed to load state for aaaabbbbcccc0001: sql: no rows in result set
2026/03/21 22:13:24 swarm ws: failed to load state for aaaabbbbcccc0002: sql: no rows in result set
2026/03/21 22:13:24 swarm ws: failed to load state for aaaabbbbcccc0001: sql: no rows in result set
2026/03/21 22:13:24 swarm ws: failed to load state for aaaabbbbcccc0001: sql: no rows in result set
2026/03/21 22:13:24 swarm ws: failed to load state for aaaabbbbcccc0001: sql: no rows in result set
2026/03/21 22:13:24 swarm ws: failed to load state for aaaabbbbcccc0002: sql: no rows in result set
2026/03/21 22:13:24 swarm ws: failed to load state for aaaabbbbcccc0001: sql: no rows in result set
2026/03/21 22:13:24 swarm ws: failed to load state for aaaabbbbcccc0002: sql: no rows in result set
2026/03/21 22:13:24 swarm ws: failed to load state for aaaabbbbcccc0001: sql: no rows in result set
2026/03/21 22:13:24 swarm ws: failed to load state for aaaabbbbcccc0002: sql: no rows in result set
2026/03/21 22:13:24 swarm ws: failed to load state for aaaabbbbcccc0002: sql: no rows in result set
2026/03/21 22:13:24 swarm ws: failed to load state for aaaabbbbcccc0002: sql: no rows in result set
2026/03/21 22:13:24 swarm ws: failed to load state for aaaabbbbcccc0002: sql: no rows in result set
2026/03/21 22:13:24 swarm ws: failed to load state for aaaabbbbcccc0002: sql: no rows in result set
2026/03/21 22:13:24 swarm ws: failed to load state for aaaabbbbcccc0001: sql: no rows in result set
2026/03/21 22:13:24 swarm ws: failed to load state for aaaabbbbcccc0001: sql: no rows in result set
2026/03/21 22:13:24 swarm ws: failed to load state for aaaabbbbcccc0002: sql: no rows in result set
2026/03/21 22:13:24 swarm ws: failed to load state for aaaabbbbcccc0001: sql: no rows in result set
2026/03/21 22:13:24 swarm ws: failed to load state for aaaabbbbcccc0002: sql: no rows in result set
2026/03/21 22:13:24 swarm ws: failed to load state for aaaabbbbcccc0001: sql: no rows in result set
2026/03/21 22:13:24 swarm ws: failed to load state for aaaabbbbcccc0001: sql: no rows in result set
2026/03/21 22:13:24 swarm ws: failed to load state for aaaabbbbcccc0002: sql: no rows in result set
2026/03/21 22:13:24 swarm ws: failed to load state for aaaabbbbcccc0002: sql: no rows in result set
2026/03/21 22:13:24 swarm ws: failed to load state for aaaabbbbcccc0001: sql: no rows in result set
2026/03/21 22:13:24 swarm ws: failed to load state for aaaabbbbcccc0002: sql: no rows in result set
2026/03/21 22:13:24 swarm ws: failed to load state for aaaabbbbcccc0001: sql: no rows in result set
2026/03/21 22:13:24 swarm ws: failed to load state for aaaabbbbcccc0002: sql: no rows in result set
2026/03/21 22:13:24 swarm ws: failed to load state for aaaabbbbcccc0002: sql: no rows in result set
2026/03/21 22:13:24 swarm ws: failed to load state for aaaabbbbcccc0002: sql: no rows in result set
2026/03/21 22:13:24 swarm ws: failed to load state for aaaabbbbcccc0002: sql: no rows in result set
2026/03/21 22:13:24 swarm ws: failed to load state for aaaabbbbcccc0001: sql: no rows in result set
2026/03/21 22:13:24 swarm ws: failed to load state for aaaabbbbcccc0001: sql: no rows in result set
2026/03/21 22:13:24 swarm ws: failed to load state for s10000000000: sql: no rows in result set
2026/03/21 22:13:24 swarm ws: failed to load state for s10000000000: sql: no rows in result set
2026/03/21 22:13:24 swarm ws: failed to load state for s10000000000: sql: no rows in result set
2026/03/21 22:13:24 swarm ws: failed to load state for s10000000000: sql: no rows in result set
2026/03/21 22:13:24 swarm ws: failed to load state for aaaabbbbcccc0001: sql: no rows in result set
2026/03/21 22:13:24 swarm ws: failed to load state for s10000000000: sql: no rows in result set
2026/03/21 22:13:24 swarm ws: failed to load state for s10000000000: sql: no rows in result set
2026/03/21 22:13:24 swarm ws: failed to load state for s10000000000: sql: no rows in result set
2026/03/21 22:13:24 swarm ws: failed to load state for aaaabbbbcccc0001: sql: no rows in result set
2026/03/21 22:13:24 swarm ws: failed to load state for aaaabbbbcccc0002: sql: no rows in result set
2026/03/21 22:13:24 swarm ws: failed to load state for aaaabbbbcccc0002: sql: no rows in result set
2026/03/21 22:13:24 swarm ws: failed to load state for aaaabbbbcccc0001: sql: no rows in result set
2026/03/21 22:13:24 swarm ws: failed to load state for aaaabbbbcccc0002: sql: no rows in result set
2026/03/21 22:13:24 swarm ws: failed to load state for aaaabbbbcccc0001: sql: no rows in result set
2026/03/21 22:13:24 swarm ws: failed to load state for aaaabbbbcccc0002: sql: no rows in result set
2026/03/21 22:13:24 swarm ws: failed to load state for aaaabbbbcccc0001: sql: no rows in result set
2026/03/21 22:13:24 swarm ws: failed to load state for aaaabbbbcccc0002: sql: no rows in result set
2026/03/21 22:13:24 swarm ws: failed to load state for aaaabbbbcccc0001: sql: no rows in result set
2026/03/21 22:13:24 swarm ws: failed to load state for aaaabbbbcccc0001: sql: no rows in result set
2026/03/21 22:13:24 swarm ws: failed to load state for aaaabbbbcccc0002: sql: no rows in result set
2026/03/21 22:13:24 swarm ws: failed to load state for s20000000000: sql: no rows in result set
2026/03/21 22:13:24 swarm ws: failed to load state for s10000000000: sql: no rows in result set
2026/03/21 22:13:24 swarm ws: failed to load state for s30000000000: sql: no rows in result set
2026/03/21 22:13:24 swarm ws: failed to load state for sess-x000000: sql: no rows in result set
2026/03/21 22:13:24 swarm ws: failed to load state for aaaabbbbcccc0001: sql: no rows in result set
2026/03/21 22:13:24 swarm ws: failed to load state for aaaabbbbcccc0002: sql: no rows in result set
2026/03/21 22:13:24 swarm ws: failed to load state for aaaabbbbcccc0002: sql: no rows in result set
2026/03/21 22:13:24 swarm ws: failed to load state for aaaabbbbcccc0001: sql: no rows in result set
2026/03/21 22:13:24 swarm ws: failed to load state for aaaabbbbcccc0001: sql: no rows in result set
2026/03/21 22:13:24 swarm ws: failed to load state for aaaabbbbcccc0002: sql: no rows in result set
2026/03/21 22:13:24 swarm ws: failed to load state for s-goals00000: sql: no rows in result set
2026/03/21 22:13:24 swarm ws: failed to load state for aaaabbbbcccc0002: sql: no rows in result set
2026/03/21 22:13:24 swarm ws: failed to load state for aaaabbbbcccc0001: sql: no rows in result set
2026/03/21 22:13:24 swarm ws: failed to load state for s-gnav000000: sql: no rows in result set
2026/03/21 22:13:24 swarm ws: failed to load state for aaaabbbbcccc0001: sql: no rows in result set
2026/03/21 22:13:24 swarm ws: failed to load state for aaaabbbbcccc0001: sql: no rows in result set
2026/03/21 22:13:24 swarm ws: failed to load state for aaaabbbbcccc0001: sql: no rows in result set
2026/03/21 22:13:24 swarm ws: failed to load state for aaaabbbbcccc0001: sql: no rows in result set
2026/03/21 22:13:24 swarm ws: failed to load state for aaaabbbbcccc0002: sql: no rows in result set
2026/03/21 22:13:24 swarm ws: failed to load state for aaaabbbbcccc0002: sql: no rows in result set
2026/03/21 22:13:24 swarm ws: failed to load state for aaaabbbbcccc0002: sql: no rows in result set
2026/03/21 22:13:24 swarm ws: failed to load state for aaaabbbbcccc0002: sql: no rows in result set
2026/03/21 22:13:24 swarm ws: failed to load state for aaaabbbbcccc0001: sql: no rows in result set
2026/03/21 22:13:24 swarm ws: failed to load state for aaaabbbbcccc0002: sql: no rows in result set
2026/03/21 22:13:24 swarm ws: failed to load state for aaaabbbbcccc0002: sql: no rows in result set
2026/03/21 22:13:24 swarm ws: failed to load state for aaaabbbbcccc0001: sql: no rows in result set
2026/03/21 22:13:24 swarm ws: failed to load state for aaaabbbbcccc0002: sql: no rows in result set
2026/03/21 22:13:24 swarm ws: failed to load state for aaaabbbbcccc0001: sql: no rows in result set
2026/03/21 22:13:24 swarm ws: failed to load state for aaaabbbbcccc0002: sql: no rows in result set
2026/03/21 22:13:24 swarm ws: failed to load state for aaaabbbbcccc0001: sql: no rows in result set
2026/03/21 22:13:24 swarm ws: failed to load state for aaaabbbbcccc0002: sql: no rows in result set
2026/03/21 22:13:24 swarm ws: failed to load state for aaaabbbbcccc0001: sql: no rows in result set
2026/03/21 22:13:24 swarm ws: failed to load state for aaaabbbbcccc0001: sql: no rows in result set
2026/03/21 22:13:24 swarm ws: failed to load state for aaaabbbbcccc0002: sql: no rows in result set
2026/03/21 22:13:58 swarm/plane: cached 100 work queue items for project 1974b497
2026/03/21 22:14:58 swarm/plane: cached 100 work queue items for project 1974b497
2026/03/21 22:15:58 swarm/plane: cached 100 work queue items for project 1974b497
2026/03/21 22:16:58 swarm/plane: cached 100 work queue items for project 1974b497
2026/03/21 22:17:29 swarm ws: failed to load state for s10000000000: sql: no rows in result set
2026/03/21 22:17:29 swarm ws: failed to load state for aaaabbbbcccc0002: sql: no rows in result set
2026/03/21 22:17:29 swarm ws: failed to load state for s10000000000: sql: no rows in result set
2026/03/21 22:17:29 swarm ws: failed to load state for s10000000000: sql: no rows in result set
2026/03/21 22:17:29 swarm ws: failed to load state for aaaabbbbcccc0001: sql: no rows in result set
2026/03/21 22:17:29 swarm ws: failed to load state for s10000000000: sql: no rows in result set
2026/03/21 22:17:29 swarm ws: failed to load state for s10000000000: sql: no rows in result set
2026/03/21 22:17:29 swarm ws: failed to load state for aaaabbbbcccc0001: sql: no rows in result set
2026/03/21 22:17:29 swarm ws: failed to load state for s10000000000: sql: no rows in result set
2026/03/21 22:17:29 swarm ws: failed to load state for s10000000000: sql: no rows in result set
2026/03/21 22:17:29 swarm ws: failed to load state for aaaabbbbcccc0002: sql: no rows in result set
2026/03/21 22:17:29 swarm ws: failed to load state for aaaabbbbcccc0001: sql: no rows in result set
2026/03/21 22:17:29 swarm ws: failed to load state for aaaabbbbcccc0002: sql: no rows in result set
2026/03/21 22:17:29 swarm ws: failed to load state for s10000000000: sql: no rows in result set
2026/03/21 22:17:29 swarm ws: failed to load state for s30000000000: sql: no rows in result set
2026/03/21 22:17:29 swarm ws: failed to load state for s20000000000: sql: no rows in result set
2026/03/21 22:17:29 swarm ws: failed to load state for s10000000000: sql: no rows in result set
2026/03/21 22:17:29 swarm ws: failed to load state for s10000000000: sql: no rows in result set
2026/03/21 22:17:29 swarm ws: failed to load state for s10000000000: sql: no rows in result set
2026/03/21 22:17:29 swarm ws: failed to load state for aaaabbbbcccc0001: sql: no rows in result set
2026/03/21 22:17:29 swarm ws: failed to load state for aaaabbbbcccc0002: sql: no rows in result set
2026/03/21 22:17:29 swarm ws: failed to load state for aaaabbbbcccc0001: sql: no rows in result set
2026/03/21 22:17:29 swarm ws: failed to load state for aaaabbbbcccc0002: sql: no rows in result set
2026/03/21 22:17:29 swarm ws: failed to load state for aaaabbbbcccc0002: sql: no rows in result set
2026/03/21 22:17:29 swarm ws: failed to load state for aaaabbbbcccc0002: sql: no rows in result set
2026/03/21 22:17:29 swarm ws: failed to load state for aaaabbbbcccc0002: sql: no rows in result set
2026/03/21 22:17:29 swarm ws: failed to load state for aaaabbbbcccc0001: sql: no rows in result set
2026/03/21 22:17:29 swarm ws: failed to load state for aaaabbbbcccc0001: sql: no rows in result set
2026/03/21 22:17:29 swarm ws: failed to load state for aaaabbbbcccc0001: sql: no rows in result set
2026/03/21 22:17:29 swarm ws: failed to load state for aaaabbbbcccc0001: sql: no rows in result set
2026/03/21 22:17:29 swarm ws: failed to load state for aaaabbbbcccc0001: sql: no rows in result set
2026/03/21 22:17:29 swarm ws: failed to load state for aaaabbbbcccc0002: sql: no rows in result set
2026/03/21 22:17:29 swarm ws: failed to load state for aaaabbbbcccc0002: sql: no rows in result set
2026/03/21 22:17:29 swarm ws: failed to load state for aaaabbbbcccc0001: sql: no rows in result set
2026/03/21 22:17:29 swarm ws: failed to load state for aaaabbbbcccc0002: sql: no rows in result set
2026/03/21 22:17:29 swarm ws: failed to load state for aaaabbbbcccc0001: sql: no rows in result set
2026/03/21 22:17:29 swarm ws: failed to load state for aaaabbbbcccc0002: sql: no rows in result set
2026/03/21 22:17:29 swarm ws: failed to load state for aaaabbbbcccc0002: sql: no rows in result set
2026/03/21 22:17:29 swarm ws: failed to load state for aaaabbbbcccc0001: sql: no rows in result set
2026/03/21 22:17:29 swarm ws: failed to load state for aaaabbbbcccc0002: sql: no rows in result set
2026/03/21 22:17:29 swarm ws: failed to load state for aaaabbbbcccc0001: sql: no rows in result set
2026/03/21 22:17:29 swarm ws: failed to load state for aaaabbbbcccc0002: sql: no rows in result set
2026/03/21 22:17:29 swarm ws: failed to load state for aaaabbbbcccc0002: sql: no rows in result set
2026/03/21 22:17:29 swarm ws: failed to load state for aaaabbbbcccc0001: sql: no rows in result set
2026/03/21 22:17:29 swarm ws: failed to load state for aaaabbbbcccc0001: sql: no rows in result set
2026/03/21 22:17:29 swarm ws: failed to load state for aaaabbbbcccc0001: sql: no rows in result set
2026/03/21 22:17:29 swarm ws: failed to load state for aaaabbbbcccc0001: sql: no rows in result set
2026/03/21 22:17:29 swarm ws: failed to load state for aaaabbbbcccc0002: sql: no rows in result set
2026/03/21 22:17:29 swarm ws: failed to load state for aaaabbbbcccc0002: sql: no rows in result set
2026/03/21 22:17:29 swarm ws: failed to load state for aaaabbbbcccc0001: sql: no rows in result set
2026/03/21 22:17:29 swarm ws: failed to load state for aaaabbbbcccc0001: sql: no rows in result set
2026/03/21 22:17:29 swarm ws: failed to load state for aaaabbbbcccc0002: sql: no rows in result set
2026/03/21 22:17:29 swarm ws: failed to load state for aaaabbbbcccc0001: sql: no rows in result set
2026/03/21 22:17:29 swarm ws: failed to load state for aaaabbbbcccc0002: sql: no rows in result set
2026/03/21 22:17:29 swarm ws: failed to load state for aaaabbbbcccc0001: sql: no rows in result set
2026/03/21 22:17:29 swarm ws: failed to load state for aaaabbbbcccc0002: sql: no rows in result set
2026/03/21 22:17:29 swarm ws: failed to load state for aaaabbbbcccc0002: sql: no rows in result set
2026/03/21 22:17:29 swarm ws: failed to load state for aaaabbbbcccc0001: sql: no rows in result set
2026/03/21 22:17:29 swarm ws: failed to load state for aaaabbbbcccc0001: sql: no rows in result set
2026/03/21 22:17:29 swarm ws: failed to load state for aaaabbbbcccc0002: sql: no rows in result set
2026/03/21 22:17:29 swarm ws: failed to load state for aaaabbbbcccc0002: sql: no rows in result set
2026/03/21 22:17:29 swarm ws: failed to load state for aaaabbbbcccc0002: sql: no rows in result set
2026/03/21 22:17:29 swarm ws: failed to load state for aaaabbbbcccc0002: sql: no rows in result set
2026/03/21 22:17:29 swarm ws: failed to load state for aaaabbbbcccc0001: sql: no rows in result set
2026/03/21 22:17:29 swarm ws: failed to load state for aaaabbbbcccc0001: sql: no rows in result set
2026/03/21 22:17:29 swarm ws: failed to load state for aaaabbbbcccc0002: sql: no rows in result set
2026/03/21 22:17:29 swarm ws: failed to load state for aaaabbbbcccc0001: sql: no rows in result set
2026/03/21 22:17:29 swarm ws: failed to load state for aaaabbbbcccc0001: sql: no rows in result set
2026/03/21 22:17:29 swarm ws: failed to load state for aaaabbbbcccc0002: sql: no rows in result set
2026/03/21 22:17:29 swarm ws: failed to load state for aaaabbbbcccc0001: sql: no rows in result set
2026/03/21 22:17:29 swarm ws: failed to load state for aaaabbbbcccc0002: sql: no rows in result set
2026/03/21 22:17:29 swarm ws: failed to load state for aaaabbbbcccc0002: sql: no rows in result set
2026/03/21 22:17:29 swarm ws: failed to load state for aaaabbbbcccc0001: sql: no rows in result set
2026/03/21 22:17:29 swarm ws: failed to load state for aaaabbbbcccc0002: sql: no rows in result set
2026/03/21 22:17:29 swarm ws: failed to load state for aaaabbbbcccc0001: sql: no rows in result set
2026/03/21 22:17:29 swarm ws: failed to load state for aaaabbbbcccc0002: sql: no rows in result set
2026/03/21 22:17:29 swarm ws: failed to load state for aaaabbbbcccc0002: sql: no rows in result set
2026/03/21 22:17:29 swarm ws: failed to load state for aaaabbbbcccc0001: sql: no rows in result set
2026/03/21 22:17:29 swarm ws: failed to load state for s10000000000: sql: no rows in result set
2026/03/21 22:17:29 swarm ws: failed to load state for aaaabbbbcccc0002: sql: no rows in result set
2026/03/21 22:17:29 swarm ws: failed to load state for aaaabbbbcccc0002: sql: no rows in result set
2026/03/21 22:17:29 swarm ws: failed to load state for aaaabbbbcccc0001: sql: no rows in result set
2026/03/21 22:17:29 swarm ws: failed to load state for aaaabbbbcccc0001: sql: no rows in result set
2026/03/21 22:17:29 swarm ws: failed to load state for s10000000000: sql: no rows in result set
2026/03/21 22:17:29 swarm ws: failed to load state for s10000000000: sql: no rows in result set
2026/03/21 22:17:29 swarm ws: failed to load state for s10000000000: sql: no rows in result set
2026/03/21 22:17:29 swarm ws: failed to load state for s10000000000: sql: no rows in result set
2026/03/21 22:17:29 swarm ws: failed to load state for s10000000000: sql: no rows in result set
2026/03/21 22:17:29 swarm ws: failed to load state for s10000000000: sql: no rows in result set
2026/03/21 22:17:29 swarm ws: failed to load state for aaaabbbbcccc0002: sql: no rows in result set
2026/03/21 22:17:29 swarm ws: failed to load state for aaaabbbbcccc0001: sql: no rows in result set
2026/03/21 22:17:29 swarm ws: failed to load state for aaaabbbbcccc0001: sql: no rows in result set
2026/03/21 22:17:29 swarm ws: failed to load state for aaaabbbbcccc0002: sql: no rows in result set
2026/03/21 22:17:29 swarm ws: failed to load state for aaaabbbbcccc0002: sql: no rows in result set
2026/03/21 22:17:29 swarm ws: failed to load state for aaaabbbbcccc0001: sql: no rows in result set
2026/03/21 22:17:29 swarm ws: failed to load state for aaaabbbbcccc0001: sql: no rows in result set
2026/03/21 22:17:29 swarm ws: failed to load state for aaaabbbbcccc0002: sql: no rows in result set
2026/03/21 22:17:30 swarm ws: failed to load state for aaaabbbbcccc0001: sql: no rows in result set
2026/03/21 22:17:30 swarm ws: failed to load state for aaaabbbbcccc0002: sql: no rows in result set
2026/03/21 22:17:30 swarm ws: failed to load state for aaaabbbbcccc0001: sql: no rows in result set
2026/03/21 22:17:30 swarm ws: failed to load state for aaaabbbbcccc0002: sql: no rows in result set
2026/03/21 22:17:30 swarm ws: failed to load state for aaaabbbbcccc0001: sql: no rows in result set
2026/03/21 22:17:30 swarm ws: failed to load state for s20000000000: sql: no rows in result set
2026/03/21 22:17:30 swarm ws: failed to load state for s10000000000: sql: no rows in result set
2026/03/21 22:17:30 swarm ws: failed to load state for s30000000000: sql: no rows in result set
2026/03/21 22:17:30 swarm ws: failed to load state for aaaabbbbcccc0001: sql: no rows in result set
2026/03/21 22:17:30 swarm ws: failed to load state for aaaabbbbcccc0001: sql: no rows in result set
2026/03/21 22:17:30 swarm ws: failed to load state for aaaabbbbcccc0002: sql: no rows in result set
2026/03/21 22:17:30 swarm ws: failed to load state for aaaabbbbcccc0002: sql: no rows in result set
2026/03/21 22:17:30 swarm ws: failed to load state for aaaabbbbcccc0001: sql: no rows in result set
2026/03/21 22:17:30 swarm ws: failed to load state for sess-x000000: sql: no rows in result set
2026/03/21 22:17:30 swarm ws: failed to load state for aaaabbbbcccc0002: sql: no rows in result set
2026/03/21 22:17:30 swarm ws: failed to load state for s-goals00000: sql: no rows in result set
2026/03/21 22:17:30 swarm ws: failed to load state for aaaabbbbcccc0001: sql: no rows in result set
2026/03/21 22:17:30 swarm ws: failed to load state for aaaabbbbcccc0002: sql: no rows in result set
2026/03/21 22:17:30 swarm ws: failed to load state for aaaabbbbcccc0002: sql: no rows in result set
2026/03/21 22:17:30 swarm ws: failed to load state for aaaabbbbcccc0001: sql: no rows in result set
2026/03/21 22:17:30 swarm ws: failed to load state for aaaabbbbcccc0002: sql: no rows in result set
2026/03/21 22:17:30 swarm ws: failed to load state for aaaabbbbcccc0002: sql: no rows in result set
2026/03/21 22:17:30 swarm ws: failed to load state for aaaabbbbcccc0002: sql: no rows in result set
2026/03/21 22:17:30 swarm ws: failed to load state for aaaabbbbcccc0001: sql: no rows in result set
2026/03/21 22:17:30 swarm ws: failed to load state for s-gnav000000: sql: no rows in result set
2026/03/21 22:17:30 swarm ws: failed to load state for aaaabbbbcccc0002: sql: no rows in result set
2026/03/21 22:17:30 swarm ws: failed to load state for aaaabbbbcccc0002: sql: no rows in result set
2026/03/21 22:17:30 swarm ws: failed to load state for aaaabbbbcccc0001: sql: no rows in result set
2026/03/21 22:17:30 swarm ws: failed to load state for aaaabbbbcccc0001: sql: no rows in result set
2026/03/21 22:17:30 swarm ws: failed to load state for aaaabbbbcccc0001: sql: no rows in result set
2026/03/21 22:17:30 swarm ws: failed to load state for aaaabbbbcccc0001: sql: no rows in result set
2026/03/21 22:17:30 swarm ws: failed to load state for aaaabbbbcccc0002: sql: no rows in result set
2026/03/21 22:17:30 swarm ws: failed to load state for aaaabbbbcccc0001: sql: no rows in result set
2026/03/21 22:17:30 swarm ws: failed to load state for aaaabbbbcccc0002: sql: no rows in result set
2026/03/21 22:17:30 swarm ws: failed to load state for aaaabbbbcccc0001: sql: no rows in result set
2026/03/21 22:17:30 swarm ws: failed to load state for aaaabbbbcccc0002: sql: no rows in result set
2026/03/21 22:17:30 swarm ws: failed to load state for aaaabbbbcccc0002: sql: no rows in result set
2026/03/21 22:17:30 swarm ws: failed to load state for aaaabbbbcccc0001: sql: no rows in result set
2026/03/21 22:17:30 swarm ws: failed to load state for aaaabbbbcccc0001: sql: no rows in result set
2026/03/21 22:17:30 swarm ws: failed to load state for aaaabbbbcccc0001: sql: no rows in result set
2026/03/21 22:17:30 swarm ws: failed to load state for aaaabbbbcccc0002: sql: no rows in result set
2026/03/21 22:17:30 swarm ws: failed to load state for aaaabbbbcccc0001: sql: no rows in result set
2026/03/21 22:17:30 swarm ws: failed to load state for aaaabbbbcccc0002: sql: no rows in result set
2026/03/21 22:17:30 swarm ws: failed to load state for aaaabbbbcccc0002: sql: no rows in result set
2026/03/21 22:17:30 swarm ws: failed to load state for aaaabbbbcccc0001: sql: no rows in result set
2026/03/21 22:17:30 swarm ws: failed to load state for aaaabbbbcccc0001: sql: no rows in result set
2026/03/21 22:17:30 swarm ws: failed to load state for aaaabbbbcccc0002: sql: no rows in result set
2026/03/21 22:17:30 swarm ws: failed to load state for aaaabbbbcccc0002: sql: no rows in result set
2026/03/21 22:17:30 swarm ws: failed to load state for aaaabbbbcccc0001: sql: no rows in result set
2026/03/21 22:17:30 swarm ws: failed to load state for aaaabbbbcccc0001: sql: no rows in result set
2026/03/21 22:17:30 swarm ws: failed to load state for aaaabbbbcccc0002: sql: no rows in result set
2026/03/21 22:17:30 swarm ws: failed to load state for aaaabbbbcccc0001: sql: no rows in result set
2026/03/21 22:17:30 swarm ws: failed to load state for aaaabbbbcccc0002: sql: no rows in result set
2026/03/21 22:17:30 swarm ws: failed to load state for aaaabbbbcccc0001: sql: no rows in result set
2026/03/21 22:17:30 swarm ws: failed to load state for aaaabbbbcccc0002: sql: no rows in result set
2026/03/21 22:17:30 swarm ws: failed to load state for aaaabbbbcccc0002: sql: no rows in result set
2026/03/21 22:17:30 swarm ws: failed to load state for aaaabbbbcccc0002: sql: no rows in result set
2026/03/21 22:17:30 swarm ws: failed to load state for aaaabbbbcccc0001: sql: no rows in result set
2026/03/21 22:17:30 swarm ws: failed to load state for aaaabbbbcccc0001: sql: no rows in result set
2026/03/21 22:17:58 swarm/plane: cached 100 work queue items for project 1974b497
2026/03/21 22:18:35 swarm ws: failed to load state for aaaabbbbcccc0001: sql: no rows in result set
2026/03/21 22:18:35 swarm ws: failed to load state for aaaabbbbcccc0002: sql: no rows in result set
2026/03/21 22:18:35 swarm ws: failed to load state for s10000000000: sql: no rows in result set
2026/03/21 22:18:35 swarm ws: failed to load state for s10000000000: sql: no rows in result set
2026/03/21 22:18:35 swarm ws: failed to load state for s10000000000: sql: no rows in result set
2026/03/21 22:18:35 swarm ws: failed to load state for s10000000000: sql: no rows in result set
2026/03/21 22:18:35 swarm ws: failed to load state for s10000000000: sql: no rows in result set
2026/03/21 22:18:35 swarm ws: failed to load state for s10000000000: sql: no rows in result set
2026/03/21 22:18:35 swarm ws: failed to load state for s10000000000: sql: no rows in result set
2026/03/21 22:18:35 swarm ws: failed to load state for aaaabbbbcccc0001: sql: no rows in result set
2026/03/21 22:18:35 swarm ws: failed to load state for aaaabbbbcccc0002: sql: no rows in result set
2026/03/21 22:18:35 swarm ws: failed to load state for aaaabbbbcccc0002: sql: no rows in result set
2026/03/21 22:18:35 swarm ws: failed to load state for s10000000000: sql: no rows in result set
2026/03/21 22:18:35 swarm ws: failed to load state for aaaabbbbcccc0001: sql: no rows in result set
2026/03/21 22:18:35 swarm ws: failed to load state for s10000000000: sql: no rows in result set
2026/03/21 22:18:35 swarm ws: failed to load state for s30000000000: sql: no rows in result set
2026/03/21 22:18:35 swarm ws: failed to load state for s10000000000: sql: no rows in result set
2026/03/21 22:18:35 swarm ws: failed to load state for s10000000000: sql: no rows in result set
2026/03/21 22:18:35 swarm ws: failed to load state for s20000000000: sql: no rows in result set
2026/03/21 22:18:35 swarm ws: failed to load state for aaaabbbbcccc0002: sql: no rows in result set
2026/03/21 22:18:35 swarm ws: failed to load state for aaaabbbbcccc0001: sql: no rows in result set
2026/03/21 22:18:35 swarm ws: failed to load state for aaaabbbbcccc0002: sql: no rows in result set
2026/03/21 22:18:35 swarm ws: failed to load state for aaaabbbbcccc0002: sql: no rows in result set
2026/03/21 22:18:35 swarm ws: failed to load state for aaaabbbbcccc0001: sql: no rows in result set
2026/03/21 22:18:35 swarm ws: failed to load state for aaaabbbbcccc0002: sql: no rows in result set
2026/03/21 22:18:35 swarm ws: failed to load state for aaaabbbbcccc0001: sql: no rows in result set
2026/03/21 22:18:35 swarm ws: failed to load state for aaaabbbbcccc0002: sql: no rows in result set
2026/03/21 22:18:35 swarm ws: failed to load state for aaaabbbbcccc0001: sql: no rows in result set
2026/03/21 22:18:35 swarm ws: failed to load state for aaaabbbbcccc0001: sql: no rows in result set
2026/03/21 22:18:35 swarm ws: failed to load state for aaaabbbbcccc0002: sql: no rows in result set
2026/03/21 22:18:35 swarm ws: failed to load state for aaaabbbbcccc0002: sql: no rows in result set
2026/03/21 22:18:35 swarm ws: failed to load state for aaaabbbbcccc0001: sql: no rows in result set
2026/03/21 22:18:35 swarm ws: failed to load state for aaaabbbbcccc0002: sql: no rows in result set
2026/03/21 22:18:35 swarm ws: failed to load state for aaaabbbbcccc0001: sql: no rows in result set
2026/03/21 22:18:35 swarm ws: failed to load state for aaaabbbbcccc0001: sql: no rows in result set
2026/03/21 22:18:35 swarm ws: failed to load state for aaaabbbbcccc0002: sql: no rows in result set
2026/03/21 22:18:35 swarm ws: failed to load state for aaaabbbbcccc0001: sql: no rows in result set
2026/03/21 22:18:35 swarm ws: failed to load state for aaaabbbbcccc0001: sql: no rows in result set
2026/03/21 22:18:35 swarm ws: failed to load state for aaaabbbbcccc0002: sql: no rows in result set
2026/03/21 22:18:35 swarm ws: failed to load state for aaaabbbbcccc0001: sql: no rows in result set
2026/03/21 22:18:35 swarm ws: failed to load state for aaaabbbbcccc0001: sql: no rows in result set
2026/03/21 22:18:35 swarm ws: failed to load state for aaaabbbbcccc0001: sql: no rows in result set
2026/03/21 22:18:35 swarm ws: failed to load state for aaaabbbbcccc0002: sql: no rows in result set
2026/03/21 22:18:35 swarm ws: failed to load state for aaaabbbbcccc0002: sql: no rows in result set
2026/03/21 22:18:35 swarm ws: failed to load state for aaaabbbbcccc0002: sql: no rows in result set
2026/03/21 22:18:35 swarm ws: failed to load state for aaaabbbbcccc0001: sql: no rows in result set
2026/03/21 22:18:35 swarm ws: failed to load state for aaaabbbbcccc0002: sql: no rows in result set
2026/03/21 22:18:35 swarm ws: failed to load state for aaaabbbbcccc0002: sql: no rows in result set
2026/03/21 22:18:35 swarm ws: failed to load state for aaaabbbbcccc0002: sql: no rows in result set
2026/03/21 22:18:35 swarm ws: failed to load state for aaaabbbbcccc0001: sql: no rows in result set
2026/03/21 22:18:35 swarm ws: failed to load state for aaaabbbbcccc0001: sql: no rows in result set
2026/03/21 22:18:35 swarm ws: failed to load state for aaaabbbbcccc0002: sql: no rows in result set
2026/03/21 22:18:35 swarm ws: failed to load state for aaaabbbbcccc0001: sql: no rows in result set
2026/03/21 22:18:35 swarm ws: failed to load state for aaaabbbbcccc0002: sql: no rows in result set
2026/03/21 22:18:35 swarm ws: failed to load state for aaaabbbbcccc0001: sql: no rows in result set
2026/03/21 22:18:35 swarm ws: failed to load state for aaaabbbbcccc0001: sql: no rows in result set
2026/03/21 22:18:35 swarm ws: failed to load state for aaaabbbbcccc0002: sql: no rows in result set
2026/03/21 22:18:35 swarm ws: failed to load state for aaaabbbbcccc0001: sql: no rows in result set
2026/03/21 22:18:35 swarm ws: failed to load state for aaaabbbbcccc0002: sql: no rows in result set
2026/03/21 22:18:35 swarm ws: failed to load state for aaaabbbbcccc0002: sql: no rows in result set
2026/03/21 22:18:35 swarm ws: failed to load state for aaaabbbbcccc0001: sql: no rows in result set
2026/03/21 22:18:35 swarm ws: failed to load state for aaaabbbbcccc0001: sql: no rows in result set
2026/03/21 22:18:35 swarm ws: failed to load state for aaaabbbbcccc0001: sql: no rows in result set
2026/03/21 22:18:35 swarm ws: failed to load state for aaaabbbbcccc0002: sql: no rows in result set
2026/03/21 22:18:35 swarm ws: failed to load state for aaaabbbbcccc0002: sql: no rows in result set
2026/03/21 22:18:35 swarm ws: failed to load state for aaaabbbbcccc0001: sql: no rows in result set
2026/03/21 22:18:35 swarm ws: failed to load state for aaaabbbbcccc0002: sql: no rows in result set
2026/03/21 22:18:35 swarm ws: failed to load state for aaaabbbbcccc0001: sql: no rows in result set
2026/03/21 22:18:35 swarm ws: failed to load state for aaaabbbbcccc0002: sql: no rows in result set
2026/03/21 22:18:35 swarm ws: failed to load state for aaaabbbbcccc0001: sql: no rows in result set
2026/03/21 22:18:35 swarm ws: failed to load state for aaaabbbbcccc0002: sql: no rows in result set
2026/03/21 22:18:35 swarm ws: failed to load state for aaaabbbbcccc0002: sql: no rows in result set
2026/03/21 22:18:35 swarm ws: failed to load state for aaaabbbbcccc0001: sql: no rows in result set
2026/03/21 22:18:35 swarm ws: failed to load state for aaaabbbbcccc0002: sql: no rows in result set
2026/03/21 22:18:35 swarm ws: failed to load state for aaaabbbbcccc0002: sql: no rows in result set
2026/03/21 22:18:35 swarm ws: failed to load state for aaaabbbbcccc0001: sql: no rows in result set
2026/03/21 22:18:35 swarm ws: failed to load state for aaaabbbbcccc0001: sql: no rows in result set
2026/03/21 22:18:35 swarm ws: failed to load state for aaaabbbbcccc0002: sql: no rows in result set
2026/03/21 22:18:35 swarm ws: failed to load state for aaaabbbbcccc0001: sql: no rows in result set
2026/03/21 22:18:35 swarm ws: failed to load state for aaaabbbbcccc0002: sql: no rows in result set
2026/03/21 22:18:35 swarm ws: failed to load state for aaaabbbbcccc0002: sql: no rows in result set
2026/03/21 22:18:35 swarm ws: failed to load state for aaaabbbbcccc0001: sql: no rows in result set
2026/03/21 22:18:35 swarm ws: failed to load state for aaaabbbbcccc0001: sql: no rows in result set
2026/03/21 22:18:35 swarm ws: failed to load state for s10000000000: sql: no rows in result set
2026/03/21 22:18:35 swarm ws: failed to load state for s10000000000: sql: no rows in result set
2026/03/21 22:18:35 swarm ws: failed to load state for aaaabbbbcccc0001: sql: no rows in result set
2026/03/21 22:18:35 swarm ws: failed to load state for s10000000000: sql: no rows in result set
2026/03/21 22:18:35 swarm ws: failed to load state for s10000000000: sql: no rows in result set
2026/03/21 22:18:35 swarm ws: failed to load state for s10000000000: sql: no rows in result set
2026/03/21 22:18:35 swarm ws: failed to load state for s10000000000: sql: no rows in result set
2026/03/21 22:18:35 swarm ws: failed to load state for aaaabbbbcccc0002: sql: no rows in result set
2026/03/21 22:18:35 swarm ws: failed to load state for s10000000000: sql: no rows in result set
2026/03/21 22:18:35 swarm ws: failed to load state for aaaabbbbcccc0001: sql: no rows in result set
2026/03/21 22:18:35 swarm ws: failed to load state for aaaabbbbcccc0002: sql: no rows in result set
2026/03/21 22:18:35 swarm ws: failed to load state for aaaabbbbcccc0001: sql: no rows in result set
2026/03/21 22:18:35 swarm ws: failed to load state for aaaabbbbcccc0002: sql: no rows in result set
2026/03/21 22:18:35 swarm ws: failed to load state for aaaabbbbcccc0002: sql: no rows in result set
2026/03/21 22:18:35 swarm ws: failed to load state for aaaabbbbcccc0001: sql: no rows in result set
2026/03/21 22:18:35 swarm ws: failed to load state for aaaabbbbcccc0001: sql: no rows in result set
2026/03/21 22:18:35 swarm ws: failed to load state for aaaabbbbcccc0002: sql: no rows in result set
2026/03/21 22:18:35 swarm ws: failed to load state for aaaabbbbcccc0002: sql: no rows in result set
2026/03/21 22:18:35 swarm ws: failed to load state for aaaabbbbcccc0001: sql: no rows in result set
2026/03/21 22:18:35 swarm ws: failed to load state for s10000000000: sql: no rows in result set
2026/03/21 22:18:35 swarm ws: failed to load state for s20000000000: sql: no rows in result set
2026/03/21 22:18:35 swarm ws: failed to load state for s30000000000: sql: no rows in result set
2026/03/21 22:18:35 swarm ws: failed to load state for aaaabbbbcccc0001: sql: no rows in result set
2026/03/21 22:18:35 swarm ws: failed to load state for aaaabbbbcccc0002: sql: no rows in result set
2026/03/21 22:18:35 swarm ws: failed to load state for s-gnav000000: sql: no rows in result set
2026/03/21 22:18:35 swarm ws: failed to load state for aaaabbbbcccc0001: sql: no rows in result set
2026/03/21 22:18:35 swarm ws: failed to load state for aaaabbbbcccc0002: sql: no rows in result set
2026/03/21 22:18:35 swarm ws: failed to load state for s-goals00000: sql: no rows in result set
2026/03/21 22:18:35 swarm ws: failed to load state for aaaabbbbcccc0002: sql: no rows in result set
2026/03/21 22:18:35 swarm ws: failed to load state for sess-x000000: sql: no rows in result set
2026/03/21 22:18:35 swarm ws: failed to load state for aaaabbbbcccc0001: sql: no rows in result set
2026/03/21 22:18:35 swarm ws: failed to load state for aaaabbbbcccc0002: sql: no rows in result set
2026/03/21 22:18:35 swarm ws: failed to load state for aaaabbbbcccc0001: sql: no rows in result set
2026/03/21 22:18:35 swarm ws: failed to load state for aaaabbbbcccc0001: sql: no rows in result set
2026/03/21 22:18:35 swarm ws: failed to load state for aaaabbbbcccc0001: sql: no rows in result set
2026/03/21 22:18:35 swarm ws: failed to load state for aaaabbbbcccc0002: sql: no rows in result set
2026/03/21 22:18:35 swarm ws: failed to load state for aaaabbbbcccc0002: sql: no rows in result set
2026/03/21 22:18:35 swarm ws: failed to load state for aaaabbbbcccc0002: sql: no rows in result set
2026/03/21 22:18:35 swarm ws: failed to load state for aaaabbbbcccc0002: sql: no rows in result set
2026/03/21 22:18:35 swarm ws: failed to load state for aaaabbbbcccc0001: sql: no rows in result set
2026/03/21 22:18:35 swarm ws: failed to load state for aaaabbbbcccc0001: sql: no rows in result set
2026/03/21 22:18:35 swarm ws: failed to load state for aaaabbbbcccc0001: sql: no rows in result set
2026/03/21 22:18:35 swarm ws: failed to load state for aaaabbbbcccc0002: sql: no rows in result set
2026/03/21 22:18:35 swarm ws: failed to load state for aaaabbbbcccc0001: sql: no rows in result set
2026/03/21 22:18:35 swarm ws: failed to load state for aaaabbbbcccc0001: sql: no rows in result set
2026/03/21 22:18:35 swarm ws: failed to load state for aaaabbbbcccc0002: sql: no rows in result set
2026/03/21 22:18:35 swarm ws: failed to load state for aaaabbbbcccc0002: sql: no rows in result set
2026/03/21 22:18:35 swarm ws: failed to load state for aaaabbbbcccc0002: sql: no rows in result set
2026/03/21 22:18:35 swarm ws: failed to load state for aaaabbbbcccc0001: sql: no rows in result set
2026/03/21 22:18:35 swarm ws: failed to load state for aaaabbbbcccc0001: sql: no rows in result set
2026/03/21 22:18:35 swarm ws: failed to load state for aaaabbbbcccc0001: sql: no rows in result set
2026/03/21 22:18:35 swarm ws: failed to load state for aaaabbbbcccc0002: sql: no rows in result set
2026/03/21 22:18:35 swarm ws: failed to load state for aaaabbbbcccc0002: sql: no rows in result set
2026/03/21 22:18:35 swarm ws: failed to load state for aaaabbbbcccc0002: sql: no rows in result set
2026/03/21 22:18:35 swarm ws: failed to load state for aaaabbbbcccc0001: sql: no rows in result set
2026/03/21 22:18:35 swarm ws: failed to load state for aaaabbbbcccc0001: sql: no rows in result set
2026/03/21 22:18:35 swarm ws: failed to load state for aaaabbbbcccc0002: sql: no rows in result set
2026/03/21 22:18:35 swarm ws: failed to load state for aaaabbbbcccc0001: sql: no rows in result set
2026/03/21 22:18:35 swarm ws: failed to load state for aaaabbbbcccc0002: sql: no rows in result set
2026/03/21 22:18:35 swarm ws: failed to load state for aaaabbbbcccc0001: sql: no rows in result set
2026/03/21 22:18:35 swarm ws: failed to load state for aaaabbbbcccc0001: sql: no rows in result set
2026/03/21 22:18:35 swarm ws: failed to load state for aaaabbbbcccc0002: sql: no rows in result set
2026/03/21 22:18:35 swarm ws: failed to load state for aaaabbbbcccc0002: sql: no rows in result set
2026/03/21 22:18:35 swarm ws: failed to load state for aaaabbbbcccc0002: sql: no rows in result set
2026/03/21 22:18:35 swarm ws: failed to load state for aaaabbbbcccc0001: sql: no rows in result set
2026/03/21 22:18:35 swarm ws: failed to load state for aaaabbbbcccc0001: sql: no rows in result set
2026/03/21 22:18:35 swarm ws: failed to load state for aaaabbbbcccc0002: sql: no rows in result set
2026/03/21 22:18:35 swarm ws: failed to load state for aaaabbbbcccc0002: sql: no rows in result set
2026/03/21 22:18:35 swarm ws: failed to load state for aaaabbbbcccc0002: sql: no rows in result set
2026/03/21 22:18:35 swarm ws: failed to load state for aaaabbbbcccc0001: sql: no rows in result set
2026/03/21 22:18:35 swarm ws: failed to load state for aaaabbbbcccc0001: sql: no rows in result set
2026/03/21 22:18:35 swarm ws: failed to load state for aaaabbbbcccc0001: sql: no rows in result set
2026/03/21 22:18:35 swarm ws: failed to load state for aaaabbbbcccc0002: sql: no rows in result set
2026/03/21 22:18:45 swarm ws: failed to load state for aaaabbbbcccc0002: sql: no rows in result set
2026/03/21 22:18:45 swarm ws: failed to load state for aaaabbbbcccc0001: sql: no rows in result set
2026/03/21 22:18:45 swarm ws: failed to load state for s10000000000: sql: no rows in result set
2026/03/21 22:18:45 swarm ws: failed to load state for s10000000000: sql: no rows in result set
2026/03/21 22:18:45 swarm ws: failed to load state for s10000000000: sql: no rows in result set
2026/03/21 22:18:45 swarm ws: failed to load state for aaaabbbbcccc0002: sql: no rows in result set
2026/03/21 22:18:45 swarm ws: failed to load state for s10000000000: sql: no rows in result set
2026/03/21 22:18:45 swarm ws: failed to load state for aaaabbbbcccc0001: sql: no rows in result set
2026/03/21 22:18:45 swarm ws: failed to load state for s10000000000: sql: no rows in result set
2026/03/21 22:18:45 swarm ws: failed to load state for s10000000000: sql: no rows in result set
2026/03/21 22:18:45 swarm ws: failed to load state for aaaabbbbcccc0002: sql: no rows in result set
2026/03/21 22:18:45 swarm ws: failed to load state for aaaabbbbcccc0001: sql: no rows in result set
2026/03/21 22:18:45 swarm ws: failed to load state for s10000000000: sql: no rows in result set
2026/03/21 22:18:45 swarm ws: failed to load state for s10000000000: sql: no rows in result set
2026/03/21 22:18:45 swarm ws: failed to load state for s10000000000: sql: no rows in result set
2026/03/21 22:18:45 swarm ws: failed to load state for s20000000000: sql: no rows in result set
2026/03/21 22:18:45 swarm ws: failed to load state for s30000000000: sql: no rows in result set
2026/03/21 22:18:45 swarm ws: failed to load state for s10000000000: sql: no rows in result set
2026/03/21 22:18:45 swarm ws: failed to load state for s10000000000: sql: no rows in result set
2026/03/21 22:18:45 swarm ws: failed to load state for aaaabbbbcccc0002: sql: no rows in result set
2026/03/21 22:18:45 swarm ws: failed to load state for aaaabbbbcccc0001: sql: no rows in result set
2026/03/21 22:18:45 swarm ws: failed to load state for aaaabbbbcccc0001: sql: no rows in result set
2026/03/21 22:18:45 swarm ws: failed to load state for aaaabbbbcccc0002: sql: no rows in result set
2026/03/21 22:18:45 swarm ws: failed to load state for aaaabbbbcccc0001: sql: no rows in result set
2026/03/21 22:18:45 swarm ws: failed to load state for aaaabbbbcccc0002: sql: no rows in result set
2026/03/21 22:18:45 swarm ws: failed to load state for aaaabbbbcccc0001: sql: no rows in result set
2026/03/21 22:18:45 swarm ws: failed to load state for aaaabbbbcccc0002: sql: no rows in result set
2026/03/21 22:18:45 swarm ws: failed to load state for aaaabbbbcccc0002: sql: no rows in result set
2026/03/21 22:18:45 swarm ws: failed to load state for aaaabbbbcccc0001: sql: no rows in result set
2026/03/21 22:18:45 swarm ws: failed to load state for aaaabbbbcccc0001: sql: no rows in result set
2026/03/21 22:18:45 swarm ws: failed to load state for aaaabbbbcccc0002: sql: no rows in result set
2026/03/21 22:18:45 swarm ws: failed to load state for aaaabbbbcccc0001: sql: no rows in result set
2026/03/21 22:18:45 swarm ws: failed to load state for aaaabbbbcccc0002: sql: no rows in result set
2026/03/21 22:18:45 swarm ws: failed to load state for aaaabbbbcccc0002: sql: no rows in result set
2026/03/21 22:18:45 swarm ws: failed to load state for aaaabbbbcccc0002: sql: no rows in result set
2026/03/21 22:18:45 swarm ws: failed to load state for aaaabbbbcccc0002: sql: no rows in result set
2026/03/21 22:18:45 swarm ws: failed to load state for aaaabbbbcccc0002: sql: no rows in result set
2026/03/21 22:18:45 swarm ws: failed to load state for aaaabbbbcccc0001: sql: no rows in result set
2026/03/21 22:18:45 swarm ws: failed to load state for aaaabbbbcccc0001: sql: no rows in result set
2026/03/21 22:18:45 swarm ws: failed to load state for aaaabbbbcccc0002: sql: no rows in result set
2026/03/21 22:18:45 swarm ws: failed to load state for aaaabbbbcccc0002: sql: no rows in result set
2026/03/21 22:18:45 swarm ws: failed to load state for aaaabbbbcccc0001: sql: no rows in result set
2026/03/21 22:18:45 swarm ws: failed to load state for aaaabbbbcccc0001: sql: no rows in result set
2026/03/21 22:18:45 swarm ws: failed to load state for aaaabbbbcccc0002: sql: no rows in result set
2026/03/21 22:18:45 swarm ws: failed to load state for aaaabbbbcccc0001: sql: no rows in result set
2026/03/21 22:18:45 swarm ws: failed to load state for aaaabbbbcccc0001: sql: no rows in result set
2026/03/21 22:18:45 swarm ws: failed to load state for aaaabbbbcccc0002: sql: no rows in result set
2026/03/21 22:18:45 swarm ws: failed to load state for aaaabbbbcccc0001: sql: no rows in result set
2026/03/21 22:18:45 swarm ws: failed to load state for aaaabbbbcccc0001: sql: no rows in result set
2026/03/21 22:18:45 swarm ws: failed to load state for aaaabbbbcccc0002: sql: no rows in result set
2026/03/21 22:18:45 swarm ws: failed to load state for aaaabbbbcccc0001: sql: no rows in result set
2026/03/21 22:18:45 swarm ws: failed to load state for aaaabbbbcccc0001: sql: no rows in result set
2026/03/21 22:18:45 swarm ws: failed to load state for aaaabbbbcccc0002: sql: no rows in result set
2026/03/21 22:18:45 swarm ws: failed to load state for aaaabbbbcccc0002: sql: no rows in result set
2026/03/21 22:18:45 swarm ws: failed to load state for aaaabbbbcccc0002: sql: no rows in result set
2026/03/21 22:18:45 swarm ws: failed to load state for aaaabbbbcccc0001: sql: no rows in result set
2026/03/21 22:18:45 swarm ws: failed to load state for aaaabbbbcccc0001: sql: no rows in result set
2026/03/21 22:18:45 swarm ws: failed to load state for aaaabbbbcccc0002: sql: no rows in result set
2026/03/21 22:18:45 swarm ws: failed to load state for aaaabbbbcccc0001: sql: no rows in result set
2026/03/21 22:18:45 swarm ws: failed to load state for aaaabbbbcccc0002: sql: no rows in result set
2026/03/21 22:18:45 swarm ws: failed to load state for aaaabbbbcccc0001: sql: no rows in result set
2026/03/21 22:18:45 swarm ws: failed to load state for aaaabbbbcccc0002: sql: no rows in result set
2026/03/21 22:18:45 swarm ws: failed to load state for aaaabbbbcccc0002: sql: no rows in result set
2026/03/21 22:18:45 swarm ws: failed to load state for aaaabbbbcccc0001: sql: no rows in result set
2026/03/21 22:18:45 swarm ws: failed to load state for aaaabbbbcccc0001: sql: no rows in result set
2026/03/21 22:18:45 swarm ws: failed to load state for aaaabbbbcccc0002: sql: no rows in result set
2026/03/21 22:18:45 swarm ws: failed to load state for aaaabbbbcccc0001: sql: no rows in result set
2026/03/21 22:18:45 swarm ws: failed to load state for aaaabbbbcccc0002: sql: no rows in result set
2026/03/21 22:18:45 swarm ws: failed to load state for aaaabbbbcccc0001: sql: no rows in result set
2026/03/21 22:18:45 swarm ws: failed to load state for aaaabbbbcccc0002: sql: no rows in result set
2026/03/21 22:18:45 swarm ws: failed to load state for aaaabbbbcccc0001: sql: no rows in result set
2026/03/21 22:18:45 swarm ws: failed to load state for aaaabbbbcccc0002: sql: no rows in result set
2026/03/21 22:18:45 swarm ws: failed to load state for aaaabbbbcccc0001: sql: no rows in result set
2026/03/21 22:18:45 swarm ws: failed to load state for aaaabbbbcccc0002: sql: no rows in result set
2026/03/21 22:18:45 swarm ws: failed to load state for aaaabbbbcccc0002: sql: no rows in result set
2026/03/21 22:18:45 swarm ws: failed to load state for aaaabbbbcccc0001: sql: no rows in result set
2026/03/21 22:18:45 swarm ws: failed to load state for aaaabbbbcccc0001: sql: no rows in result set
2026/03/21 22:18:45 swarm ws: failed to load state for aaaabbbbcccc0001: sql: no rows in result set
2026/03/21 22:18:45 swarm ws: failed to load state for aaaabbbbcccc0001: sql: no rows in result set
2026/03/21 22:18:45 swarm ws: failed to load state for aaaabbbbcccc0002: sql: no rows in result set
2026/03/21 22:18:45 swarm ws: failed to load state for s10000000000: sql: no rows in result set
2026/03/21 22:18:45 swarm ws: failed to load state for aaaabbbbcccc0002: sql: no rows in result set
2026/03/21 22:18:45 swarm ws: failed to load state for s10000000000: sql: no rows in result set
2026/03/21 22:18:45 swarm ws: failed to load state for s10000000000: sql: no rows in result set
2026/03/21 22:18:45 swarm ws: failed to load state for aaaabbbbcccc0002: sql: no rows in result set
2026/03/21 22:18:45 swarm ws: failed to load state for s10000000000: sql: no rows in result set
2026/03/21 22:18:45 swarm ws: failed to load state for aaaabbbbcccc0001: sql: no rows in result set
2026/03/21 22:18:45 swarm ws: failed to load state for aaaabbbbcccc0002: sql: no rows in result set
2026/03/21 22:18:45 swarm ws: failed to load state for s10000000000: sql: no rows in result set
2026/03/21 22:18:45 swarm ws: failed to load state for aaaabbbbcccc0001: sql: no rows in result set
2026/03/21 22:18:45 swarm ws: failed to load state for s10000000000: sql: no rows in result set
2026/03/21 22:18:45 swarm ws: failed to load state for s10000000000: sql: no rows in result set
2026/03/21 22:18:45 swarm ws: failed to load state for aaaabbbbcccc0002: sql: no rows in result set
2026/03/21 22:18:45 swarm ws: failed to load state for aaaabbbbcccc0001: sql: no rows in result set
2026/03/21 22:18:45 swarm ws: failed to load state for aaaabbbbcccc0001: sql: no rows in result set
2026/03/21 22:18:45 swarm ws: failed to load state for aaaabbbbcccc0002: sql: no rows in result set
2026/03/21 22:18:45 swarm ws: failed to load state for aaaabbbbcccc0002: sql: no rows in result set
2026/03/21 22:18:45 swarm ws: failed to load state for aaaabbbbcccc0001: sql: no rows in result set
2026/03/21 22:18:45 swarm ws: failed to load state for aaaabbbbcccc0001: sql: no rows in result set
2026/03/21 22:18:45 swarm ws: failed to load state for aaaabbbbcccc0002: sql: no rows in result set
2026/03/21 22:18:45 swarm ws: failed to load state for s30000000000: sql: no rows in result set
2026/03/21 22:18:45 swarm ws: failed to load state for aaaabbbbcccc0002: sql: no rows in result set
2026/03/21 22:18:45 swarm ws: failed to load state for s10000000000: sql: no rows in result set
2026/03/21 22:18:45 swarm ws: failed to load state for s20000000000: sql: no rows in result set
2026/03/21 22:18:45 swarm ws: failed to load state for aaaabbbbcccc0001: sql: no rows in result set
2026/03/21 22:18:45 swarm ws: failed to load state for sess-x000000: sql: no rows in result set
2026/03/21 22:18:45 swarm ws: failed to load state for aaaabbbbcccc0002: sql: no rows in result set
2026/03/21 22:18:45 swarm ws: failed to load state for aaaabbbbcccc0001: sql: no rows in result set
2026/03/21 22:18:45 swarm ws: failed to load state for s-gnav000000: sql: no rows in result set
2026/03/21 22:18:45 swarm ws: failed to load state for aaaabbbbcccc0001: sql: no rows in result set
2026/03/21 22:18:45 swarm ws: failed to load state for aaaabbbbcccc0002: sql: no rows in result set
2026/03/21 22:18:45 swarm ws: failed to load state for s-goals00000: sql: no rows in result set
2026/03/21 22:18:45 swarm ws: failed to load state for aaaabbbbcccc0001: sql: no rows in result set
2026/03/21 22:18:45 swarm ws: failed to load state for aaaabbbbcccc0001: sql: no rows in result set
2026/03/21 22:18:45 swarm ws: failed to load state for aaaabbbbcccc0002: sql: no rows in result set
2026/03/21 22:18:45 swarm ws: failed to load state for aaaabbbbcccc0001: sql: no rows in result set
2026/03/21 22:18:45 swarm ws: failed to load state for aaaabbbbcccc0002: sql: no rows in result set
2026/03/21 22:18:45 swarm ws: failed to load state for aaaabbbbcccc0001: sql: no rows in result set
2026/03/21 22:18:45 swarm ws: failed to load state for aaaabbbbcccc0002: sql: no rows in result set
2026/03/21 22:18:45 swarm ws: failed to load state for aaaabbbbcccc0001: sql: no rows in result set
2026/03/21 22:18:45 swarm ws: failed to load state for aaaabbbbcccc0002: sql: no rows in result set
2026/03/21 22:18:45 swarm ws: failed to load state for aaaabbbbcccc0002: sql: no rows in result set
2026/03/21 22:18:45 swarm ws: failed to load state for aaaabbbbcccc0001: sql: no rows in result set
2026/03/21 22:18:45 swarm ws: failed to load state for aaaabbbbcccc0002: sql: no rows in result set
2026/03/21 22:18:45 swarm ws: failed to load state for aaaabbbbcccc0001: sql: no rows in result set
2026/03/21 22:18:45 swarm ws: failed to load state for aaaabbbbcccc0002: sql: no rows in result set
2026/03/21 22:18:45 swarm ws: failed to load state for aaaabbbbcccc0001: sql: no rows in result set
2026/03/21 22:18:45 swarm ws: failed to load state for aaaabbbbcccc0001: sql: no rows in result set
2026/03/21 22:18:45 swarm ws: failed to load state for aaaabbbbcccc0001: sql: no rows in result set
2026/03/21 22:18:45 swarm ws: failed to load state for aaaabbbbcccc0002: sql: no rows in result set
2026/03/21 22:18:45 swarm ws: failed to load state for aaaabbbbcccc0001: sql: no rows in result set
2026/03/21 22:18:45 swarm ws: failed to load state for aaaabbbbcccc0002: sql: no rows in result set
2026/03/21 22:18:45 swarm ws: failed to load state for aaaabbbbcccc0002: sql: no rows in result set
2026/03/21 22:18:45 swarm ws: failed to load state for aaaabbbbcccc0002: sql: no rows in result set
2026/03/21 22:18:45 swarm ws: failed to load state for aaaabbbbcccc0002: sql: no rows in result set
2026/03/21 22:18:45 swarm ws: failed to load state for aaaabbbbcccc0001: sql: no rows in result set
2026/03/21 22:18:45 swarm ws: failed to load state for aaaabbbbcccc0002: sql: no rows in result set
2026/03/21 22:18:45 swarm ws: failed to load state for aaaabbbbcccc0001: sql: no rows in result set
2026/03/21 22:18:45 swarm ws: failed to load state for aaaabbbbcccc0002: sql: no rows in result set
2026/03/21 22:18:45 swarm ws: failed to load state for aaaabbbbcccc0001: sql: no rows in result set
2026/03/21 22:18:45 swarm ws: failed to load state for aaaabbbbcccc0002: sql: no rows in result set
2026/03/21 22:18:45 swarm ws: failed to load state for aaaabbbbcccc0001: sql: no rows in result set
2026/03/21 22:18:45 swarm ws: failed to load state for aaaabbbbcccc0001: sql: no rows in result set
2026/03/21 22:18:45 swarm ws: failed to load state for aaaabbbbcccc0002: sql: no rows in result set
2026/03/21 22:18:45 swarm ws: failed to load state for aaaabbbbcccc0002: sql: no rows in result set
2026/03/21 22:18:45 swarm ws: failed to load state for aaaabbbbcccc0001: sql: no rows in result set
2026/03/21 22:18:46 swarm ws: failed to load state for aaaabbbbcccc0002: sql: no rows in result set
2026/03/21 22:18:46 swarm ws: failed to load state for aaaabbbbcccc0002: sql: no rows in result set
2026/03/21 22:18:46 swarm ws: failed to load state for aaaabbbbcccc0001: sql: no rows in result set
2026/03/21 22:18:46 swarm ws: failed to load state for aaaabbbbcccc0001: sql: no rows in result set
2026/03/21 22:18:46 swarm ws: failed to load state for aaaabbbbcccc0001: sql: no rows in result set
2026/03/21 22:18:46 swarm ws: failed to load state for aaaabbbbcccc0002: sql: no rows in result set
2026/03/21 22:18:46 swarm ws: failed to load state for aaaabbbbcccc0001: sql: no rows in result set
2026/03/21 22:18:46 swarm ws: failed to load state for aaaabbbbcccc0002: sql: no rows in result set
2026/03/21 22:18:46 swarm ws: failed to load state for aaaabbbbcccc0002: sql: no rows in result set
2026/03/21 22:18:46 swarm ws: failed to load state for aaaabbbbcccc0001: sql: no rows in result set
2026/03/21 22:18:58 swarm/plane: cached 100 work queue items for project 1974b497
2026/03/21 22:19:58 swarm/plane: cached 100 work queue items for project 1974b497
2026/03/21 22:20:58 swarm/plane: cached 100 work queue items for project 1974b497
2026/03/21 22:21:34 swarm ws: failed to load state for aaaabbbbcccc0002: sql: no rows in result set
2026/03/21 22:21:34 swarm ws: failed to load state for aaaabbbbcccc0001: sql: no rows in result set
2026/03/21 22:21:34 swarm ws: failed to load state for aaaabbbbcccc0002: sql: no rows in result set
2026/03/21 22:21:34 swarm ws: failed to load state for aaaabbbbcccc0001: sql: no rows in result set
2026/03/21 22:21:34 swarm ws: failed to load state for aaaabbbbcccc0001: sql: no rows in result set
2026/03/21 22:21:34 swarm ws: failed to load state for aaaabbbbcccc0002: sql: no rows in result set
2026/03/21 22:21:34 swarm ws: failed to load state for aaaabbbbcccc0001: sql: no rows in result set
2026/03/21 22:21:34 swarm ws: failed to load state for aaaabbbbcccc0002: sql: no rows in result set
2026/03/21 22:21:34 swarm ws: failed to load state for aaaabbbbcccc0001: sql: no rows in result set
2026/03/21 22:21:34 swarm ws: failed to load state for aaaabbbbcccc0002: sql: no rows in result set
2026/03/21 22:21:34 swarm ws: failed to load state for aaaabbbbcccc0001: sql: no rows in result set
2026/03/21 22:21:34 swarm ws: failed to load state for aaaabbbbcccc0002: sql: no rows in result set
2026/03/21 22:21:34 swarm ws: failed to load state for aaaabbbbcccc0002: sql: no rows in result set
2026/03/21 22:21:34 swarm ws: failed to load state for aaaabbbbcccc0002: sql: no rows in result set
2026/03/21 22:21:34 swarm ws: failed to load state for aaaabbbbcccc0001: sql: no rows in result set
2026/03/21 22:21:34 swarm ws: failed to load state for aaaabbbbcccc0001: sql: no rows in result set
2026/03/21 22:21:34 swarm ws: failed to load state for aaaabbbbcccc0001: sql: no rows in result set
2026/03/21 22:21:34 swarm ws: failed to load state for aaaabbbbcccc0002: sql: no rows in result set
2026/03/21 22:21:58 swarm/plane: cached 100 work queue items for project 1974b497
2026/03/21 22:22:58 swarm/plane: cached 100 work queue items for project 1974b497
2026/03/21 22:23:58 swarm/plane: cached 100 work queue items for project 1974b497
2026/03/21 22:24:11 swarm ws: failed to load state for aaaabbbbcccc0001: sql: no rows in result set
2026/03/21 22:24:11 swarm ws: failed to load state for aaaabbbbcccc0002: sql: no rows in result set
2026/03/21 22:24:11 swarm ws: failed to load state for aaaabbbbcccc0001: sql: no rows in result set
2026/03/21 22:24:11 swarm ws: failed to load state for aaaabbbbcccc0001: sql: no rows in result set
2026/03/21 22:24:11 swarm ws: failed to load state for aaaabbbbcccc0002: sql: no rows in result set
2026/03/21 22:24:11 swarm ws: failed to load state for aaaabbbbcccc0002: sql: no rows in result set
2026/03/21 22:24:11 swarm ws: failed to load state for aaaabbbbcccc0001: sql: no rows in result set
2026/03/21 22:24:11 swarm ws: failed to load state for aaaabbbbcccc0002: sql: no rows in result set
2026/03/21 22:24:11 swarm ws: failed to load state for aaaabbbbcccc0002: sql: no rows in result set
2026/03/21 22:24:11 swarm ws: failed to load state for aaaabbbbcccc0001: sql: no rows in result set
2026/03/21 22:24:11 swarm ws: failed to load state for aaaabbbbcccc0001: sql: no rows in result set
2026/03/21 22:24:11 swarm ws: failed to load state for aaaabbbbcccc0002: sql: no rows in result set
2026/03/21 22:24:12 swarm ws: failed to load state for aaaabbbbcccc0002: sql: no rows in result set
2026/03/21 22:24:12 swarm ws: failed to load state for aaaabbbbcccc0001: sql: no rows in result set
2026/03/21 22:24:12 swarm ws: failed to load state for aaaabbbbcccc0001: sql: no rows in result set
2026/03/21 22:24:12 swarm ws: failed to load state for aaaabbbbcccc0002: sql: no rows in result set
2026/03/21 22:24:12 swarm ws: failed to load state for aaaabbbbcccc0002: sql: no rows in result set
2026/03/21 22:24:12 swarm ws: failed to load state for aaaabbbbcccc0001: sql: no rows in result set
2026/03/21 22:24:12 swarm ws: failed to load state for aaaabbbbcccc0002: sql: no rows in result set
2026/03/21 22:24:12 swarm ws: failed to load state for aaaabbbbcccc0001: sql: no rows in result set
2026/03/21 22:24:12 swarm ws: failed to load state for aaaabbbbcccc0001: sql: no rows in result set
2026/03/21 22:24:12 swarm ws: failed to load state for aaaabbbbcccc0001: sql: no rows in result set
2026/03/21 22:24:12 swarm ws: failed to load state for aaaabbbbcccc0002: sql: no rows in result set
2026/03/21 22:24:12 swarm ws: failed to load state for aaaabbbbcccc0001: sql: no rows in result set
2026/03/21 22:24:12 swarm ws: failed to load state for aaaabbbbcccc0002: sql: no rows in result set
2026/03/21 22:24:12 swarm ws: failed to load state for aaaabbbbcccc0002: sql: no rows in result set
2026/03/21 22:24:12 swarm ws: failed to load state for aaaabbbbcccc0002: sql: no rows in result set
2026/03/21 22:24:12 swarm ws: failed to load state for aaaabbbbcccc0001: sql: no rows in result set
2026/03/21 22:24:12 swarm ws: failed to load state for aaaabbbbcccc0001: sql: no rows in result set
2026/03/21 22:24:12 swarm ws: failed to load state for aaaabbbbcccc0002: sql: no rows in result set
2026/03/21 22:24:12 swarm ws: failed to load state for aaaabbbbcccc0001: sql: no rows in result set
2026/03/21 22:24:12 swarm ws: failed to load state for aaaabbbbcccc0002: sql: no rows in result set
2026/03/21 22:24:12 swarm ws: failed to load state for aaaabbbbcccc0002: sql: no rows in result set
2026/03/21 22:24:12 swarm ws: failed to load state for aaaabbbbcccc0001: sql: no rows in result set
2026/03/21 22:24:12 swarm ws: failed to load state for aaaabbbbcccc0002: sql: no rows in result set
2026/03/21 22:24:12 swarm ws: failed to load state for aaaabbbbcccc0001: sql: no rows in result set
2026/03/21 22:24:12 swarm ws: failed to load state for aaaabbbbcccc0002: sql: no rows in result set
2026/03/21 22:24:12 swarm ws: failed to load state for aaaabbbbcccc0001: sql: no rows in result set
2026/03/21 22:24:12 swarm ws: failed to load state for aaaabbbbcccc0002: sql: no rows in result set
2026/03/21 22:24:12 swarm ws: failed to load state for aaaabbbbcccc0001: sql: no rows in result set
2026/03/21 22:24:12 swarm ws: failed to load state for aaaabbbbcccc0001: sql: no rows in result set
2026/03/21 22:24:12 swarm ws: failed to load state for aaaabbbbcccc0001: sql: no rows in result set
2026/03/21 22:24:12 swarm ws: failed to load state for aaaabbbbcccc0002: sql: no rows in result set
2026/03/21 22:24:12 swarm ws: failed to load state for aaaabbbbcccc0002: sql: no rows in result set
2026/03/21 22:24:12 swarm ws: failed to load state for aaaabbbbcccc0002: sql: no rows in result set
2026/03/21 22:24:12 swarm ws: failed to load state for aaaabbbbcccc0001: sql: no rows in result set
2026/03/21 22:24:12 swarm ws: failed to load state for aaaabbbbcccc0001: sql: no rows in result set
2026/03/21 22:24:12 swarm ws: failed to load state for aaaabbbbcccc0002: sql: no rows in result set
2026/03/21 22:24:12 swarm ws: failed to load state for aaaabbbbcccc0002: sql: no rows in result set
2026/03/21 22:24:12 swarm ws: failed to load state for aaaabbbbcccc0001: sql: no rows in result set
2026/03/21 22:24:12 swarm ws: failed to load state for aaaabbbbcccc0002: sql: no rows in result set
2026/03/21 22:24:12 swarm ws: failed to load state for aaaabbbbcccc0001: sql: no rows in result set
2026/03/21 22:24:12 swarm ws: failed to load state for aaaabbbbcccc0001: sql: no rows in result set
2026/03/21 22:24:12 swarm ws: failed to load state for aaaabbbbcccc0001: sql: no rows in result set
2026/03/21 22:24:12 swarm ws: failed to load state for aaaabbbbcccc0002: sql: no rows in result set
2026/03/21 22:24:12 swarm ws: failed to load state for aaaabbbbcccc0002: sql: no rows in result set
2026/03/21 22:24:12 swarm ws: failed to load state for aaaabbbbcccc0002: sql: no rows in result set
2026/03/21 22:24:12 swarm ws: failed to load state for aaaabbbbcccc0001: sql: no rows in result set
2026/03/21 22:24:12 swarm ws: failed to load state for aaaabbbbcccc0002: sql: no rows in result set
2026/03/21 22:24:12 swarm ws: failed to load state for aaaabbbbcccc0001: sql: no rows in result set
2026/03/21 22:24:12 swarm ws: failed to load state for aaaabbbbcccc0002: sql: no rows in result set
2026/03/21 22:24:12 swarm ws: failed to load state for aaaabbbbcccc0001: sql: no rows in result set
2026/03/21 22:24:12 swarm ws: failed to load state for aaaabbbbcccc0002: sql: no rows in result set
2026/03/21 22:24:12 swarm ws: failed to load state for aaaabbbbcccc0001: sql: no rows in result set
2026/03/21 22:24:12 swarm ws: failed to load state for aaaabbbbcccc0001: sql: no rows in result set
2026/03/21 22:24:12 swarm ws: failed to load state for aaaabbbbcccc0002: sql: no rows in result set
2026/03/21 22:24:12 swarm ws: failed to load state for aaaabbbbcccc0002: sql: no rows in result set
2026/03/21 22:24:12 swarm ws: failed to load state for aaaabbbbcccc0001: sql: no rows in result set
2026/03/21 22:24:12 swarm ws: failed to load state for aaaabbbbcccc0001: sql: no rows in result set
2026/03/21 22:24:12 swarm ws: failed to load state for aaaabbbbcccc0002: sql: no rows in result set
2026/03/21 22:24:12 swarm ws: failed to load state for aaaabbbbcccc0002: sql: no rows in result set
2026/03/21 22:24:12 swarm ws: failed to load state for aaaabbbbcccc0001: sql: no rows in result set
2026/03/21 22:24:12 swarm ws: failed to load state for aaaabbbbcccc0001: sql: no rows in result set
2026/03/21 22:24:12 swarm ws: failed to load state for aaaabbbbcccc0002: sql: no rows in result set
2026/03/21 22:24:12 swarm ws: failed to load state for aaaabbbbcccc0002: sql: no rows in result set
2026/03/21 22:24:12 swarm ws: failed to load state for aaaabbbbcccc0001: sql: no rows in result set
2026/03/21 22:24:12 swarm ws: failed to load state for aaaabbbbcccc0002: sql: no rows in result set
2026/03/21 22:24:12 swarm ws: failed to load state for aaaabbbbcccc0001: sql: no rows in result set
2026/03/21 22:24:12 swarm ws: failed to load state for aaaabbbbcccc0002: sql: no rows in result set
2026/03/21 22:24:12 swarm ws: failed to load state for aaaabbbbcccc0001: sql: no rows in result set
2026/03/21 22:24:12 swarm ws: failed to load state for aaaabbbbcccc0002: sql: no rows in result set
2026/03/21 22:24:12 swarm ws: failed to load state for aaaabbbbcccc0001: sql: no rows in result set
2026/03/21 22:24:12 swarm ws: failed to load state for aaaabbbbcccc0002: sql: no rows in result set
2026/03/21 22:24:12 swarm ws: failed to load state for aaaabbbbcccc0001: sql: no rows in result set
2026/03/21 22:24:12 swarm ws: failed to load state for aaaabbbbcccc0001: sql: no rows in result set
2026/03/21 22:24:12 swarm ws: failed to load state for aaaabbbbcccc0002: sql: no rows in result set
2026/03/21 22:24:12 swarm ws: failed to load state for aaaabbbbcccc0001: sql: no rows in result set
2026/03/21 22:24:12 swarm ws: failed to load state for aaaabbbbcccc0002: sql: no rows in result set
2026/03/21 22:24:12 swarm ws: failed to load state for aaaabbbbcccc0002: sql: no rows in result set
2026/03/21 22:24:12 swarm ws: failed to load state for aaaabbbbcccc0001: sql: no rows in result set
2026/03/21 22:24:12 swarm ws: failed to load state for aaaabbbbcccc0001: sql: no rows in result set
2026/03/21 22:24:12 swarm ws: failed to load state for aaaabbbbcccc0002: sql: no rows in result set
2026/03/21 22:24:12 swarm ws: failed to load state for aaaabbbbcccc0002: sql: no rows in result set
2026/03/21 22:24:12 swarm ws: failed to load state for aaaabbbbcccc0001: sql: no rows in result set
2026/03/21 22:24:12 swarm ws: failed to load state for aaaabbbbcccc0001: sql: no rows in result set
2026/03/21 22:24:12 swarm ws: failed to load state for aaaabbbbcccc0002: sql: no rows in result set
2026/03/21 22:24:12 swarm ws: failed to load state for aaaabbbbcccc0001: sql: no rows in result set
2026/03/21 22:24:12 swarm ws: failed to load state for aaaabbbbcccc0002: sql: no rows in result set
2026/03/21 22:24:12 swarm ws: failed to load state for aaaabbbbcccc0002: sql: no rows in result set
2026/03/21 22:24:12 swarm ws: failed to load state for aaaabbbbcccc0001: sql: no rows in result set
2026/03/21 22:24:12 swarm ws: failed to load state for aaaabbbbcccc0002: sql: no rows in result set
2026/03/21 22:24:12 swarm ws: failed to load state for aaaabbbbcccc0001: sql: no rows in result set
2026/03/21 22:24:12 swarm ws: failed to load state for aaaabbbbcccc0002: sql: no rows in result set
2026/03/21 22:24:12 swarm ws: failed to load state for aaaabbbbcccc0001: sql: no rows in result set
2026/03/21 22:24:12 swarm ws: failed to load state for aaaabbbbcccc0002: sql: no rows in result set
2026/03/21 22:24:12 swarm ws: failed to load state for aaaabbbbcccc0001: sql: no rows in result set
2026/03/21 22:24:12 swarm ws: failed to load state for aaaabbbbcccc0001: sql: no rows in result set
2026/03/21 22:24:12 swarm ws: failed to load state for aaaabbbbcccc0002: sql: no rows in result set
2026/03/21 22:24:12 swarm ws: failed to load state for aaaabbbbcccc0001: sql: no rows in result set
2026/03/21 22:24:12 swarm ws: failed to load state for aaaabbbbcccc0002: sql: no rows in result set
2026/03/21 22:24:12 swarm ws: failed to load state for aaaabbbbcccc0001: sql: no rows in result set
2026/03/21 22:24:12 swarm ws: failed to load state for aaaabbbbcccc0002: sql: no rows in result set
2026/03/21 22:24:12 swarm ws: failed to load state for aaaabbbbcccc0001: sql: no rows in result set
2026/03/21 22:24:12 swarm ws: failed to load state for aaaabbbbcccc0002: sql: no rows in result set
2026/03/21 22:24:12 swarm ws: failed to load state for aaaabbbbcccc0001: sql: no rows in result set
2026/03/21 22:24:12 swarm ws: failed to load state for aaaabbbbcccc0002: sql: no rows in result set
2026/03/21 22:24:12 swarm ws: failed to load state for aaaabbbbcccc0001: sql: no rows in result set
2026/03/21 22:24:12 swarm ws: failed to load state for aaaabbbbcccc0002: sql: no rows in result set
2026/03/21 22:24:12 swarm ws: failed to load state for aaaabbbbcccc0002: sql: no rows in result set
2026/03/21 22:24:12 swarm ws: failed to load state for aaaabbbbcccc0001: sql: no rows in result set
2026/03/21 22:24:12 swarm ws: failed to load state for aaaabbbbcccc0002: sql: no rows in result set
2026/03/21 22:24:12 swarm ws: failed to load state for aaaabbbbcccc0002: sql: no rows in result set
2026/03/21 22:24:12 swarm ws: failed to load state for aaaabbbbcccc0001: sql: no rows in result set
2026/03/21 22:24:12 swarm ws: failed to load state for aaaabbbbcccc0001: sql: no rows in result set
2026/03/21 22:24:12 swarm ws: failed to load state for aaaabbbbcccc0002: sql: no rows in result set
2026/03/21 22:24:12 swarm ws: failed to load state for aaaabbbbcccc0001: sql: no rows in result set
2026/03/21 22:24:12 swarm ws: failed to load state for aaaabbbbcccc0002: sql: no rows in result set
2026/03/21 22:24:12 swarm ws: failed to load state for aaaabbbbcccc0001: sql: no rows in result set
2026/03/21 22:24:12 swarm ws: failed to load state for aaaabbbbcccc0001: sql: no rows in result set
2026/03/21 22:24:12 swarm ws: failed to load state for aaaabbbbcccc0002: sql: no rows in result set
2026/03/21 22:24:12 swarm ws: failed to load state for aaaabbbbcccc0001: sql: no rows in result set
2026/03/21 22:24:12 swarm ws: failed to load state for aaaabbbbcccc0002: sql: no rows in result set
2026/03/21 22:24:12 swarm ws: failed to load state for aaaabbbbcccc0001: sql: no rows in result set
2026/03/21 22:24:12 swarm ws: failed to load state for aaaabbbbcccc0002: sql: no rows in result set
2026/03/21 22:24:12 swarm ws: failed to load state for aaaabbbbcccc0001: sql: no rows in result set
2026/03/21 22:24:12 swarm ws: failed to load state for aaaabbbbcccc0002: sql: no rows in result set
2026/03/21 22:24:12 swarm ws: failed to load state for aaaabbbbcccc0001: sql: no rows in result set
2026/03/21 22:24:12 swarm ws: failed to load state for aaaabbbbcccc0002: sql: no rows in result set
2026/03/21 22:24:12 swarm ws: failed to load state for aaaabbbbcccc0001: sql: no rows in result set
2026/03/21 22:24:12 swarm ws: failed to load state for aaaabbbbcccc0002: sql: no rows in result set
2026/03/21 22:24:12 swarm ws: failed to load state for aaaabbbbcccc0002: sql: no rows in result set
2026/03/21 22:24:12 swarm ws: failed to load state for aaaabbbbcccc0001: sql: no rows in result set
2026/03/21 22:24:12 swarm ws: failed to load state for aaaabbbbcccc0001: sql: no rows in result set
2026/03/21 22:24:12 swarm ws: failed to load state for aaaabbbbcccc0002: sql: no rows in result set
2026/03/21 22:24:12 swarm ws: failed to load state for aaaabbbbcccc0002: sql: no rows in result set
2026/03/21 22:24:12 swarm ws: failed to load state for aaaabbbbcccc0001: sql: no rows in result set
2026/03/21 22:24:12 swarm ws: failed to load state for aaaabbbbcccc0001: sql: no rows in result set
2026/03/21 22:24:12 swarm ws: failed to load state for aaaabbbbcccc0002: sql: no rows in result set
2026/03/21 22:24:13 swarm ws: failed to load state for aaaabbbbcccc0001: sql: no rows in result set
2026/03/21 22:24:13 swarm ws: failed to load state for aaaabbbbcccc0002: sql: no rows in result set
2026/03/21 22:24:13 swarm ws: failed to load state for aaaabbbbcccc0002: sql: no rows in result set
2026/03/21 22:24:13 swarm ws: failed to load state for aaaabbbbcccc0001: sql: no rows in result set
2026/03/21 22:24:13 swarm ws: failed to load state for aaaabbbbcccc0002: sql: no rows in result set
2026/03/21 22:24:13 swarm ws: failed to load state for aaaabbbbcccc0001: sql: no rows in result set
2026/03/21 22:24:13 swarm ws: failed to load state for aaaabbbbcccc0001: sql: no rows in result set
2026/03/21 22:24:13 swarm ws: failed to load state for aaaabbbbcccc0002: sql: no rows in result set
2026/03/21 22:24:13 swarm ws: failed to load state for aaaabbbbcccc0001: sql: no rows in result set
2026/03/21 22:24:13 swarm ws: failed to load state for aaaabbbbcccc0002: sql: no rows in result set
2026/03/21 22:24:13 swarm ws: failed to load state for aaaabbbbcccc0001: sql: no rows in result set
2026/03/21 22:24:13 swarm ws: failed to load state for aaaabbbbcccc0001: sql: no rows in result set
2026/03/21 22:24:13 swarm ws: failed to load state for aaaabbbbcccc0002: sql: no rows in result set
2026/03/21 22:24:13 swarm ws: failed to load state for aaaabbbbcccc0002: sql: no rows in result set
2026/03/21 22:24:13 swarm ws: failed to load state for aaaabbbbcccc0001: sql: no rows in result set
2026/03/21 22:24:13 swarm ws: failed to load state for aaaabbbbcccc0001: sql: no rows in result set
2026/03/21 22:24:13 swarm ws: failed to load state for aaaabbbbcccc0002: sql: no rows in result set
2026/03/21 22:24:13 swarm ws: failed to load state for aaaabbbbcccc0002: sql: no rows in result set
2026/03/21 22:24:13 swarm ws: failed to load state for aaaabbbbcccc0001: sql: no rows in result set
2026/03/21 22:24:13 swarm ws: failed to load state for aaaabbbbcccc0002: sql: no rows in result set
2026/03/21 22:24:13 swarm ws: failed to load state for aaaabbbbcccc0001: sql: no rows in result set
2026/03/21 22:24:13 swarm ws: failed to load state for aaaabbbbcccc0001: sql: no rows in result set
2026/03/21 22:24:13 swarm ws: failed to load state for aaaabbbbcccc0002: sql: no rows in result set
2026/03/21 22:24:13 swarm ws: failed to load state for aaaabbbbcccc0002: sql: no rows in result set
2026/03/21 22:24:13 swarm ws: failed to load state for aaaabbbbcccc0001: sql: no rows in result set
2026/03/21 22:24:13 swarm ws: failed to load state for aaaabbbbcccc0002: sql: no rows in result set
2026/03/21 22:24:13 swarm ws: failed to load state for aaaabbbbcccc0002: sql: no rows in result set
2026/03/21 22:24:13 swarm ws: failed to load state for aaaabbbbcccc0001: sql: no rows in result set
2026/03/21 22:24:13 swarm ws: failed to load state for aaaabbbbcccc0001: sql: no rows in result set
2026/03/21 22:24:13 swarm ws: failed to load state for aaaabbbbcccc0002: sql: no rows in result set
2026/03/21 22:24:13 swarm ws: failed to load state for aaaabbbbcccc0001: sql: no rows in result set
2026/03/21 22:24:13 swarm ws: failed to load state for aaaabbbbcccc0001: sql: no rows in result set
2026/03/21 22:24:13 swarm ws: failed to load state for aaaabbbbcccc0002: sql: no rows in result set
2026/03/21 22:24:13 swarm ws: failed to load state for aaaabbbbcccc0001: sql: no rows in result set
2026/03/21 22:24:13 swarm ws: failed to load state for aaaabbbbcccc0002: sql: no rows in result set
2026/03/21 22:24:13 swarm ws: failed to load state for aaaabbbbcccc0002: sql: no rows in result set
2026/03/21 22:24:13 swarm ws: failed to load state for aaaabbbbcccc0002: sql: no rows in result set
2026/03/21 22:24:13 swarm ws: failed to load state for aaaabbbbcccc0001: sql: no rows in result set
2026/03/21 22:24:13 swarm ws: failed to load state for aaaabbbbcccc0001: sql: no rows in result set
2026/03/21 22:24:13 swarm ws: failed to load state for aaaabbbbcccc0002: sql: no rows in result set
2026/03/21 22:24:13 swarm ws: failed to load state for aaaabbbbcccc0001: sql: no rows in result set
2026/03/21 22:24:13 swarm ws: failed to load state for aaaabbbbcccc0002: sql: no rows in result set
2026/03/21 22:24:13 swarm ws: failed to load state for aaaabbbbcccc0001: sql: no rows in result set
2026/03/21 22:24:13 swarm ws: failed to load state for aaaabbbbcccc0002: sql: no rows in result set
2026/03/21 22:24:13 swarm ws: failed to load state for aaaabbbbcccc0002: sql: no rows in result set
2026/03/21 22:24:13 swarm ws: failed to load state for aaaabbbbcccc0001: sql: no rows in result set
2026/03/21 22:24:13 swarm ws: failed to load state for aaaabbbbcccc0001: sql: no rows in result set
2026/03/21 22:24:13 swarm ws: failed to load state for aaaabbbbcccc0001: sql: no rows in result set
2026/03/21 22:24:13 swarm ws: failed to load state for aaaabbbbcccc0002: sql: no rows in result set
2026/03/21 22:24:13 swarm ws: failed to load state for aaaabbbbcccc0002: sql: no rows in result set
2026/03/21 22:24:13 swarm ws: failed to load state for aaaabbbbcccc0002: sql: no rows in result set
2026/03/21 22:24:13 swarm ws: failed to load state for aaaabbbbcccc0001: sql: no rows in result set
2026/03/21 22:24:13 swarm ws: failed to load state for aaaabbbbcccc0001: sql: no rows in result set
2026/03/21 22:24:13 swarm ws: failed to load state for aaaabbbbcccc0002: sql: no rows in result set
2026/03/21 22:24:13 swarm ws: failed to load state for aaaabbbbcccc0002: sql: no rows in result set
2026/03/21 22:24:13 swarm ws: failed to load state for aaaabbbbcccc0001: sql: no rows in result set
2026/03/21 22:24:13 swarm ws: failed to load state for aaaabbbbcccc0002: sql: no rows in result set
2026/03/21 22:24:13 swarm ws: failed to load state for aaaabbbbcccc0001: sql: no rows in result set
2026/03/21 22:24:13 swarm ws: failed to load state for aaaabbbbcccc0002: sql: no rows in result set
2026/03/21 22:24:13 swarm ws: failed to load state for aaaabbbbcccc0002: sql: no rows in result set
2026/03/21 22:24:13 swarm ws: failed to load state for aaaabbbbcccc0001: sql: no rows in result set
2026/03/21 22:24:13 swarm ws: failed to load state for aaaabbbbcccc0001: sql: no rows in result set
2026/03/21 22:24:13 swarm ws: failed to load state for aaaabbbbcccc0001: sql: no rows in result set
2026/03/21 22:24:13 swarm ws: failed to load state for aaaabbbbcccc0002: sql: no rows in result set
2026/03/21 22:24:13 swarm ws: failed to load state for aaaabbbbcccc0002: sql: no rows in result set
2026/03/21 22:24:13 swarm ws: failed to load state for aaaabbbbcccc0001: sql: no rows in result set
2026/03/21 22:24:13 swarm ws: failed to load state for aaaabbbbcccc0001: sql: no rows in result set
2026/03/21 22:24:13 swarm ws: failed to load state for aaaabbbbcccc0001: sql: no rows in result set
2026/03/21 22:24:13 swarm ws: failed to load state for aaaabbbbcccc0001: sql: no rows in result set
2026/03/21 22:24:13 swarm ws: failed to load state for aaaabbbbcccc0002: sql: no rows in result set
2026/03/21 22:24:13 swarm ws: failed to load state for aaaabbbbcccc0002: sql: no rows in result set
2026/03/21 22:24:13 swarm ws: failed to load state for aaaabbbbcccc0002: sql: no rows in result set
2026/03/21 22:24:13 swarm ws: failed to load state for aaaabbbbcccc0001: sql: no rows in result set
2026/03/21 22:24:13 swarm ws: failed to load state for aaaabbbbcccc0001: sql: no rows in result set
2026/03/21 22:24:13 swarm ws: failed to load state for aaaabbbbcccc0002: sql: no rows in result set
2026/03/21 22:24:13 swarm ws: failed to load state for aaaabbbbcccc0002: sql: no rows in result set
2026/03/21 22:24:13 swarm ws: failed to load state for aaaabbbbcccc0002: sql: no rows in result set
2026/03/21 22:24:13 swarm ws: failed to load state for aaaabbbbcccc0001: sql: no rows in result set
2026/03/21 22:24:13 swarm ws: failed to load state for aaaabbbbcccc0002: sql: no rows in result set
2026/03/21 22:24:13 swarm ws: failed to load state for aaaabbbbcccc0001: sql: no rows in result set
2026/03/21 22:24:13 swarm ws: failed to load state for aaaabbbbcccc0002: sql: no rows in result set
2026/03/21 22:24:13 swarm ws: failed to load state for aaaabbbbcccc0001: sql: no rows in result set
2026/03/21 22:24:13 swarm ws: failed to load state for aaaabbbbcccc0001: sql: no rows in result set
2026/03/21 22:24:13 swarm ws: failed to load state for aaaabbbbcccc0001: sql: no rows in result set
2026/03/21 22:24:13 swarm ws: failed to load state for aaaabbbbcccc0002: sql: no rows in result set
2026/03/21 22:24:13 swarm ws: failed to load state for aaaabbbbcccc0002: sql: no rows in result set
2026/03/21 22:24:13 swarm ws: failed to load state for aaaabbbbcccc0001: sql: no rows in result set
2026/03/21 22:24:13 swarm ws: failed to load state for aaaabbbbcccc0001: sql: no rows in result set
2026/03/21 22:24:13 swarm ws: failed to load state for aaaabbbbcccc0002: sql: no rows in result set
2026/03/21 22:24:13 swarm ws: failed to load state for aaaabbbbcccc0002: sql: no rows in result set
2026/03/21 22:24:13 swarm ws: failed to load state for aaaabbbbcccc0001: sql: no rows in result set
2026/03/21 22:24:13 swarm ws: failed to load state for aaaabbbbcccc0001: sql: no rows in result set
2026/03/21 22:24:13 swarm ws: failed to load state for aaaabbbbcccc0002: sql: no rows in result set
2026/03/21 22:24:13 swarm ws: failed to load state for aaaabbbbcccc0001: sql: no rows in result set
2026/03/21 22:24:13 swarm ws: failed to load state for aaaabbbbcccc0002: sql: no rows in result set
2026/03/21 22:24:13 swarm ws: failed to load state for aaaabbbbcccc0002: sql: no rows in result set
2026/03/21 22:24:13 swarm ws: failed to load state for aaaabbbbcccc0002: sql: no rows in result set
2026/03/21 22:24:13 swarm ws: failed to load state for aaaabbbbcccc0002: sql: no rows in result set
2026/03/21 22:24:13 swarm ws: failed to load state for aaaabbbbcccc0001: sql: no rows in result set
2026/03/21 22:24:13 swarm ws: failed to load state for aaaabbbbcccc0002: sql: no rows in result set
2026/03/21 22:24:13 swarm ws: failed to load state for aaaabbbbcccc0001: sql: no rows in result set
2026/03/21 22:24:13 swarm ws: failed to load state for aaaabbbbcccc0002: sql: no rows in result set
2026/03/21 22:24:13 swarm ws: failed to load state for aaaabbbbcccc0001: sql: no rows in result set
2026/03/21 22:24:13 swarm ws: failed to load state for aaaabbbbcccc0002: sql: no rows in result set
2026/03/21 22:24:13 swarm ws: failed to load state for aaaabbbbcccc0001: sql: no rows in result set
2026/03/21 22:24:13 swarm ws: failed to load state for aaaabbbbcccc0001: sql: no rows in result set
2026/03/21 22:24:13 swarm ws: failed to load state for aaaabbbbcccc0001: sql: no rows in result set
2026/03/21 22:24:13 swarm ws: failed to load state for aaaabbbbcccc0002: sql: no rows in result set
2026/03/21 22:24:13 swarm ws: failed to load state for aaaabbbbcccc0002: sql: no rows in result set
2026/03/21 22:24:13 swarm ws: failed to load state for aaaabbbbcccc0002: sql: no rows in result set
2026/03/21 22:24:13 swarm ws: failed to load state for aaaabbbbcccc0001: sql: no rows in result set
2026/03/21 22:24:13 swarm ws: failed to load state for aaaabbbbcccc0001: sql: no rows in result set
2026/03/21 22:24:13 swarm ws: failed to load state for aaaabbbbcccc0002: sql: no rows in result set
2026/03/21 22:24:13 swarm ws: failed to load state for aaaabbbbcccc0001: sql: no rows in result set
2026/03/21 22:24:13 swarm ws: failed to load state for aaaabbbbcccc0001: sql: no rows in result set
2026/03/21 22:24:13 swarm ws: failed to load state for aaaabbbbcccc0001: sql: no rows in result set
2026/03/21 22:24:13 swarm ws: failed to load state for aaaabbbbcccc0002: sql: no rows in result set
2026/03/21 22:24:13 swarm ws: failed to load state for aaaabbbbcccc0002: sql: no rows in result set
2026/03/21 22:24:13 swarm ws: failed to load state for aaaabbbbcccc0002: sql: no rows in result set
2026/03/21 22:24:13 swarm ws: failed to load state for aaaabbbbcccc0001: sql: no rows in result set
2026/03/21 22:24:13 swarm ws: failed to load state for aaaabbbbcccc0001: sql: no rows in result set
2026/03/21 22:24:13 swarm ws: failed to load state for aaaabbbbcccc0002: sql: no rows in result set
2026/03/21 22:24:13 swarm ws: failed to load state for aaaabbbbcccc0001: sql: no rows in result set
2026/03/21 22:24:13 swarm ws: failed to load state for aaaabbbbcccc0002: sql: no rows in result set
2026/03/21 22:24:13 swarm ws: failed to load state for aaaabbbbcccc0002: sql: no rows in result set
2026/03/21 22:24:13 swarm ws: failed to load state for aaaabbbbcccc0001: sql: no rows in result set
2026/03/21 22:24:13 swarm ws: failed to load state for aaaabbbbcccc0001: sql: no rows in result set
2026/03/21 22:24:13 swarm ws: failed to load state for aaaabbbbcccc0002: sql: no rows in result set
2026/03/21 22:24:13 swarm ws: failed to load state for aaaabbbbcccc0001: sql: no rows in result set
2026/03/21 22:24:13 swarm ws: failed to load state for aaaabbbbcccc0002: sql: no rows in result set
2026/03/21 22:24:13 swarm ws: failed to load state for aaaabbbbcccc0002: sql: no rows in result set
2026/03/21 22:24:13 swarm ws: failed to load state for aaaabbbbcccc0001: sql: no rows in result set
2026/03/21 22:24:13 swarm ws: failed to load state for aaaabbbbcccc0002: sql: no rows in result set
2026/03/21 22:24:13 swarm ws: failed to load state for aaaabbbbcccc0001: sql: no rows in result set
2026/03/21 22:24:13 swarm ws: failed to load state for aaaabbbbcccc0002: sql: no rows in result set
2026/03/21 22:24:13 swarm ws: failed to load state for aaaabbbbcccc0001: sql: no rows in result set
2026/03/21 22:24:13 swarm ws: failed to load state for aaaabbbbcccc0001: sql: no rows in result set
2026/03/21 22:24:13 swarm ws: failed to load state for aaaabbbbcccc0002: sql: no rows in result set
2026/03/21 22:24:13 swarm ws: failed to load state for aaaabbbbcccc0001: sql: no rows in result set
2026/03/21 22:24:13 swarm ws: failed to load state for aaaabbbbcccc0002: sql: no rows in result set
2026/03/21 22:24:13 swarm ws: failed to load state for aaaabbbbcccc0002: sql: no rows in result set
2026/03/21 22:24:13 swarm ws: failed to load state for aaaabbbbcccc0001: sql: no rows in result set
2026/03/21 22:24:13 swarm ws: failed to load state for aaaabbbbcccc0002: sql: no rows in result set
2026/03/21 22:24:13 swarm ws: failed to load state for aaaabbbbcccc0001: sql: no rows in result set
2026/03/21 22:24:13 swarm ws: failed to load state for aaaabbbbcccc0001: sql: no rows in result set
2026/03/21 22:24:13 swarm ws: failed to load state for aaaabbbbcccc0002: sql: no rows in result set
2026/03/21 22:24:13 swarm ws: failed to load state for aaaabbbbcccc0001: sql: no rows in result set
2026/03/21 22:24:13 swarm ws: failed to load state for aaaabbbbcccc0002: sql: no rows in result set
2026/03/21 22:24:13 swarm ws: failed to load state for aaaabbbbcccc0001: sql: no rows in result set
2026/03/21 22:24:13 swarm ws: failed to load state for aaaabbbbcccc0002: sql: no rows in result set
2026/03/21 22:24:13 swarm ws: failed to load state for aaaabbbbcccc0001: sql: no rows in result set
2026/03/21 22:24:13 swarm ws: failed to load state for aaaabbbbcccc0002: sql: no rows in result set
2026/03/21 22:24:13 swarm ws: failed to load state for aaaabbbbcccc0002: sql: no rows in result set
2026/03/21 22:24:13 swarm ws: failed to load state for aaaabbbbcccc0001: sql: no rows in result set
2026/03/21 22:24:13 swarm ws: failed to load state for aaaabbbbcccc0001: sql: no rows in result set
2026/03/21 22:24:13 swarm ws: failed to load state for aaaabbbbcccc0002: sql: no rows in result set
2026/03/21 22:24:13 swarm ws: failed to load state for aaaabbbbcccc0001: sql: no rows in result set
2026/03/21 22:24:13 swarm ws: failed to load state for aaaabbbbcccc0002: sql: no rows in result set
2026/03/21 22:24:13 swarm ws: failed to load state for aaaabbbbcccc0002: sql: no rows in result set
2026/03/21 22:24:13 swarm ws: failed to load state for aaaabbbbcccc0002: sql: no rows in result set
2026/03/21 22:24:13 swarm ws: failed to load state for aaaabbbbcccc0001: sql: no rows in result set
2026/03/21 22:24:13 swarm ws: failed to load state for aaaabbbbcccc0002: sql: no rows in result set
2026/03/21 22:24:13 swarm ws: failed to load state for aaaabbbbcccc0001: sql: no rows in result set
2026/03/21 22:24:13 swarm ws: failed to load state for aaaabbbbcccc0001: sql: no rows in result set
2026/03/21 22:24:13 swarm ws: failed to load state for aaaabbbbcccc0001: sql: no rows in result set
2026/03/21 22:24:13 swarm ws: failed to load state for aaaabbbbcccc0002: sql: no rows in result set
2026/03/21 22:24:13 swarm ws: failed to load state for aaaabbbbcccc0002: sql: no rows in result set
2026/03/21 22:24:13 swarm ws: failed to load state for aaaabbbbcccc0001: sql: no rows in result set
2026/03/21 22:24:13 swarm ws: failed to load state for aaaabbbbcccc0002: sql: no rows in result set
2026/03/21 22:24:13 swarm ws: failed to load state for aaaabbbbcccc0001: sql: no rows in result set
2026/03/21 22:24:13 swarm ws: failed to load state for aaaabbbbcccc0002: sql: no rows in result set
2026/03/21 22:24:13 swarm ws: failed to load state for aaaabbbbcccc0001: sql: no rows in result set
2026/03/21 22:24:13 swarm ws: failed to load state for aaaabbbbcccc0001: sql: no rows in result set
2026/03/21 22:24:13 swarm ws: failed to load state for aaaabbbbcccc0002: sql: no rows in result set
2026/03/21 22:24:13 swarm ws: failed to load state for aaaabbbbcccc0001: sql: no rows in result set
2026/03/21 22:24:13 swarm ws: failed to load state for aaaabbbbcccc0002: sql: no rows in result set
2026/03/21 22:24:13 swarm ws: failed to load state for aaaabbbbcccc0001: sql: no rows in result set
2026/03/21 22:24:13 swarm ws: failed to load state for aaaabbbbcccc0002: sql: no rows in result set
2026/03/21 22:24:13 swarm ws: failed to load state for aaaabbbbcccc0002: sql: no rows in result set
2026/03/21 22:24:13 swarm ws: failed to load state for aaaabbbbcccc0001: sql: no rows in result set
2026/03/21 22:24:13 swarm ws: failed to load state for aaaabbbbcccc0002: sql: no rows in result set
2026/03/21 22:24:13 swarm ws: failed to load state for aaaabbbbcccc0001: sql: no rows in result set
2026/03/21 22:24:13 swarm ws: failed to load state for aaaabbbbcccc0002: sql: no rows in result set
2026/03/21 22:24:13 swarm ws: failed to load state for aaaabbbbcccc0001: sql: no rows in result set
2026/03/21 22:24:13 swarm ws: failed to load state for aaaabbbbcccc0002: sql: no rows in result set
2026/03/21 22:24:13 swarm ws: failed to load state for aaaabbbbcccc0001: sql: no rows in result set
2026/03/21 22:24:13 swarm ws: failed to load state for aaaabbbbcccc0002: sql: no rows in result set
2026/03/21 22:24:13 swarm ws: failed to load state for aaaabbbbcccc0001: sql: no rows in result set
2026/03/21 22:24:13 swarm ws: failed to load state for aaaabbbbcccc0001: sql: no rows in result set
2026/03/21 22:24:13 swarm ws: failed to load state for aaaabbbbcccc0002: sql: no rows in result set
2026/03/21 22:24:13 swarm ws: failed to load state for aaaabbbbcccc0002: sql: no rows in result set
2026/03/21 22:24:13 swarm ws: failed to load state for aaaabbbbcccc0001: sql: no rows in result set
2026/03/21 22:24:13 swarm ws: failed to load state for aaaabbbbcccc0001: sql: no rows in result set
2026/03/21 22:24:13 swarm ws: failed to load state for aaaabbbbcccc0001: sql: no rows in result set
2026/03/21 22:24:13 swarm ws: failed to load state for aaaabbbbcccc0002: sql: no rows in result set
2026/03/21 22:24:13 swarm ws: failed to load state for aaaabbbbcccc0002: sql: no rows in result set
2026/03/21 22:24:13 swarm ws: failed to load state for aaaabbbbcccc0001: sql: no rows in result set
2026/03/21 22:24:13 swarm ws: failed to load state for aaaabbbbcccc0002: sql: no rows in result set
2026/03/21 22:24:13 swarm ws: failed to load state for aaaabbbbcccc0002: sql: no rows in result set
2026/03/21 22:24:13 swarm ws: failed to load state for aaaabbbbcccc0002: sql: no rows in result set
2026/03/21 22:24:13 swarm ws: failed to load state for aaaabbbbcccc0001: sql: no rows in result set
2026/03/21 22:24:13 swarm ws: failed to load state for aaaabbbbcccc0001: sql: no rows in result set
2026/03/21 22:24:13 swarm ws: failed to load state for aaaabbbbcccc0001: sql: no rows in result set
2026/03/21 22:24:13 swarm ws: failed to load state for aaaabbbbcccc0002: sql: no rows in result set
2026/03/21 22:24:13 swarm ws: failed to load state for aaaabbbbcccc0001: sql: no rows in result set
2026/03/21 22:24:13 swarm ws: failed to load state for aaaabbbbcccc0002: sql: no rows in result set
2026/03/21 22:24:13 swarm ws: failed to load state for aaaabbbbcccc0001: sql: no rows in result set
2026/03/21 22:24:13 swarm ws: failed to load state for aaaabbbbcccc0001: sql: no rows in result set
2026/03/21 22:24:13 swarm ws: failed to load state for aaaabbbbcccc0002: sql: no rows in result set
2026/03/21 22:24:13 swarm ws: failed to load state for aaaabbbbcccc0002: sql: no rows in result set
2026/03/21 22:24:13 swarm ws: failed to load state for aaaabbbbcccc0002: sql: no rows in result set
2026/03/21 22:24:13 swarm ws: failed to load state for aaaabbbbcccc0001: sql: no rows in result set
2026/03/21 22:24:14 swarm ws: failed to load state for aaaabbbbcccc0002: sql: no rows in result set
2026/03/21 22:24:14 swarm ws: failed to load state for aaaabbbbcccc0002: sql: no rows in result set
2026/03/21 22:24:14 swarm ws: failed to load state for aaaabbbbcccc0001: sql: no rows in result set
2026/03/21 22:24:14 swarm ws: failed to load state for aaaabbbbcccc0001: sql: no rows in result set
2026/03/21 22:24:14 swarm ws: failed to load state for aaaabbbbcccc0001: sql: no rows in result set
2026/03/21 22:24:14 swarm ws: failed to load state for aaaabbbbcccc0002: sql: no rows in result set
2026/03/21 22:24:14 swarm ws: failed to load state for aaaabbbbcccc0001: sql: no rows in result set
2026/03/21 22:24:14 swarm ws: failed to load state for aaaabbbbcccc0001: sql: no rows in result set
2026/03/21 22:24:14 swarm ws: failed to load state for aaaabbbbcccc0002: sql: no rows in result set
2026/03/21 22:24:14 swarm ws: failed to load state for aaaabbbbcccc0002: sql: no rows in result set
2026/03/21 22:24:14 swarm ws: failed to load state for aaaabbbbcccc0001: sql: no rows in result set
2026/03/21 22:24:14 swarm ws: failed to load state for aaaabbbbcccc0001: sql: no rows in result set
2026/03/21 22:24:14 swarm ws: failed to load state for aaaabbbbcccc0002: sql: no rows in result set
2026/03/21 22:24:14 swarm ws: failed to load state for aaaabbbbcccc0002: sql: no rows in result set
2026/03/21 22:24:14 swarm ws: failed to load state for aaaabbbbcccc0002: sql: no rows in result set
2026/03/21 22:24:14 swarm ws: failed to load state for aaaabbbbcccc0001: sql: no rows in result set
2026/03/21 22:24:14 swarm ws: failed to load state for aaaabbbbcccc0002: sql: no rows in result set
2026/03/21 22:24:14 swarm ws: failed to load state for aaaabbbbcccc0001: sql: no rows in result set
2026/03/21 22:24:14 swarm ws: failed to load state for aaaabbbbcccc0002: sql: no rows in result set
2026/03/21 22:24:14 swarm ws: failed to load state for aaaabbbbcccc0001: sql: no rows in result set
2026/03/21 22:24:14 swarm ws: failed to load state for aaaabbbbcccc0002: sql: no rows in result set
2026/03/21 22:24:14 swarm ws: failed to load state for aaaabbbbcccc0001: sql: no rows in result set
2026/03/21 22:24:14 swarm ws: failed to load state for aaaabbbbcccc0002: sql: no rows in result set
2026/03/21 22:24:14 swarm ws: failed to load state for aaaabbbbcccc0002: sql: no rows in result set
2026/03/21 22:24:14 swarm ws: failed to load state for aaaabbbbcccc0001: sql: no rows in result set
2026/03/21 22:24:14 swarm ws: failed to load state for aaaabbbbcccc0001: sql: no rows in result set
2026/03/21 22:24:14 swarm ws: failed to load state for aaaabbbbcccc0002: sql: no rows in result set
2026/03/21 22:24:14 swarm ws: failed to load state for aaaabbbbcccc0001: sql: no rows in result set
2026/03/21 22:24:14 swarm ws: failed to load state for aaaabbbbcccc0001: sql: no rows in result set
2026/03/21 22:24:14 swarm ws: failed to load state for aaaabbbbcccc0002: sql: no rows in result set
2026/03/21 22:24:14 swarm ws: failed to load state for aaaabbbbcccc0002: sql: no rows in result set
2026/03/21 22:24:14 swarm ws: failed to load state for aaaabbbbcccc0001: sql: no rows in result set
2026/03/21 22:24:14 swarm ws: failed to load state for aaaabbbbcccc0001: sql: no rows in result set
2026/03/21 22:24:14 swarm ws: failed to load state for aaaabbbbcccc0001: sql: no rows in result set
2026/03/21 22:24:14 swarm ws: failed to load state for aaaabbbbcccc0002: sql: no rows in result set
2026/03/21 22:24:14 swarm ws: failed to load state for aaaabbbbcccc0002: sql: no rows in result set
2026/03/21 22:24:14 swarm ws: failed to load state for aaaabbbbcccc0002: sql: no rows in result set
2026/03/21 22:24:14 swarm ws: failed to load state for aaaabbbbcccc0001: sql: no rows in result set
2026/03/21 22:24:14 swarm ws: failed to load state for aaaabbbbcccc0002: sql: no rows in result set
2026/03/21 22:24:14 swarm ws: failed to load state for aaaabbbbcccc0001: sql: no rows in result set
2026/03/21 22:24:14 swarm ws: failed to load state for aaaabbbbcccc0002: sql: no rows in result set
2026/03/21 22:24:14 swarm ws: failed to load state for aaaabbbbcccc0001: sql: no rows in result set
2026/03/21 22:24:14 swarm ws: failed to load state for aaaabbbbcccc0002: sql: no rows in result set
2026/03/21 22:24:14 swarm ws: failed to load state for aaaabbbbcccc0001: sql: no rows in result set
2026/03/21 22:24:14 swarm ws: failed to load state for aaaabbbbcccc0001: sql: no rows in result set
2026/03/21 22:24:14 swarm ws: failed to load state for aaaabbbbcccc0002: sql: no rows in result set
2026/03/21 22:24:14 swarm ws: failed to load state for aaaabbbbcccc0001: sql: no rows in result set
2026/03/21 22:24:14 swarm ws: failed to load state for aaaabbbbcccc0001: sql: no rows in result set
2026/03/21 22:24:14 swarm ws: failed to load state for aaaabbbbcccc0002: sql: no rows in result set
2026/03/21 22:24:14 swarm ws: failed to load state for aaaabbbbcccc0002: sql: no rows in result set
2026/03/21 22:24:14 swarm ws: failed to load state for aaaabbbbcccc0002: sql: no rows in result set
2026/03/21 22:24:14 swarm ws: failed to load state for aaaabbbbcccc0001: sql: no rows in result set
2026/03/21 22:24:14 swarm ws: failed to load state for aaaabbbbcccc0001: sql: no rows in result set
2026/03/21 22:24:14 swarm ws: failed to load state for aaaabbbbcccc0002: sql: no rows in result set
2026/03/21 22:24:14 swarm ws: failed to load state for aaaabbbbcccc0002: sql: no rows in result set
2026/03/21 22:24:14 swarm ws: failed to load state for aaaabbbbcccc0001: sql: no rows in result set
2026/03/21 22:24:14 swarm ws: failed to load state for aaaabbbbcccc0001: sql: no rows in result set
2026/03/21 22:24:14 swarm ws: failed to load state for aaaabbbbcccc0001: sql: no rows in result set
2026/03/21 22:24:14 swarm ws: failed to load state for aaaabbbbcccc0002: sql: no rows in result set
2026/03/21 22:24:14 swarm ws: failed to load state for aaaabbbbcccc0002: sql: no rows in result set
2026/03/21 22:24:14 swarm ws: failed to load state for aaaabbbbcccc0001: sql: no rows in result set
2026/03/21 22:24:14 swarm ws: failed to load state for aaaabbbbcccc0002: sql: no rows in result set
2026/03/21 22:24:14 swarm ws: failed to load state for aaaabbbbcccc0002: sql: no rows in result set
2026/03/21 22:24:14 swarm ws: failed to load state for aaaabbbbcccc0001: sql: no rows in result set
2026/03/21 22:24:14 swarm ws: failed to load state for aaaabbbbcccc0001: sql: no rows in result set
2026/03/21 22:24:14 swarm ws: failed to load state for aaaabbbbcccc0002: sql: no rows in result set
2026/03/21 22:24:14 swarm ws: failed to load state for aaaabbbbcccc0001: sql: no rows in result set
2026/03/21 22:24:14 swarm ws: failed to load state for aaaabbbbcccc0001: sql: no rows in result set
2026/03/21 22:24:14 swarm ws: failed to load state for aaaabbbbcccc0002: sql: no rows in result set
2026/03/21 22:24:14 swarm ws: failed to load state for aaaabbbbcccc0001: sql: no rows in result set
2026/03/21 22:24:14 swarm ws: failed to load state for aaaabbbbcccc0001: sql: no rows in result set
2026/03/21 22:24:14 swarm ws: failed to load state for aaaabbbbcccc0001: sql: no rows in result set
2026/03/21 22:24:14 swarm ws: failed to load state for aaaabbbbcccc0002: sql: no rows in result set
2026/03/21 22:24:14 swarm ws: failed to load state for aaaabbbbcccc0001: sql: no rows in result set
2026/03/21 22:24:14 swarm ws: failed to load state for aaaabbbbcccc0002: sql: no rows in result set
2026/03/21 22:24:14 swarm ws: failed to load state for aaaabbbbcccc0002: sql: no rows in result set
2026/03/21 22:24:14 swarm ws: failed to load state for aaaabbbbcccc0002: sql: no rows in result set
2026/03/21 22:24:14 swarm ws: failed to load state for aaaabbbbcccc0002: sql: no rows in result set
2026/03/21 22:24:14 swarm ws: failed to load state for aaaabbbbcccc0002: sql: no rows in result set
2026/03/21 22:24:14 swarm ws: failed to load state for aaaabbbbcccc0001: sql: no rows in result set
2026/03/21 22:24:14 swarm ws: failed to load state for aaaabbbbcccc0002: sql: no rows in result set
2026/03/21 22:24:14 swarm ws: failed to load state for aaaabbbbcccc0002: sql: no rows in result set
2026/03/21 22:24:14 swarm ws: failed to load state for aaaabbbbcccc0001: sql: no rows in result set
2026/03/21 22:24:14 swarm ws: failed to load state for aaaabbbbcccc0001: sql: no rows in result set
2026/03/21 22:24:14 swarm ws: failed to load state for aaaabbbbcccc0002: sql: no rows in result set
2026/03/21 22:24:14 swarm ws: failed to load state for aaaabbbbcccc0002: sql: no rows in result set
2026/03/21 22:24:14 swarm ws: failed to load state for aaaabbbbcccc0002: sql: no rows in result set
2026/03/21 22:24:14 swarm ws: failed to load state for aaaabbbbcccc0002: sql: no rows in result set
2026/03/21 22:24:14 swarm ws: failed to load state for aaaabbbbcccc0002: sql: no rows in result set
2026/03/21 22:24:14 swarm ws: failed to load state for aaaabbbbcccc0001: sql: no rows in result set
2026/03/21 22:24:14 swarm ws: failed to load state for aaaabbbbcccc0002: sql: no rows in result set
2026/03/21 22:24:14 swarm ws: failed to load state for aaaabbbbcccc0001: sql: no rows in result set
2026/03/21 22:24:14 swarm ws: failed to load state for aaaabbbbcccc0002: sql: no rows in result set
2026/03/21 22:24:14 swarm ws: failed to load state for aaaabbbbcccc0002: sql: no rows in result set
2026/03/21 22:24:14 swarm ws: failed to load state for aaaabbbbcccc0001: sql: no rows in result set
2026/03/21 22:24:14 swarm ws: failed to load state for aaaabbbbcccc0001: sql: no rows in result set
2026/03/21 22:24:14 swarm ws: failed to load state for aaaabbbbcccc0002: sql: no rows in result set
2026/03/21 22:24:14 swarm ws: failed to load state for aaaabbbbcccc0001: sql: no rows in result set
2026/03/21 22:24:14 swarm ws: failed to load state for aaaabbbbcccc0002: sql: no rows in result set
2026/03/21 22:24:14 swarm ws: failed to load state for aaaabbbbcccc0001: sql: no rows in result set
2026/03/21 22:24:14 swarm ws: failed to load state for aaaabbbbcccc0001: sql: no rows in result set
2026/03/21 22:24:14 swarm ws: failed to load state for aaaabbbbcccc0001: sql: no rows in result set
2026/03/21 22:24:14 swarm ws: failed to load state for aaaabbbbcccc0001: sql: no rows in result set
2026/03/21 22:24:14 swarm ws: failed to load state for aaaabbbbcccc0001: sql: no rows in result set
2026/03/21 22:24:14 swarm ws: failed to load state for aaaabbbbcccc0001: sql: no rows in result set
2026/03/21 22:24:14 swarm ws: failed to load state for aaaabbbbcccc0002: sql: no rows in result set
2026/03/21 22:24:14 swarm ws: failed to load state for aaaabbbbcccc0001: sql: no rows in result set
2026/03/21 22:24:14 swarm ws: failed to load state for aaaabbbbcccc0001: sql: no rows in result set
2026/03/21 22:24:14 swarm ws: failed to load state for aaaabbbbcccc0002: sql: no rows in result set
2026/03/21 22:24:14 swarm ws: failed to load state for aaaabbbbcccc0002: sql: no rows in result set
2026/03/21 22:24:14 swarm ws: failed to load state for aaaabbbbcccc0001: sql: no rows in result set
2026/03/21 22:24:14 swarm ws: failed to load state for aaaabbbbcccc0002: sql: no rows in result set
2026/03/21 22:24:14 swarm ws: failed to load state for aaaabbbbcccc0001: sql: no rows in result set
2026/03/21 22:24:14 swarm ws: failed to load state for aaaabbbbcccc0001: sql: no rows in result set
2026/03/21 22:24:14 swarm ws: failed to load state for aaaabbbbcccc0001: sql: no rows in result set
2026/03/21 22:24:14 swarm ws: failed to load state for aaaabbbbcccc0002: sql: no rows in result set
2026/03/21 22:24:14 swarm ws: failed to load state for aaaabbbbcccc0002: sql: no rows in result set
2026/03/21 22:24:14 swarm ws: failed to load state for aaaabbbbcccc0002: sql: no rows in result set
2026/03/21 22:24:14 swarm ws: failed to load state for aaaabbbbcccc0002: sql: no rows in result set
2026/03/21 22:24:14 swarm ws: failed to load state for aaaabbbbcccc0001: sql: no rows in result set
2026/03/21 22:24:14 swarm ws: failed to load state for aaaabbbbcccc0001: sql: no rows in result set
2026/03/21 22:24:14 swarm ws: failed to load state for aaaabbbbcccc0002: sql: no rows in result set
2026/03/21 22:24:14 swarm ws: failed to load state for aaaabbbbcccc0001: sql: no rows in result set
2026/03/21 22:24:14 swarm ws: failed to load state for aaaabbbbcccc0002: sql: no rows in result set
2026/03/21 22:24:14 swarm ws: failed to load state for aaaabbbbcccc0002: sql: no rows in result set
2026/03/21 22:24:14 swarm ws: failed to load state for aaaabbbbcccc0001: sql: no rows in result set
2026/03/21 22:24:14 swarm ws: failed to load state for aaaabbbbcccc0001: sql: no rows in result set
2026/03/21 22:24:14 swarm ws: failed to load state for aaaabbbbcccc0001: sql: no rows in result set
2026/03/21 22:24:14 swarm ws: failed to load state for aaaabbbbcccc0002: sql: no rows in result set
2026/03/21 22:24:14 swarm ws: failed to load state for aaaabbbbcccc0002: sql: no rows in result set
2026/03/21 22:24:14 swarm ws: failed to load state for aaaabbbbcccc0002: sql: no rows in result set
2026/03/21 22:24:14 swarm ws: failed to load state for aaaabbbbcccc0001: sql: no rows in result set
2026/03/21 22:24:14 swarm ws: failed to load state for aaaabbbbcccc0002: sql: no rows in result set
2026/03/21 22:24:14 swarm ws: failed to load state for aaaabbbbcccc0001: sql: no rows in result set
2026/03/21 22:24:14 swarm ws: failed to load state for aaaabbbbcccc0002: sql: no rows in result set
2026/03/21 22:24:14 swarm ws: failed to load state for aaaabbbbcccc0001: sql: no rows in result set
2026/03/21 22:24:14 swarm ws: failed to load state for aaaabbbbcccc0001: sql: no rows in result set
2026/03/21 22:24:14 swarm ws: failed to load state for aaaabbbbcccc0002: sql: no rows in result set
2026/03/21 22:24:14 swarm ws: failed to load state for aaaabbbbcccc0001: sql: no rows in result set
2026/03/21 22:24:14 swarm ws: failed to load state for aaaabbbbcccc0001: sql: no rows in result set
2026/03/21 22:24:14 swarm ws: failed to load state for aaaabbbbcccc0001: sql: no rows in result set
2026/03/21 22:24:14 swarm ws: failed to load state for aaaabbbbcccc0002: sql: no rows in result set
2026/03/21 22:24:14 swarm ws: failed to load state for aaaabbbbcccc0001: sql: no rows in result set
2026/03/21 22:24:14 swarm ws: failed to load state for aaaabbbbcccc0002: sql: no rows in result set
2026/03/21 22:24:14 swarm ws: failed to load state for aaaabbbbcccc0001: sql: no rows in result set
2026/03/21 22:24:14 swarm ws: failed to load state for aaaabbbbcccc0002: sql: no rows in result set
2026/03/21 22:24:14 swarm ws: failed to load state for aaaabbbbcccc0001: sql: no rows in result set
2026/03/21 22:24:14 swarm ws: failed to load state for aaaabbbbcccc0001: sql: no rows in result set
2026/03/21 22:24:14 swarm ws: failed to load state for aaaabbbbcccc0002: sql: no rows in result set
2026/03/21 22:24:14 swarm ws: failed to load state for aaaabbbbcccc0002: sql: no rows in result set
2026/03/21 22:24:14 swarm ws: failed to load state for aaaabbbbcccc0002: sql: no rows in result set
2026/03/21 22:24:14 swarm ws: failed to load state for aaaabbbbcccc0001: sql: no rows in result set
2026/03/21 22:24:14 swarm ws: failed to load state for aaaabbbbcccc0002: sql: no rows in result set
2026/03/21 22:24:14 swarm ws: failed to load state for aaaabbbbcccc0001: sql: no rows in result set
2026/03/21 22:24:14 swarm ws: failed to load state for aaaabbbbcccc0002: sql: no rows in result set
2026/03/21 22:24:14 swarm ws: failed to load state for aaaabbbbcccc0002: sql: no rows in result set
2026/03/21 22:24:14 swarm ws: failed to load state for aaaabbbbcccc0002: sql: no rows in result set
2026/03/21 22:24:14 swarm ws: failed to load state for aaaabbbbcccc0001: sql: no rows in result set
2026/03/21 22:24:14 swarm ws: failed to load state for aaaabbbbcccc0002: sql: no rows in result set
2026/03/21 22:24:14 swarm ws: failed to load state for aaaabbbbcccc0001: sql: no rows in result set
2026/03/21 22:24:14 swarm ws: failed to load state for aaaabbbbcccc0001: sql: no rows in result set
2026/03/21 22:24:14 swarm ws: failed to load state for aaaabbbbcccc0002: sql: no rows in result set
2026/03/21 22:24:14 swarm ws: failed to load state for aaaabbbbcccc0002: sql: no rows in result set
2026/03/21 22:24:14 swarm ws: failed to load state for aaaabbbbcccc0001: sql: no rows in result set
2026/03/21 22:24:14 swarm ws: failed to load state for aaaabbbbcccc0001: sql: no rows in result set
2026/03/21 22:24:14 swarm ws: failed to load state for aaaabbbbcccc0002: sql: no rows in result set
2026/03/21 22:24:14 swarm ws: failed to load state for aaaabbbbcccc0002: sql: no rows in result set
2026/03/21 22:24:14 swarm ws: failed to load state for aaaabbbbcccc0001: sql: no rows in result set
2026/03/21 22:24:14 swarm ws: failed to load state for aaaabbbbcccc0002: sql: no rows in result set
2026/03/21 22:24:14 swarm ws: failed to load state for aaaabbbbcccc0001: sql: no rows in result set
2026/03/21 22:24:14 swarm ws: failed to load state for aaaabbbbcccc0002: sql: no rows in result set
2026/03/21 22:24:14 swarm ws: failed to load state for aaaabbbbcccc0001: sql: no rows in result set
2026/03/21 22:24:14 swarm ws: failed to load state for aaaabbbbcccc0002: sql: no rows in result set
2026/03/21 22:24:14 swarm ws: failed to load state for aaaabbbbcccc0002: sql: no rows in result set
2026/03/21 22:24:14 swarm ws: failed to load state for aaaabbbbcccc0001: sql: no rows in result set
2026/03/21 22:24:14 swarm ws: failed to load state for aaaabbbbcccc0001: sql: no rows in result set
2026/03/21 22:24:14 swarm ws: failed to load state for aaaabbbbcccc0001: sql: no rows in result set
2026/03/21 22:24:14 swarm ws: failed to load state for aaaabbbbcccc0002: sql: no rows in result set
2026/03/21 22:24:14 swarm ws: failed to load state for aaaabbbbcccc0001: sql: no rows in result set
2026/03/21 22:24:14 swarm ws: failed to load state for aaaabbbbcccc0002: sql: no rows in result set
2026/03/21 22:24:14 swarm ws: failed to load state for aaaabbbbcccc0002: sql: no rows in result set
2026/03/21 22:24:14 swarm ws: failed to load state for aaaabbbbcccc0001: sql: no rows in result set
2026/03/21 22:24:14 swarm ws: failed to load state for aaaabbbbcccc0002: sql: no rows in result set
2026/03/21 22:24:14 swarm ws: failed to load state for aaaabbbbcccc0001: sql: no rows in result set
2026/03/21 22:24:14 swarm ws: failed to load state for aaaabbbbcccc0002: sql: no rows in result set
2026/03/21 22:24:14 swarm ws: failed to load state for aaaabbbbcccc0001: sql: no rows in result set
2026/03/21 22:24:14 swarm ws: failed to load state for aaaabbbbcccc0001: sql: no rows in result set
2026/03/21 22:24:14 swarm ws: failed to load state for aaaabbbbcccc0002: sql: no rows in result set
2026/03/21 22:24:14 swarm ws: failed to load state for aaaabbbbcccc0001: sql: no rows in result set
2026/03/21 22:24:14 swarm ws: failed to load state for aaaabbbbcccc0002: sql: no rows in result set
2026/03/21 22:24:14 swarm ws: failed to load state for aaaabbbbcccc0001: sql: no rows in result set
2026/03/21 22:24:14 swarm ws: failed to load state for aaaabbbbcccc0002: sql: no rows in result set
2026/03/21 22:24:14 swarm ws: failed to load state for aaaabbbbcccc0002: sql: no rows in result set
2026/03/21 22:24:14 swarm ws: failed to load state for aaaabbbbcccc0001: sql: no rows in result set
2026/03/21 22:24:14 swarm ws: failed to load state for aaaabbbbcccc0001: sql: no rows in result set
2026/03/21 22:24:14 swarm ws: failed to load state for aaaabbbbcccc0002: sql: no rows in result set
2026/03/21 22:24:14 swarm ws: failed to load state for aaaabbbbcccc0002: sql: no rows in result set
2026/03/21 22:24:14 swarm ws: failed to load state for aaaabbbbcccc0001: sql: no rows in result set
2026/03/21 22:24:14 swarm ws: failed to load state for aaaabbbbcccc0001: sql: no rows in result set
2026/03/21 22:24:14 swarm ws: failed to load state for aaaabbbbcccc0002: sql: no rows in result set
2026/03/21 22:24:14 swarm ws: failed to load state for aaaabbbbcccc0002: sql: no rows in result set
2026/03/21 22:24:14 swarm ws: failed to load state for aaaabbbbcccc0001: sql: no rows in result set
2026/03/21 22:24:14 swarm ws: failed to load state for aaaabbbbcccc0001: sql: no rows in result set
2026/03/21 22:24:14 swarm ws: failed to load state for aaaabbbbcccc0002: sql: no rows in result set
2026/03/21 22:24:14 swarm ws: failed to load state for aaaabbbbcccc0002: sql: no rows in result set
2026/03/21 22:24:14 swarm ws: failed to load state for aaaabbbbcccc0001: sql: no rows in result set
2026/03/21 22:24:14 swarm ws: failed to load state for aaaabbbbcccc0001: sql: no rows in result set
2026/03/21 22:24:14 swarm ws: failed to load state for aaaabbbbcccc0002: sql: no rows in result set
2026/03/21 22:24:14 swarm ws: failed to load state for aaaabbbbcccc0001: sql: no rows in result set
2026/03/21 22:24:14 swarm ws: failed to load state for aaaabbbbcccc0002: sql: no rows in result set
2026/03/21 22:24:14 swarm ws: failed to load state for aaaabbbbcccc0001: sql: no rows in result set
2026/03/21 22:24:14 swarm ws: failed to load state for aaaabbbbcccc0002: sql: no rows in result set
2026/03/21 22:24:14 swarm ws: failed to load state for aaaabbbbcccc0002: sql: no rows in result set
2026/03/21 22:24:14 swarm ws: failed to load state for aaaabbbbcccc0001: sql: no rows in result set
2026/03/21 22:24:14 swarm ws: failed to load state for aaaabbbbcccc0002: sql: no rows in result set
2026/03/21 22:24:14 swarm ws: failed to load state for aaaabbbbcccc0001: sql: no rows in result set
2026/03/21 22:24:14 swarm ws: failed to load state for aaaabbbbcccc0001: sql: no rows in result set
2026/03/21 22:24:14 swarm ws: failed to load state for aaaabbbbcccc0002: sql: no rows in result set
2026/03/21 22:24:14 swarm ws: failed to load state for aaaabbbbcccc0001: sql: no rows in result set
2026/03/21 22:24:14 swarm ws: failed to load state for aaaabbbbcccc0002: sql: no rows in result set
2026/03/21 22:24:14 swarm ws: failed to load state for aaaabbbbcccc0002: sql: no rows in result set
2026/03/21 22:24:14 swarm ws: failed to load state for aaaabbbbcccc0001: sql: no rows in result set
2026/03/21 22:24:14 swarm ws: failed to load state for aaaabbbbcccc0002: sql: no rows in result set
2026/03/21 22:24:14 swarm ws: failed to load state for aaaabbbbcccc0001: sql: no rows in result set
2026/03/21 22:24:14 swarm ws: failed to load state for aaaabbbbcccc0001: sql: no rows in result set
2026/03/21 22:24:14 swarm ws: failed to load state for aaaabbbbcccc0002: sql: no rows in result set
2026/03/21 22:24:14 swarm ws: failed to load state for aaaabbbbcccc0001: sql: no rows in result set
2026/03/21 22:24:14 swarm ws: failed to load state for aaaabbbbcccc0002: sql: no rows in result set
2026/03/21 22:24:14 swarm ws: failed to load state for aaaabbbbcccc0002: sql: no rows in result set
2026/03/21 22:24:14 swarm ws: failed to load state for aaaabbbbcccc0001: sql: no rows in result set
2026/03/21 22:24:14 swarm ws: failed to load state for aaaabbbbcccc0002: sql: no rows in result set
2026/03/21 22:24:14 swarm ws: failed to load state for aaaabbbbcccc0001: sql: no rows in result set
2026/03/21 22:24:14 swarm ws: failed to load state for aaaabbbbcccc0001: sql: no rows in result set
2026/03/21 22:24:14 swarm ws: failed to load state for aaaabbbbcccc0002: sql: no rows in result set
2026/03/21 22:24:14 swarm ws: failed to load state for aaaabbbbcccc0001: sql: no rows in result set
2026/03/21 22:24:14 swarm ws: failed to load state for aaaabbbbcccc0002: sql: no rows in result set
2026/03/21 22:24:14 swarm ws: failed to load state for aaaabbbbcccc0002: sql: no rows in result set
2026/03/21 22:24:14 swarm ws: failed to load state for aaaabbbbcccc0001: sql: no rows in result set
2026/03/21 22:24:14 swarm ws: failed to load state for aaaabbbbcccc0002: sql: no rows in result set
2026/03/21 22:24:14 swarm ws: failed to load state for aaaabbbbcccc0001: sql: no rows in result set
2026/03/21 22:24:14 swarm ws: failed to load state for aaaabbbbcccc0001: sql: no rows in result set
2026/03/21 22:24:14 swarm ws: failed to load state for aaaabbbbcccc0002: sql: no rows in result set
2026/03/21 22:24:14 swarm ws: failed to load state for aaaabbbbcccc0001: sql: no rows in result set
2026/03/21 22:24:14 swarm ws: failed to load state for aaaabbbbcccc0002: sql: no rows in result set
2026/03/21 22:24:14 swarm ws: failed to load state for aaaabbbbcccc0002: sql: no rows in result set
2026/03/21 22:24:14 swarm ws: failed to load state for aaaabbbbcccc0001: sql: no rows in result set
2026/03/21 22:24:14 swarm ws: failed to load state for aaaabbbbcccc0001: sql: no rows in result set
2026/03/21 22:24:14 swarm ws: failed to load state for aaaabbbbcccc0002: sql: no rows in result set
2026/03/21 22:24:14 swarm ws: failed to load state for aaaabbbbcccc0001: sql: no rows in result set
2026/03/21 22:24:14 swarm ws: failed to load state for aaaabbbbcccc0002: sql: no rows in result set
2026/03/21 22:24:15 swarm ws: failed to load state for aaaabbbbcccc0002: sql: no rows in result set
2026/03/21 22:24:15 swarm ws: failed to load state for aaaabbbbcccc0001: sql: no rows in result set
2026/03/21 22:24:15 swarm ws: failed to load state for aaaabbbbcccc0001: sql: no rows in result set
2026/03/21 22:24:15 swarm ws: failed to load state for aaaabbbbcccc0002: sql: no rows in result set
2026/03/21 22:24:15 swarm ws: failed to load state for aaaabbbbcccc0001: sql: no rows in result set
2026/03/21 22:24:15 swarm ws: failed to load state for aaaabbbbcccc0002: sql: no rows in result set
2026/03/21 22:24:15 swarm ws: failed to load state for aaaabbbbcccc0001: sql: no rows in result set
2026/03/21 22:24:15 swarm ws: failed to load state for aaaabbbbcccc0002: sql: no rows in result set
2026/03/21 22:24:15 swarm ws: failed to load state for aaaabbbbcccc0002: sql: no rows in result set
2026/03/21 22:24:15 swarm ws: failed to load state for aaaabbbbcccc0001: sql: no rows in result set
2026/03/21 22:24:15 swarm ws: failed to load state for aaaabbbbcccc0001: sql: no rows in result set
2026/03/21 22:24:15 swarm ws: failed to load state for aaaabbbbcccc0002: sql: no rows in result set
2026/03/21 22:24:15 swarm ws: failed to load state for aaaabbbbcccc0002: sql: no rows in result set
2026/03/21 22:24:15 swarm ws: failed to load state for aaaabbbbcccc0001: sql: no rows in result set
2026/03/21 22:24:15 swarm ws: failed to load state for aaaabbbbcccc0002: sql: no rows in result set
2026/03/21 22:24:15 swarm ws: failed to load state for aaaabbbbcccc0001: sql: no rows in result set
2026/03/21 22:24:15 swarm ws: failed to load state for aaaabbbbcccc0001: sql: no rows in result set
2026/03/21 22:24:15 swarm ws: failed to load state for aaaabbbbcccc0002: sql: no rows in result set
2026/03/21 22:24:15 swarm ws: failed to load state for aaaabbbbcccc0002: sql: no rows in result set
2026/03/21 22:24:15 swarm ws: failed to load state for aaaabbbbcccc0001: sql: no rows in result set
2026/03/21 22:24:15 swarm ws: failed to load state for aaaabbbbcccc0001: sql: no rows in result set
2026/03/21 22:24:15 swarm ws: failed to load state for aaaabbbbcccc0002: sql: no rows in result set
2026/03/21 22:24:15 swarm ws: failed to load state for aaaabbbbcccc0001: sql: no rows in result set
2026/03/21 22:24:15 swarm ws: failed to load state for aaaabbbbcccc0002: sql: no rows in result set
2026/03/21 22:24:15 swarm ws: failed to load state for aaaabbbbcccc0001: sql: no rows in result set
2026/03/21 22:24:15 swarm ws: failed to load state for aaaabbbbcccc0002: sql: no rows in result set
2026/03/21 22:24:15 swarm ws: failed to load state for aaaabbbbcccc0001: sql: no rows in result set
2026/03/21 22:24:15 swarm ws: failed to load state for aaaabbbbcccc0002: sql: no rows in result set
2026/03/21 22:24:15 swarm ws: failed to load state for aaaabbbbcccc0001: sql: no rows in result set
2026/03/21 22:24:15 swarm ws: failed to load state for aaaabbbbcccc0002: sql: no rows in result set
2026/03/21 22:24:15 swarm ws: failed to load state for aaaabbbbcccc0001: sql: no rows in result set
2026/03/21 22:24:15 swarm ws: failed to load state for aaaabbbbcccc0002: sql: no rows in result set
2026/03/21 22:24:15 swarm ws: failed to load state for aaaabbbbcccc0002: sql: no rows in result set
2026/03/21 22:24:15 swarm ws: failed to load state for aaaabbbbcccc0001: sql: no rows in result set
2026/03/21 22:24:15 swarm ws: failed to load state for aaaabbbbcccc0002: sql: no rows in result set
2026/03/21 22:24:15 swarm ws: failed to load state for aaaabbbbcccc0002: sql: no rows in result set
2026/03/21 22:24:15 swarm ws: failed to load state for aaaabbbbcccc0001: sql: no rows in result set
2026/03/21 22:24:15 swarm ws: failed to load state for aaaabbbbcccc0001: sql: no rows in result set
2026/03/21 22:24:15 swarm ws: failed to load state for aaaabbbbcccc0001: sql: no rows in result set
2026/03/21 22:24:15 swarm ws: failed to load state for aaaabbbbcccc0002: sql: no rows in result set
2026/03/21 22:24:15 swarm ws: failed to load state for aaaabbbbcccc0001: sql: no rows in result set
2026/03/21 22:24:15 swarm ws: failed to load state for aaaabbbbcccc0002: sql: no rows in result set
2026/03/21 22:24:15 swarm ws: failed to load state for aaaabbbbcccc0002: sql: no rows in result set
2026/03/21 22:24:15 swarm ws: failed to load state for aaaabbbbcccc0001: sql: no rows in result set
2026/03/21 22:24:15 swarm ws: failed to load state for aaaabbbbcccc0001: sql: no rows in result set
2026/03/21 22:24:15 swarm ws: failed to load state for aaaabbbbcccc0002: sql: no rows in result set
2026/03/21 22:24:15 swarm ws: failed to load state for aaaabbbbcccc0001: sql: no rows in result set
2026/03/21 22:24:15 swarm ws: failed to load state for aaaabbbbcccc0002: sql: no rows in result set
2026/03/21 22:24:15 swarm ws: failed to load state for aaaabbbbcccc0002: sql: no rows in result set
2026/03/21 22:24:15 swarm ws: failed to load state for aaaabbbbcccc0001: sql: no rows in result set
2026/03/21 22:24:15 swarm ws: failed to load state for aaaabbbbcccc0002: sql: no rows in result set
2026/03/21 22:24:15 swarm ws: failed to load state for aaaabbbbcccc0001: sql: no rows in result set
2026/03/21 22:24:15 swarm ws: failed to load state for aaaabbbbcccc0001: sql: no rows in result set
2026/03/21 22:24:15 swarm ws: failed to load state for aaaabbbbcccc0002: sql: no rows in result set
2026/03/21 22:24:15 swarm ws: failed to load state for aaaabbbbcccc0002: sql: no rows in result set
2026/03/21 22:24:15 swarm ws: failed to load state for aaaabbbbcccc0001: sql: no rows in result set
2026/03/21 22:24:15 swarm ws: failed to load state for aaaabbbbcccc0001: sql: no rows in result set
2026/03/21 22:24:15 swarm ws: failed to load state for aaaabbbbcccc0002: sql: no rows in result set
2026/03/21 22:24:15 swarm ws: failed to load state for aaaabbbbcccc0001: sql: no rows in result set
2026/03/21 22:24:15 swarm ws: failed to load state for aaaabbbbcccc0002: sql: no rows in result set
2026/03/21 22:24:15 swarm ws: failed to load state for aaaabbbbcccc0001: sql: no rows in result set
2026/03/21 22:24:15 swarm ws: failed to load state for aaaabbbbcccc0002: sql: no rows in result set
2026/03/21 22:24:15 swarm ws: failed to load state for aaaabbbbcccc0001: sql: no rows in result set
2026/03/21 22:24:15 swarm ws: failed to load state for aaaabbbbcccc0002: sql: no rows in result set
2026/03/21 22:24:15 swarm ws: failed to load state for aaaabbbbcccc0002: sql: no rows in result set
2026/03/21 22:24:15 swarm ws: failed to load state for aaaabbbbcccc0001: sql: no rows in result set
2026/03/21 22:24:15 swarm ws: failed to load state for aaaabbbbcccc0002: sql: no rows in result set
2026/03/21 22:24:15 swarm ws: failed to load state for aaaabbbbcccc0001: sql: no rows in result set
2026/03/21 22:24:15 swarm ws: failed to load state for aaaabbbbcccc0002: sql: no rows in result set
2026/03/21 22:24:15 swarm ws: failed to load state for aaaabbbbcccc0001: sql: no rows in result set
2026/03/21 22:24:15 swarm ws: failed to load state for aaaabbbbcccc0001: sql: no rows in result set
2026/03/21 22:24:15 swarm ws: failed to load state for aaaabbbbcccc0002: sql: no rows in result set
2026/03/21 22:24:15 swarm ws: failed to load state for aaaabbbbcccc0001: sql: no rows in result set
2026/03/21 22:24:15 swarm ws: failed to load state for aaaabbbbcccc0001: sql: no rows in result set
2026/03/21 22:24:15 swarm ws: failed to load state for aaaabbbbcccc0002: sql: no rows in result set
2026/03/21 22:24:15 swarm ws: failed to load state for aaaabbbbcccc0002: sql: no rows in result set
2026/03/21 22:24:15 swarm ws: failed to load state for aaaabbbbcccc0002: sql: no rows in result set
2026/03/21 22:24:58 swarm/plane: cached 100 work queue items for project 1974b497
2026/03/21 22:25:58 swarm/plane: cached 100 work queue items for project 1974b497
2026/03/21 22:26:58 swarm/plane: cached 100 work queue items for project 1974b497
2026/03/21 22:27:58 swarm/plane: cached 100 work queue items for project 1974b497
2026/03/21 22:28:58 swarm/plane: cached 100 work queue items for project 1974b497
2026/03/21 22:29:58 swarm/plane: cached 100 work queue items for project 1974b497
2026/03/21 22:30:58 swarm/plane: cached 100 work queue items for project 1974b497
2026/03/21 22:31:58 swarm/plane: cached 100 work queue items for project 1974b497
2026/03/21 22:32:58 swarm/plane: cached 100 work queue items for project 1974b497
2026/03/21 22:33:58 swarm/plane: cached 100 work queue items for project 1974b497
2026/03/21 22:34:58 swarm/plane: cached 100 work queue items for project 1974b497
2026/03/21 22:35:58 swarm/plane: cached 100 work queue items for project 1974b497
2026/03/21 22:36:58 swarm/plane: cached 100 work queue items for project 1974b497
2026/03/21 22:37:58 swarm/plane: cached 100 work queue items for project 1974b497
2026/03/21 22:38:58 swarm/plane: cached 100 work queue items for project 1974b497
2026/03/21 22:39:58 swarm/plane: cached 100 work queue items for project 1974b497
2026/03/21 22:40:58 swarm/plane: cached 100 work queue items for project 1974b497
2026/03/21 22:41:58 swarm/plane: cached 100 work queue items for project 1974b497
2026/03/21 22:42:58 swarm/plane: cached 100 work queue items for project 1974b497
2026/03/21 22:43:09 swarm: spawning scratch agent 8b4a069c — tmux=sw-8b4a069cb61f workdir=/home/sbarker/.swarmops/agents/8b4a069cb61fe79c30f537124c70d1b2
2026/03/21 22:43:21 channels: agent 8b4a069c SSE connected (run S6-aexvK)
2026/03/21 22:43:51 channels: agent 8b4a069c disconnected (queue preserved)
2026/03/21 22:43:58 swarm/plane: cached 100 work queue items for project 1974b497
2026/03/21 22:44:58 swarm/plane: cached 100 work queue items for project 1974b497
2026/03/21 22:45:58 swarm/plane: cached 100 work queue items for project 1974b497
2026/03/21 22:46:58 swarm/plane: cached 100 work queue items for project 1974b497
2026/03/21 22:47:58 swarm/plane: cached 100 work queue items for project 1974b497
2026/03/21 22:48:58 swarm/plane: cached 100 work queue items for project 1974b497
2026/03/21 22:49:58 swarm/plane: cached 100 work queue items for project 1974b497
2026/03/21 22:50:58 swarm/plane: cached 100 work queue items for project 1974b497
2026/03/21 22:51:58 swarm/plane: cached 100 work queue items for project 1974b497
2026/03/21 22:52:58 swarm/plane: cached 100 work queue items for project 1974b497
2026/03/21 22:53:58 swarm/plane: cached 100 work queue items for project 1974b497
2026/03/21 22:54:58 swarm/plane: cached 100 work queue items for project 1974b497
2026/03/21 22:55:58 swarm/plane: cached 100 work queue items for project 1974b497
2026/03/21 22:56:58 swarm/plane: cached 100 work queue items for project 1974b497
2026/03/21 22:57:58 swarm/plane: cached 100 work queue items for project 1974b497
2026/03/21 22:58:58 swarm/plane: cached 100 work queue items for project 1974b497
2026/03/21 22:59:58 swarm/plane: cached 100 work queue items for project 1974b497
2026/03/21 23:00:58 swarm/plane: cached 100 work queue items for project 1974b497
2026/03/21 23:01:58 swarm/plane: cached 100 work queue items for project 1974b497
2026/03/21 23:02:58 swarm/plane: cached 100 work queue items for project 1974b497
2026/03/21 23:03:58 swarm/plane: cached 100 work queue items for project 1974b497
2026/03/21 23:04:58 swarm/plane: cached 100 work queue items for project 1974b497
2026/03/21 23:05:58 swarm/plane: cached 100 work queue items for project 1974b497
2026/03/21 23:06:58 swarm/plane: cached 100 work queue items for project 1974b497
2026/03/21 23:07:58 swarm/plane: cached 100 work queue items for project 1974b497
2026/03/21 23:08:58 swarm/plane: cached 100 work queue items for project 1974b497
2026/03/21 23:09:58 swarm/plane: cached 100 work queue items for project 1974b497
2026/03/21 23:10:58 swarm/plane: cached 100 work queue items for project 1974b497
2026/03/21 23:11:58 swarm/plane: cached 100 work queue items for project 1974b497
2026/03/21 23:12:58 swarm/plane: cached 100 work queue items for project 1974b497
2026/03/21 23:13:58 swarm/plane: cached 100 work queue items for project 1974b497
2026/03/21 23:14:58 swarm/plane: cached 100 work queue items for project 1974b497
2026/03/21 23:15:46 swarm ws: failed to load state for aaaabbbbcccc0001: sql: no rows in result set
2026/03/21 23:15:46 swarm ws: failed to load state for aaaabbbbcccc0002: sql: no rows in result set
2026/03/21 23:15:46 swarm ws: failed to load state for s10000000000: sql: no rows in result set
2026/03/21 23:15:46 swarm ws: failed to load state for s10000000000: sql: no rows in result set
2026/03/21 23:15:46 swarm ws: failed to load state for s10000000000: sql: no rows in result set
2026/03/21 23:15:46 swarm ws: failed to load state for s10000000000: sql: no rows in result set
2026/03/21 23:15:46 swarm ws: failed to load state for s10000000000: sql: no rows in result set
2026/03/21 23:15:46 swarm ws: failed to load state for s10000000000: sql: no rows in result set
2026/03/21 23:15:46 swarm ws: failed to load state for aaaabbbbcccc0001: sql: no rows in result set
2026/03/21 23:15:46 swarm ws: failed to load state for aaaabbbbcccc0002: sql: no rows in result set
2026/03/21 23:15:46 swarm ws: failed to load state for aaaabbbbcccc0001: sql: no rows in result set
2026/03/21 23:15:46 swarm ws: failed to load state for s10000000000: sql: no rows in result set
2026/03/21 23:15:46 swarm ws: failed to load state for s10000000000: sql: no rows in result set
2026/03/21 23:15:46 swarm ws: failed to load state for aaaabbbbcccc0002: sql: no rows in result set
2026/03/21 23:15:46 swarm ws: failed to load state for s20000000000: sql: no rows in result set
2026/03/21 23:15:46 swarm ws: failed to load state for s10000000000: sql: no rows in result set
2026/03/21 23:15:46 swarm ws: failed to load state for s30000000000: sql: no rows in result set
2026/03/21 23:15:46 swarm ws: failed to load state for s10000000000: sql: no rows in result set
2026/03/21 23:15:46 swarm ws: failed to load state for s10000000000: sql: no rows in result set
2026/03/21 23:15:46 swarm ws: failed to load state for aaaabbbbcccc0002: sql: no rows in result set
2026/03/21 23:15:46 swarm ws: failed to load state for aaaabbbbcccc0001: sql: no rows in result set
2026/03/21 23:15:46 swarm ws: failed to load state for aaaabbbbcccc0002: sql: no rows in result set
2026/03/21 23:15:46 swarm ws: failed to load state for aaaabbbbcccc0001: sql: no rows in result set
2026/03/21 23:15:46 swarm ws: failed to load state for aaaabbbbcccc0001: sql: no rows in result set
2026/03/21 23:15:46 swarm ws: failed to load state for aaaabbbbcccc0001: sql: no rows in result set
2026/03/21 23:15:46 swarm ws: failed to load state for aaaabbbbcccc0002: sql: no rows in result set
2026/03/21 23:15:46 swarm ws: failed to load state for aaaabbbbcccc0002: sql: no rows in result set
2026/03/21 23:15:46 swarm ws: failed to load state for aaaabbbbcccc0002: sql: no rows in result set
2026/03/21 23:15:46 swarm ws: failed to load state for aaaabbbbcccc0002: sql: no rows in result set
2026/03/21 23:15:46 swarm ws: failed to load state for aaaabbbbcccc0001: sql: no rows in result set
2026/03/21 23:15:46 swarm ws: failed to load state for aaaabbbbcccc0001: sql: no rows in result set
2026/03/21 23:15:46 swarm ws: failed to load state for aaaabbbbcccc0002: sql: no rows in result set
2026/03/21 23:15:46 swarm ws: failed to load state for aaaabbbbcccc0002: sql: no rows in result set
2026/03/21 23:15:46 swarm ws: failed to load state for aaaabbbbcccc0001: sql: no rows in result set
2026/03/21 23:15:46 swarm ws: failed to load state for aaaabbbbcccc0002: sql: no rows in result set
2026/03/21 23:15:46 swarm ws: failed to load state for aaaabbbbcccc0001: sql: no rows in result set
2026/03/21 23:15:46 swarm ws: failed to load state for aaaabbbbcccc0001: sql: no rows in result set
2026/03/21 23:15:46 swarm ws: failed to load state for aaaabbbbcccc0001: sql: no rows in result set
2026/03/21 23:15:46 swarm ws: failed to load state for aaaabbbbcccc0002: sql: no rows in result set
2026/03/21 23:15:46 swarm ws: failed to load state for aaaabbbbcccc0001: sql: no rows in result set
2026/03/21 23:15:46 swarm ws: failed to load state for aaaabbbbcccc0002: sql: no rows in result set
2026/03/21 23:15:46 swarm ws: failed to load state for aaaabbbbcccc0001: sql: no rows in result set
2026/03/21 23:15:46 swarm ws: failed to load state for aaaabbbbcccc0001: sql: no rows in result set
2026/03/21 23:15:46 swarm ws: failed to load state for aaaabbbbcccc0001: sql: no rows in result set
2026/03/21 23:15:46 swarm ws: failed to load state for aaaabbbbcccc0002: sql: no rows in result set
2026/03/21 23:15:47 swarm ws: failed to load state for aaaabbbbcccc0002: sql: no rows in result set
2026/03/21 23:15:47 swarm ws: failed to load state for aaaabbbbcccc0001: sql: no rows in result set
2026/03/21 23:15:47 swarm ws: failed to load state for aaaabbbbcccc0002: sql: no rows in result set
2026/03/21 23:15:47 swarm ws: failed to load state for aaaabbbbcccc0001: sql: no rows in result set
2026/03/21 23:15:47 swarm ws: failed to load state for aaaabbbbcccc0002: sql: no rows in result set
2026/03/21 23:15:47 swarm ws: failed to load state for aaaabbbbcccc0001: sql: no rows in result set
2026/03/21 23:15:47 swarm ws: failed to load state for aaaabbbbcccc0002: sql: no rows in result set
2026/03/21 23:15:47 swarm ws: failed to load state for aaaabbbbcccc0002: sql: no rows in result set
2026/03/21 23:15:47 swarm ws: failed to load state for aaaabbbbcccc0001: sql: no rows in result set
2026/03/21 23:15:47 swarm ws: failed to load state for aaaabbbbcccc0002: sql: no rows in result set
2026/03/21 23:15:47 swarm ws: failed to load state for aaaabbbbcccc0001: sql: no rows in result set
2026/03/21 23:15:47 swarm ws: failed to load state for aaaabbbbcccc0001: sql: no rows in result set
2026/03/21 23:15:47 swarm ws: failed to load state for aaaabbbbcccc0001: sql: no rows in result set
2026/03/21 23:15:47 swarm ws: failed to load state for aaaabbbbcccc0001: sql: no rows in result set
2026/03/21 23:15:47 swarm ws: failed to load state for aaaabbbbcccc0002: sql: no rows in result set
2026/03/21 23:15:47 swarm ws: failed to load state for aaaabbbbcccc0002: sql: no rows in result set
2026/03/21 23:15:47 swarm ws: failed to load state for aaaabbbbcccc0002: sql: no rows in result set
2026/03/21 23:15:47 swarm ws: failed to load state for aaaabbbbcccc0002: sql: no rows in result set
2026/03/21 23:15:47 swarm ws: failed to load state for aaaabbbbcccc0002: sql: no rows in result set
2026/03/21 23:15:47 swarm ws: failed to load state for aaaabbbbcccc0001: sql: no rows in result set
2026/03/21 23:15:47 swarm ws: failed to load state for aaaabbbbcccc0001: sql: no rows in result set
2026/03/21 23:15:47 swarm ws: failed to load state for aaaabbbbcccc0001: sql: no rows in result set
2026/03/21 23:15:47 swarm ws: failed to load state for aaaabbbbcccc0002: sql: no rows in result set
2026/03/21 23:15:47 swarm ws: failed to load state for aaaabbbbcccc0002: sql: no rows in result set
2026/03/21 23:15:47 swarm ws: failed to load state for aaaabbbbcccc0001: sql: no rows in result set
2026/03/21 23:15:47 swarm ws: failed to load state for aaaabbbbcccc0002: sql: no rows in result set
2026/03/21 23:15:47 swarm ws: failed to load state for aaaabbbbcccc0001: sql: no rows in result set
2026/03/21 23:15:47 swarm ws: failed to load state for aaaabbbbcccc0002: sql: no rows in result set
2026/03/21 23:15:47 swarm ws: failed to load state for aaaabbbbcccc0002: sql: no rows in result set
2026/03/21 23:15:47 swarm ws: failed to load state for aaaabbbbcccc0001: sql: no rows in result set
2026/03/21 23:15:47 swarm ws: failed to load state for aaaabbbbcccc0001: sql: no rows in result set
2026/03/21 23:15:47 swarm ws: failed to load state for aaaabbbbcccc0002: sql: no rows in result set
2026/03/21 23:15:47 swarm ws: failed to load state for aaaabbbbcccc0002: sql: no rows in result set
2026/03/21 23:15:47 swarm ws: failed to load state for s10000000000: sql: no rows in result set
2026/03/21 23:15:47 swarm ws: failed to load state for s10000000000: sql: no rows in result set
2026/03/21 23:15:47 swarm ws: failed to load state for aaaabbbbcccc0001: sql: no rows in result set
2026/03/21 23:15:47 swarm ws: failed to load state for aaaabbbbcccc0001: sql: no rows in result set
2026/03/21 23:15:47 swarm ws: failed to load state for aaaabbbbcccc0002: sql: no rows in result set
2026/03/21 23:15:47 swarm ws: failed to load state for aaaabbbbcccc0001: sql: no rows in result set
2026/03/21 23:15:47 swarm ws: failed to load state for aaaabbbbcccc0002: sql: no rows in result set
2026/03/21 23:15:47 swarm ws: failed to load state for s10000000000: sql: no rows in result set
2026/03/21 23:15:47 swarm ws: failed to load state for s10000000000: sql: no rows in result set
2026/03/21 23:15:47 swarm ws: failed to load state for s10000000000: sql: no rows in result set
2026/03/21 23:15:47 swarm ws: failed to load state for s10000000000: sql: no rows in result set
2026/03/21 23:15:47 swarm ws: failed to load state for s10000000000: sql: no rows in result set
2026/03/21 23:15:47 swarm ws: failed to load state for aaaabbbbcccc0002: sql: no rows in result set
2026/03/21 23:15:47 swarm ws: failed to load state for aaaabbbbcccc0001: sql: no rows in result set
2026/03/21 23:15:47 swarm ws: failed to load state for aaaabbbbcccc0001: sql: no rows in result set
2026/03/21 23:15:47 swarm ws: failed to load state for aaaabbbbcccc0002: sql: no rows in result set
2026/03/21 23:15:47 swarm ws: failed to load state for aaaabbbbcccc0001: sql: no rows in result set
2026/03/21 23:15:47 swarm ws: failed to load state for aaaabbbbcccc0002: sql: no rows in result set
2026/03/21 23:15:47 swarm ws: failed to load state for aaaabbbbcccc0002: sql: no rows in result set
2026/03/21 23:15:47 swarm ws: failed to load state for aaaabbbbcccc0002: sql: no rows in result set
2026/03/21 23:15:47 swarm ws: failed to load state for aaaabbbbcccc0001: sql: no rows in result set
2026/03/21 23:15:47 swarm ws: failed to load state for aaaabbbbcccc0001: sql: no rows in result set
2026/03/21 23:15:47 swarm ws: failed to load state for aaaabbbbcccc0001: sql: no rows in result set
2026/03/21 23:15:47 swarm ws: failed to load state for s10000000000: sql: no rows in result set
2026/03/21 23:15:47 swarm ws: failed to load state for aaaabbbbcccc0002: sql: no rows in result set
2026/03/21 23:15:47 swarm ws: failed to load state for s30000000000: sql: no rows in result set
2026/03/21 23:15:47 swarm ws: failed to load state for s20000000000: sql: no rows in result set
2026/03/21 23:15:47 swarm ws: failed to load state for sess-x000000: sql: no rows in result set
2026/03/21 23:15:47 swarm ws: failed to load state for aaaabbbbcccc0002: sql: no rows in result set
2026/03/21 23:15:47 swarm ws: failed to load state for aaaabbbbcccc0001: sql: no rows in result set
2026/03/21 23:15:47 swarm ws: failed to load state for aaaabbbbcccc0001: sql: no rows in result set
2026/03/21 23:15:47 swarm ws: failed to load state for aaaabbbbcccc0002: sql: no rows in result set
2026/03/21 23:15:47 swarm ws: failed to load state for s-goals00000: sql: no rows in result set
2026/03/21 23:15:47 swarm ws: failed to load state for aaaabbbbcccc0002: sql: no rows in result set
2026/03/21 23:15:47 swarm ws: failed to load state for aaaabbbbcccc0001: sql: no rows in result set
2026/03/21 23:15:47 swarm ws: failed to load state for aaaabbbbcccc0001: sql: no rows in result set
2026/03/21 23:15:47 swarm ws: failed to load state for s-gnav000000: sql: no rows in result set
2026/03/21 23:15:47 swarm ws: failed to load state for aaaabbbbcccc0001: sql: no rows in result set
2026/03/21 23:15:47 swarm ws: failed to load state for aaaabbbbcccc0001: sql: no rows in result set
2026/03/21 23:15:47 swarm ws: failed to load state for aaaabbbbcccc0002: sql: no rows in result set
2026/03/21 23:15:47 swarm ws: failed to load state for aaaabbbbcccc0002: sql: no rows in result set
2026/03/21 23:15:47 swarm ws: failed to load state for aaaabbbbcccc0002: sql: no rows in result set
2026/03/21 23:15:47 swarm ws: failed to load state for aaaabbbbcccc0001: sql: no rows in result set
2026/03/21 23:15:47 swarm ws: failed to load state for aaaabbbbcccc0001: sql: no rows in result set
2026/03/21 23:15:47 swarm ws: failed to load state for aaaabbbbcccc0001: sql: no rows in result set
2026/03/21 23:15:47 swarm ws: failed to load state for aaaabbbbcccc0002: sql: no rows in result set
2026/03/21 23:15:47 swarm ws: failed to load state for aaaabbbbcccc0001: sql: no rows in result set
2026/03/21 23:15:47 swarm ws: failed to load state for aaaabbbbcccc0002: sql: no rows in result set
2026/03/21 23:15:47 swarm ws: failed to load state for aaaabbbbcccc0001: sql: no rows in result set
2026/03/21 23:15:47 swarm ws: failed to load state for aaaabbbbcccc0001: sql: no rows in result set
2026/03/21 23:15:47 swarm ws: failed to load state for aaaabbbbcccc0002: sql: no rows in result set
2026/03/21 23:15:47 swarm ws: failed to load state for aaaabbbbcccc0002: sql: no rows in result set
2026/03/21 23:15:47 swarm ws: failed to load state for aaaabbbbcccc0002: sql: no rows in result set
2026/03/21 23:15:47 swarm ws: failed to load state for aaaabbbbcccc0001: sql: no rows in result set
2026/03/21 23:15:47 swarm ws: failed to load state for aaaabbbbcccc0002: sql: no rows in result set
2026/03/21 23:15:47 swarm ws: failed to load state for aaaabbbbcccc0002: sql: no rows in result set
2026/03/21 23:15:47 swarm ws: failed to load state for aaaabbbbcccc0002: sql: no rows in result set
2026/03/21 23:15:47 swarm ws: failed to load state for aaaabbbbcccc0001: sql: no rows in result set
2026/03/21 23:15:47 swarm ws: failed to load state for aaaabbbbcccc0001: sql: no rows in result set
2026/03/21 23:15:47 swarm ws: failed to load state for aaaabbbbcccc0002: sql: no rows in result set
2026/03/21 23:15:47 swarm ws: failed to load state for aaaabbbbcccc0001: sql: no rows in result set
2026/03/21 23:15:47 swarm ws: failed to load state for aaaabbbbcccc0002: sql: no rows in result set
2026/03/21 23:15:47 swarm ws: failed to load state for aaaabbbbcccc0001: sql: no rows in result set
2026/03/21 23:15:47 swarm ws: failed to load state for aaaabbbbcccc0002: sql: no rows in result set
2026/03/21 23:15:47 swarm ws: failed to load state for aaaabbbbcccc0002: sql: no rows in result set
2026/03/21 23:15:47 swarm ws: failed to load state for aaaabbbbcccc0001: sql: no rows in result set
2026/03/21 23:15:47 swarm ws: failed to load state for aaaabbbbcccc0001: sql: no rows in result set
2026/03/21 23:15:47 swarm ws: failed to load state for aaaabbbbcccc0002: sql: no rows in result set
2026/03/21 23:15:47 swarm ws: failed to load state for aaaabbbbcccc0001: sql: no rows in result set
2026/03/21 23:15:47 swarm ws: failed to load state for aaaabbbbcccc0002: sql: no rows in result set
2026/03/21 23:15:47 swarm ws: failed to load state for aaaabbbbcccc0002: sql: no rows in result set
2026/03/21 23:15:47 swarm ws: failed to load state for aaaabbbbcccc0001: sql: no rows in result set
2026/03/21 23:15:47 swarm ws: failed to load state for aaaabbbbcccc0002: sql: no rows in result set
2026/03/21 23:15:47 swarm ws: failed to load state for aaaabbbbcccc0001: sql: no rows in result set
2026/03/21 23:15:47 swarm ws: failed to load state for aaaabbbbcccc0001: sql: no rows in result set
2026/03/21 23:15:47 swarm ws: failed to load state for aaaabbbbcccc0002: sql: no rows in result set
2026/03/21 23:15:47 swarm ws: failed to load state for aaaabbbbcccc0002: sql: no rows in result set
2026/03/21 23:15:47 swarm ws: failed to load state for aaaabbbbcccc0001: sql: no rows in result set
2026/03/21 23:15:58 swarm/plane: cached 100 work queue items for project 1974b497
2026/03/21 23:16:58 swarm/plane: cached 100 work queue items for project 1974b497
2026/03/21 23:17:58 swarm/plane: cached 100 work queue items for project 1974b497
2026/03/21 23:18:58 swarm/plane: cached 100 work queue items for project 1974b497
2026/03/21 23:19:58 swarm/plane: cached 100 work queue items for project 1974b497
2026/03/21 23:20:36 swarm ws: failed to load state for aaaabbbbcccc0002: sql: no rows in result set
2026/03/21 23:20:36 swarm ws: failed to load state for aaaabbbbcccc0001: sql: no rows in result set
2026/03/21 23:20:36 swarm ws: failed to load state for s10000000000: sql: no rows in result set
2026/03/21 23:20:36 swarm ws: failed to load state for s10000000000: sql: no rows in result set
2026/03/21 23:20:36 swarm ws: failed to load state for aaaabbbbcccc0002: sql: no rows in result set
2026/03/21 23:20:36 swarm ws: failed to load state for s10000000000: sql: no rows in result set
2026/03/21 23:20:36 swarm ws: failed to load state for s10000000000: sql: no rows in result set
2026/03/21 23:20:36 swarm ws: failed to load state for s10000000000: sql: no rows in result set
2026/03/21 23:20:36 swarm ws: failed to load state for aaaabbbbcccc0001: sql: no rows in result set
2026/03/21 23:20:36 swarm ws: failed to load state for s10000000000: sql: no rows in result set
2026/03/21 23:20:36 swarm ws: failed to load state for s10000000000: sql: no rows in result set
2026/03/21 23:20:36 swarm ws: failed to load state for aaaabbbbcccc0002: sql: no rows in result set
2026/03/21 23:20:36 swarm ws: failed to load state for aaaabbbbcccc0001: sql: no rows in result set
2026/03/21 23:20:36 swarm ws: failed to load state for s10000000000: sql: no rows in result set
2026/03/21 23:20:36 swarm ws: failed to load state for s10000000000: sql: no rows in result set
2026/03/21 23:20:36 swarm ws: failed to load state for s10000000000: sql: no rows in result set
2026/03/21 23:20:36 swarm ws: failed to load state for s20000000000: sql: no rows in result set
2026/03/21 23:20:36 swarm ws: failed to load state for s10000000000: sql: no rows in result set
2026/03/21 23:20:36 swarm ws: failed to load state for s30000000000: sql: no rows in result set
2026/03/21 23:20:36 swarm ws: failed to load state for aaaabbbbcccc0002: sql: no rows in result set
2026/03/21 23:20:36 swarm ws: failed to load state for aaaabbbbcccc0001: sql: no rows in result set
2026/03/21 23:20:36 swarm ws: failed to load state for aaaabbbbcccc0002: sql: no rows in result set
2026/03/21 23:20:36 swarm ws: failed to load state for aaaabbbbcccc0001: sql: no rows in result set
2026/03/21 23:20:36 swarm ws: failed to load state for aaaabbbbcccc0002: sql: no rows in result set
2026/03/21 23:20:36 swarm ws: failed to load state for aaaabbbbcccc0001: sql: no rows in result set
2026/03/21 23:20:36 swarm ws: failed to load state for aaaabbbbcccc0001: sql: no rows in result set
2026/03/21 23:20:36 swarm ws: failed to load state for aaaabbbbcccc0002: sql: no rows in result set
2026/03/21 23:20:36 swarm ws: failed to load state for aaaabbbbcccc0002: sql: no rows in result set
2026/03/21 23:20:36 swarm ws: failed to load state for aaaabbbbcccc0002: sql: no rows in result set
2026/03/21 23:20:36 swarm ws: failed to load state for aaaabbbbcccc0001: sql: no rows in result set
2026/03/21 23:20:36 swarm ws: failed to load state for aaaabbbbcccc0001: sql: no rows in result set
2026/03/21 23:20:36 swarm ws: failed to load state for aaaabbbbcccc0001: sql: no rows in result set
2026/03/21 23:20:36 swarm ws: failed to load state for aaaabbbbcccc0001: sql: no rows in result set
2026/03/21 23:20:36 swarm ws: failed to load state for aaaabbbbcccc0001: sql: no rows in result set
2026/03/21 23:20:36 swarm ws: failed to load state for aaaabbbbcccc0002: sql: no rows in result set
2026/03/21 23:20:36 swarm ws: failed to load state for aaaabbbbcccc0001: sql: no rows in result set
2026/03/21 23:20:36 swarm ws: failed to load state for aaaabbbbcccc0002: sql: no rows in result set
2026/03/21 23:20:36 swarm ws: failed to load state for aaaabbbbcccc0002: sql: no rows in result set
2026/03/21 23:20:36 swarm ws: failed to load state for aaaabbbbcccc0002: sql: no rows in result set
2026/03/21 23:20:36 swarm ws: failed to load state for aaaabbbbcccc0002: sql: no rows in result set
2026/03/21 23:20:36 swarm ws: failed to load state for aaaabbbbcccc0001: sql: no rows in result set
2026/03/21 23:20:36 swarm ws: failed to load state for aaaabbbbcccc0001: sql: no rows in result set
2026/03/21 23:20:36 swarm ws: failed to load state for aaaabbbbcccc0002: sql: no rows in result set
2026/03/21 23:20:36 swarm ws: failed to load state for aaaabbbbcccc0002: sql: no rows in result set
2026/03/21 23:20:36 swarm ws: failed to load state for aaaabbbbcccc0002: sql: no rows in result set
2026/03/21 23:20:36 swarm ws: failed to load state for aaaabbbbcccc0001: sql: no rows in result set
2026/03/21 23:20:36 swarm ws: failed to load state for aaaabbbbcccc0002: sql: no rows in result set
2026/03/21 23:20:36 swarm ws: failed to load state for aaaabbbbcccc0001: sql: no rows in result set
2026/03/21 23:20:36 swarm ws: failed to load state for aaaabbbbcccc0001: sql: no rows in result set
2026/03/21 23:20:36 swarm ws: failed to load state for aaaabbbbcccc0001: sql: no rows in result set
2026/03/21 23:20:36 swarm ws: failed to load state for aaaabbbbcccc0002: sql: no rows in result set
2026/03/21 23:20:36 swarm ws: failed to load state for aaaabbbbcccc0002: sql: no rows in result set
2026/03/21 23:20:36 swarm ws: failed to load state for aaaabbbbcccc0001: sql: no rows in result set
2026/03/21 23:20:36 swarm ws: failed to load state for aaaabbbbcccc0002: sql: no rows in result set
2026/03/21 23:20:36 swarm ws: failed to load state for aaaabbbbcccc0001: sql: no rows in result set
2026/03/21 23:20:36 swarm ws: failed to load state for aaaabbbbcccc0002: sql: no rows in result set
2026/03/21 23:20:36 swarm ws: failed to load state for aaaabbbbcccc0001: sql: no rows in result set
2026/03/21 23:20:36 swarm ws: failed to load state for aaaabbbbcccc0002: sql: no rows in result set
2026/03/21 23:20:36 swarm ws: failed to load state for aaaabbbbcccc0002: sql: no rows in result set
2026/03/21 23:20:36 swarm ws: failed to load state for aaaabbbbcccc0001: sql: no rows in result set
2026/03/21 23:20:36 swarm ws: failed to load state for aaaabbbbcccc0001: sql: no rows in result set
2026/03/21 23:20:36 swarm ws: failed to load state for aaaabbbbcccc0001: sql: no rows in result set
2026/03/21 23:20:36 swarm ws: failed to load state for aaaabbbbcccc0002: sql: no rows in result set
2026/03/21 23:20:36 swarm ws: failed to load state for aaaabbbbcccc0001: sql: no rows in result set
2026/03/21 23:20:36 swarm ws: failed to load state for aaaabbbbcccc0001: sql: no rows in result set
2026/03/21 23:20:36 swarm ws: failed to load state for aaaabbbbcccc0002: sql: no rows in result set
2026/03/21 23:20:36 swarm ws: failed to load state for aaaabbbbcccc0002: sql: no rows in result set
2026/03/21 23:20:36 swarm ws: failed to load state for aaaabbbbcccc0001: sql: no rows in result set
2026/03/21 23:20:36 swarm ws: failed to load state for aaaabbbbcccc0002: sql: no rows in result set
2026/03/21 23:20:36 swarm ws: failed to load state for aaaabbbbcccc0001: sql: no rows in result set
2026/03/21 23:20:36 swarm ws: failed to load state for aaaabbbbcccc0002: sql: no rows in result set
2026/03/21 23:20:36 swarm ws: failed to load state for aaaabbbbcccc0002: sql: no rows in result set
2026/03/21 23:20:36 swarm ws: failed to load state for aaaabbbbcccc0001: sql: no rows in result set
2026/03/21 23:20:36 swarm ws: failed to load state for aaaabbbbcccc0001: sql: no rows in result set
2026/03/21 23:20:36 swarm ws: failed to load state for aaaabbbbcccc0002: sql: no rows in result set
2026/03/21 23:20:36 swarm ws: failed to load state for aaaabbbbcccc0002: sql: no rows in result set
2026/03/21 23:20:36 swarm ws: failed to load state for aaaabbbbcccc0001: sql: no rows in result set
2026/03/21 23:20:36 swarm ws: failed to load state for aaaabbbbcccc0001: sql: no rows in result set
2026/03/21 23:20:36 swarm ws: failed to load state for aaaabbbbcccc0002: sql: no rows in result set
2026/03/21 23:20:36 swarm ws: failed to load state for aaaabbbbcccc0001: sql: no rows in result set
2026/03/21 23:20:36 swarm ws: failed to load state for aaaabbbbcccc0001: sql: no rows in result set
2026/03/21 23:20:36 swarm ws: failed to load state for aaaabbbbcccc0002: sql: no rows in result set
2026/03/21 23:20:36 swarm ws: failed to load state for aaaabbbbcccc0002: sql: no rows in result set
2026/03/21 23:20:36 swarm ws: failed to load state for s10000000000: sql: no rows in result set
2026/03/21 23:20:36 swarm ws: failed to load state for s10000000000: sql: no rows in result set
2026/03/21 23:20:36 swarm ws: failed to load state for s10000000000: sql: no rows in result set
2026/03/21 23:20:36 swarm ws: failed to load state for s10000000000: sql: no rows in result set
2026/03/21 23:20:36 swarm ws: failed to load state for s10000000000: sql: no rows in result set
2026/03/21 23:20:36 swarm ws: failed to load state for s10000000000: sql: no rows in result set
2026/03/21 23:20:36 swarm ws: failed to load state for s10000000000: sql: no rows in result set
2026/03/21 23:20:36 swarm ws: failed to load state for aaaabbbbcccc0001: sql: no rows in result set
2026/03/21 23:20:36 swarm ws: failed to load state for aaaabbbbcccc0002: sql: no rows in result set
2026/03/21 23:20:36 swarm ws: failed to load state for aaaabbbbcccc0001: sql: no rows in result set
2026/03/21 23:20:36 swarm ws: failed to load state for aaaabbbbcccc0002: sql: no rows in result set
2026/03/21 23:20:36 swarm ws: failed to load state for aaaabbbbcccc0002: sql: no rows in result set
2026/03/21 23:20:36 swarm ws: failed to load state for aaaabbbbcccc0001: sql: no rows in result set
2026/03/21 23:20:36 swarm ws: failed to load state for aaaabbbbcccc0001: sql: no rows in result set
2026/03/21 23:20:36 swarm ws: failed to load state for aaaabbbbcccc0002: sql: no rows in result set
2026/03/21 23:20:36 swarm ws: failed to load state for aaaabbbbcccc0002: sql: no rows in result set
2026/03/21 23:20:36 swarm ws: failed to load state for aaaabbbbcccc0001: sql: no rows in result set
2026/03/21 23:20:36 swarm ws: failed to load state for aaaabbbbcccc0001: sql: no rows in result set
2026/03/21 23:20:36 swarm ws: failed to load state for aaaabbbbcccc0002: sql: no rows in result set
2026/03/21 23:20:36 swarm ws: failed to load state for s30000000000: sql: no rows in result set
2026/03/21 23:20:36 swarm ws: failed to load state for s20000000000: sql: no rows in result set
2026/03/21 23:20:36 swarm ws: failed to load state for s10000000000: sql: no rows in result set
2026/03/21 23:20:36 swarm ws: failed to load state for aaaabbbbcccc0002: sql: no rows in result set
2026/03/21 23:20:36 swarm ws: failed to load state for aaaabbbbcccc0001: sql: no rows in result set
2026/03/21 23:20:36 swarm ws: failed to load state for sess-x000000: sql: no rows in result set
2026/03/21 23:20:36 swarm ws: failed to load state for aaaabbbbcccc0001: sql: no rows in result set
2026/03/21 23:20:36 swarm ws: failed to load state for aaaabbbbcccc0002: sql: no rows in result set
2026/03/21 23:20:36 swarm ws: failed to load state for aaaabbbbcccc0002: sql: no rows in result set
2026/03/21 23:20:36 swarm ws: failed to load state for aaaabbbbcccc0001: sql: no rows in result set
2026/03/21 23:20:36 swarm ws: failed to load state for s-goals00000: sql: no rows in result set
2026/03/21 23:20:36 swarm ws: failed to load state for aaaabbbbcccc0001: sql: no rows in result set
2026/03/21 23:20:36 swarm ws: failed to load state for aaaabbbbcccc0002: sql: no rows in result set
2026/03/21 23:20:36 swarm ws: failed to load state for aaaabbbbcccc0001: sql: no rows in result set
2026/03/21 23:20:36 swarm ws: failed to load state for s-gnav000000: sql: no rows in result set
2026/03/21 23:20:36 swarm ws: failed to load state for aaaabbbbcccc0001: sql: no rows in result set
2026/03/21 23:20:36 swarm ws: failed to load state for aaaabbbbcccc0002: sql: no rows in result set
2026/03/21 23:20:36 swarm ws: failed to load state for aaaabbbbcccc0002: sql: no rows in result set
2026/03/21 23:20:36 swarm ws: failed to load state for aaaabbbbcccc0002: sql: no rows in result set
2026/03/21 23:20:36 swarm ws: failed to load state for aaaabbbbcccc0001: sql: no rows in result set
2026/03/21 23:20:36 swarm ws: failed to load state for aaaabbbbcccc0001: sql: no rows in result set
2026/03/21 23:20:36 swarm ws: failed to load state for aaaabbbbcccc0002: sql: no rows in result set
2026/03/21 23:20:36 swarm ws: failed to load state for aaaabbbbcccc0002: sql: no rows in result set
2026/03/21 23:20:36 swarm ws: failed to load state for aaaabbbbcccc0001: sql: no rows in result set
2026/03/21 23:20:36 swarm ws: failed to load state for aaaabbbbcccc0002: sql: no rows in result set
2026/03/21 23:20:36 swarm ws: failed to load state for aaaabbbbcccc0001: sql: no rows in result set
2026/03/21 23:20:36 swarm ws: failed to load state for aaaabbbbcccc0001: sql: no rows in result set
2026/03/21 23:20:36 swarm ws: failed to load state for aaaabbbbcccc0002: sql: no rows in result set
2026/03/21 23:20:36 swarm ws: failed to load state for aaaabbbbcccc0001: sql: no rows in result set
2026/03/21 23:20:36 swarm ws: failed to load state for aaaabbbbcccc0002: sql: no rows in result set
2026/03/21 23:20:36 swarm ws: failed to load state for aaaabbbbcccc0001: sql: no rows in result set
2026/03/21 23:20:36 swarm ws: failed to load state for aaaabbbbcccc0001: sql: no rows in result set
2026/03/21 23:20:36 swarm ws: failed to load state for aaaabbbbcccc0002: sql: no rows in result set
2026/03/21 23:20:36 swarm ws: failed to load state for aaaabbbbcccc0002: sql: no rows in result set
2026/03/21 23:20:36 swarm ws: failed to load state for aaaabbbbcccc0001: sql: no rows in result set
2026/03/21 23:20:36 swarm ws: failed to load state for aaaabbbbcccc0002: sql: no rows in result set
2026/03/21 23:20:36 swarm ws: failed to load state for aaaabbbbcccc0001: sql: no rows in result set
2026/03/21 23:20:36 swarm ws: failed to load state for aaaabbbbcccc0002: sql: no rows in result set
2026/03/21 23:20:36 swarm ws: failed to load state for aaaabbbbcccc0001: sql: no rows in result set
2026/03/21 23:20:36 swarm ws: failed to load state for aaaabbbbcccc0002: sql: no rows in result set
2026/03/21 23:20:36 swarm ws: failed to load state for aaaabbbbcccc0001: sql: no rows in result set
2026/03/21 23:20:36 swarm ws: failed to load state for aaaabbbbcccc0002: sql: no rows in result set
2026/03/21 23:20:36 swarm ws: failed to load state for aaaabbbbcccc0001: sql: no rows in result set
2026/03/21 23:20:36 swarm ws: failed to load state for aaaabbbbcccc0002: sql: no rows in result set
2026/03/21 23:20:36 swarm ws: failed to load state for aaaabbbbcccc0001: sql: no rows in result set
2026/03/21 23:20:36 swarm ws: failed to load state for aaaabbbbcccc0002: sql: no rows in result set
2026/03/21 23:20:36 swarm ws: failed to load state for aaaabbbbcccc0001: sql: no rows in result set
2026/03/21 23:20:36 swarm ws: failed to load state for aaaabbbbcccc0002: sql: no rows in result set
2026/03/21 23:20:36 swarm ws: failed to load state for aaaabbbbcccc0002: sql: no rows in result set
2026/03/21 23:20:36 swarm ws: failed to load state for aaaabbbbcccc0001: sql: no rows in result set
2026/03/21 23:20:36 swarm ws: failed to load state for aaaabbbbcccc0001: sql: no rows in result set
2026/03/21 23:20:36 swarm ws: failed to load state for aaaabbbbcccc0002: sql: no rows in result set
2026/03/21 23:20:36 swarm ws: failed to load state for aaaabbbbcccc0002: sql: no rows in result set
2026/03/21 23:20:36 swarm ws: failed to load state for aaaabbbbcccc0001: sql: no rows in result set
2026/03/21 23:20:58 swarm/plane: cached 100 work queue items for project 1974b497
2026/03/21 23:21:58 swarm/plane: cached 100 work queue items for project 1974b497
2026/03/21 23:22:58 swarm/plane: cached 100 work queue items for project 1974b497
2026/03/21 23:23:58 swarm/plane: cached 100 work queue items for project 1974b497
2026/03/21 23:24:58 swarm/plane: cached 100 work queue items for project 1974b497
2026/03/21 23:25:58 swarm/plane: cached 100 work queue items for project 1974b497
2026/03/21 23:26:58 swarm/plane: cached 100 work queue items for project 1974b497
2026/03/21 23:27:58 swarm/plane: cached 100 work queue items for project 1974b497
2026/03/21 23:28:58 swarm/plane: cached 100 work queue items for project 1974b497
2026/03/21 23:29:58 swarm/plane: cached 100 work queue items for project 1974b497
2026/03/21 23:30:58 swarm/plane: cached 100 work queue items for project 1974b497
2026/03/21 23:31:58 swarm/plane: cached 100 work queue items for project 1974b497
2026/03/21 23:32:58 swarm/plane: cached 100 work queue items for project 1974b497
2026/03/21 23:33:58 swarm/plane: cached 100 work queue items for project 1974b497
2026/03/21 23:34:58 swarm/plane: cached 100 work queue items for project 1974b497
2026/03/21 23:35:58 swarm/plane: cached 100 work queue items for project 1974b497
2026/03/21 23:36:58 swarm/plane: cached 100 work queue items for project 1974b497
2026/03/21 23:37:58 swarm/plane: cached 100 work queue items for project 1974b497
2026/03/21 23:38:58 swarm/plane: cached 100 work queue items for project 1974b497
2026/03/21 23:39:58 swarm/plane: cached 100 work queue items for project 1974b497
2026/03/21 23:40:58 swarm/plane: cached 100 work queue items for project 1974b497
2026/03/21 23:41:58 swarm/plane: cached 100 work queue items for project 1974b497
2026/03/21 23:42:58 swarm/plane: cached 100 work queue items for project 1974b497
2026/03/21 23:43:58 swarm/plane: cached 100 work queue items for project 1974b497
2026/03/21 23:44:58 swarm/plane: cached 100 work queue items for project 1974b497
2026/03/21 23:45:58 swarm/plane: cached 100 work queue items for project 1974b497
2026/03/21 23:46:58 swarm/plane: cached 100 work queue items for project 1974b497
2026/03/21 23:47:58 swarm/plane: cached 100 work queue items for project 1974b497
2026/03/21 23:48:58 swarm/plane: cached 100 work queue items for project 1974b497
2026/03/21 23:49:58 swarm/plane: cached 100 work queue items for project 1974b497
2026/03/21 23:50:58 swarm/plane: cached 100 work queue items for project 1974b497
2026/03/21 23:51:58 swarm/plane: cached 100 work queue items for project 1974b497
2026/03/21 23:52:58 swarm/plane: cached 100 work queue items for project 1974b497
2026/03/21 23:53:58 swarm/plane: cached 100 work queue items for project 1974b497
2026/03/21 23:54:58 swarm/plane: cached 100 work queue items for project 1974b497
2026/03/21 23:55:58 swarm/plane: cached 100 work queue items for project 1974b497
2026/03/21 23:56:58 swarm/plane: cached 100 work queue items for project 1974b497
2026/03/21 23:57:04 swarm ws: failed to load state for aaaabbbbcccc0001: sql: no rows in result set
2026/03/21 23:57:04 swarm ws: failed to load state for aaaabbbbcccc0002: sql: no rows in result set
2026/03/21 23:57:04 swarm ws: failed to load state for s10000000000: sql: no rows in result set
2026/03/21 23:57:04 swarm ws: failed to load state for s10000000000: sql: no rows in result set
2026/03/21 23:57:04 swarm ws: failed to load state for s10000000000: sql: no rows in result set
2026/03/21 23:57:04 swarm ws: failed to load state for s10000000000: sql: no rows in result set
2026/03/21 23:57:04 swarm ws: failed to load state for s10000000000: sql: no rows in result set
2026/03/21 23:57:04 swarm ws: failed to load state for s10000000000: sql: no rows in result set
2026/03/21 23:57:04 swarm ws: failed to load state for aaaabbbbcccc0001: sql: no rows in result set
2026/03/21 23:57:04 swarm ws: failed to load state for aaaabbbbcccc0002: sql: no rows in result set
2026/03/21 23:57:04 swarm ws: failed to load state for s10000000000: sql: no rows in result set
2026/03/21 23:57:04 swarm ws: failed to load state for aaaabbbbcccc0002: sql: no rows in result set
2026/03/21 23:57:04 swarm ws: failed to load state for s10000000000: sql: no rows in result set
2026/03/21 23:57:04 swarm ws: failed to load state for s10000000000: sql: no rows in result set
2026/03/21 23:57:04 swarm ws: failed to load state for s20000000000: sql: no rows in result set
2026/03/21 23:57:04 swarm ws: failed to load state for s10000000000: sql: no rows in result set
2026/03/21 23:57:04 swarm ws: failed to load state for s10000000000: sql: no rows in result set
2026/03/21 23:57:04 swarm ws: failed to load state for aaaabbbbcccc0001: sql: no rows in result set
2026/03/21 23:57:04 swarm ws: failed to load state for aaaabbbbcccc0002: sql: no rows in result set
2026/03/21 23:57:04 swarm ws: failed to load state for s30000000000: sql: no rows in result set
2026/03/21 23:57:04 swarm ws: failed to load state for aaaabbbbcccc0001: sql: no rows in result set
2026/03/21 23:57:04 swarm ws: failed to load state for aaaabbbbcccc0002: sql: no rows in result set
2026/03/21 23:57:04 swarm ws: failed to load state for aaaabbbbcccc0001: sql: no rows in result set
2026/03/21 23:57:04 swarm ws: failed to load state for aaaabbbbcccc0001: sql: no rows in result set
2026/03/21 23:57:04 swarm ws: failed to load state for aaaabbbbcccc0001: sql: no rows in result set
2026/03/21 23:57:04 swarm ws: failed to load state for aaaabbbbcccc0002: sql: no rows in result set
2026/03/21 23:57:04 swarm ws: failed to load state for aaaabbbbcccc0002: sql: no rows in result set
2026/03/21 23:57:04 swarm ws: failed to load state for aaaabbbbcccc0001: sql: no rows in result set
2026/03/21 23:57:04 swarm ws: failed to load state for aaaabbbbcccc0001: sql: no rows in result set
2026/03/21 23:57:04 swarm ws: failed to load state for aaaabbbbcccc0002: sql: no rows in result set
2026/03/21 23:57:04 swarm ws: failed to load state for aaaabbbbcccc0002: sql: no rows in result set
2026/03/21 23:57:04 swarm ws: failed to load state for aaaabbbbcccc0002: sql: no rows in result set
2026/03/21 23:57:04 swarm ws: failed to load state for aaaabbbbcccc0001: sql: no rows in result set
2026/03/21 23:57:04 swarm ws: failed to load state for aaaabbbbcccc0001: sql: no rows in result set
2026/03/21 23:57:04 swarm ws: failed to load state for aaaabbbbcccc0002: sql: no rows in result set
2026/03/21 23:57:04 swarm ws: failed to load state for aaaabbbbcccc0002: sql: no rows in result set
2026/03/21 23:57:04 swarm ws: failed to load state for aaaabbbbcccc0001: sql: no rows in result set
2026/03/21 23:57:04 swarm ws: failed to load state for aaaabbbbcccc0001: sql: no rows in result set
2026/03/21 23:57:04 swarm ws: failed to load state for aaaabbbbcccc0002: sql: no rows in result set
2026/03/21 23:57:04 swarm ws: failed to load state for aaaabbbbcccc0001: sql: no rows in result set
2026/03/21 23:57:04 swarm ws: failed to load state for aaaabbbbcccc0001: sql: no rows in result set
2026/03/21 23:57:04 swarm ws: failed to load state for aaaabbbbcccc0001: sql: no rows in result set
2026/03/21 23:57:04 swarm ws: failed to load state for aaaabbbbcccc0002: sql: no rows in result set
2026/03/21 23:57:04 swarm ws: failed to load state for aaaabbbbcccc0002: sql: no rows in result set
2026/03/21 23:57:04 swarm ws: failed to load state for aaaabbbbcccc0002: sql: no rows in result set
2026/03/21 23:57:04 swarm ws: failed to load state for aaaabbbbcccc0001: sql: no rows in result set
2026/03/21 23:57:04 swarm ws: failed to load state for aaaabbbbcccc0002: sql: no rows in result set
2026/03/21 23:57:04 swarm ws: failed to load state for aaaabbbbcccc0001: sql: no rows in result set
2026/03/21 23:57:04 swarm ws: failed to load state for aaaabbbbcccc0002: sql: no rows in result set
2026/03/21 23:57:04 swarm ws: failed to load state for aaaabbbbcccc0002: sql: no rows in result set
2026/03/21 23:57:04 swarm ws: failed to load state for aaaabbbbcccc0001: sql: no rows in result set
2026/03/21 23:57:04 swarm ws: failed to load state for aaaabbbbcccc0001: sql: no rows in result set
2026/03/21 23:57:04 swarm ws: failed to load state for aaaabbbbcccc0002: sql: no rows in result set
2026/03/21 23:57:04 swarm ws: failed to load state for aaaabbbbcccc0001: sql: no rows in result set
2026/03/21 23:57:04 swarm ws: failed to load state for aaaabbbbcccc0001: sql: no rows in result set
2026/03/21 23:57:05 swarm ws: failed to load state for aaaabbbbcccc0002: sql: no rows in result set
2026/03/21 23:57:05 swarm ws: failed to load state for aaaabbbbcccc0002: sql: no rows in result set
2026/03/21 23:57:05 swarm ws: failed to load state for aaaabbbbcccc0001: sql: no rows in result set
2026/03/21 23:57:05 swarm ws: failed to load state for aaaabbbbcccc0001: sql: no rows in result set
2026/03/21 23:57:05 swarm ws: failed to load state for aaaabbbbcccc0001: sql: no rows in result set
2026/03/21 23:57:05 swarm ws: failed to load state for aaaabbbbcccc0002: sql: no rows in result set
2026/03/21 23:57:05 swarm ws: failed to load state for aaaabbbbcccc0002: sql: no rows in result set
2026/03/21 23:57:05 swarm ws: failed to load state for aaaabbbbcccc0002: sql: no rows in result set
2026/03/21 23:57:05 swarm ws: failed to load state for aaaabbbbcccc0002: sql: no rows in result set
2026/03/21 23:57:05 swarm ws: failed to load state for aaaabbbbcccc0001: sql: no rows in result set
2026/03/21 23:57:05 swarm ws: failed to load state for aaaabbbbcccc0002: sql: no rows in result set
2026/03/21 23:57:05 swarm ws: failed to load state for aaaabbbbcccc0001: sql: no rows in result set
2026/03/21 23:57:05 swarm ws: failed to load state for aaaabbbbcccc0002: sql: no rows in result set
2026/03/21 23:57:05 swarm ws: failed to load state for aaaabbbbcccc0001: sql: no rows in result set
2026/03/21 23:57:05 swarm ws: failed to load state for aaaabbbbcccc0001: sql: no rows in result set
2026/03/21 23:57:05 swarm ws: failed to load state for aaaabbbbcccc0001: sql: no rows in result set
2026/03/21 23:57:05 swarm ws: failed to load state for aaaabbbbcccc0002: sql: no rows in result set
2026/03/21 23:57:05 swarm ws: failed to load state for aaaabbbbcccc0002: sql: no rows in result set
2026/03/21 23:57:05 swarm ws: failed to load state for s10000000000: sql: no rows in result set
2026/03/21 23:57:05 swarm ws: failed to load state for aaaabbbbcccc0002: sql: no rows in result set
2026/03/21 23:57:05 swarm ws: failed to load state for aaaabbbbcccc0001: sql: no rows in result set
2026/03/21 23:57:05 swarm ws: failed to load state for aaaabbbbcccc0002: sql: no rows in result set
2026/03/21 23:57:05 swarm ws: failed to load state for aaaabbbbcccc0002: sql: no rows in result set
2026/03/21 23:57:05 swarm ws: failed to load state for aaaabbbbcccc0001: sql: no rows in result set
2026/03/21 23:57:05 swarm ws: failed to load state for s10000000000: sql: no rows in result set
2026/03/21 23:57:05 swarm ws: failed to load state for aaaabbbbcccc0002: sql: no rows in result set
2026/03/21 23:57:05 swarm ws: failed to load state for aaaabbbbcccc0002: sql: no rows in result set
2026/03/21 23:57:05 swarm ws: failed to load state for aaaabbbbcccc0001: sql: no rows in result set
2026/03/21 23:57:05 swarm ws: failed to load state for aaaabbbbcccc0002: sql: no rows in result set
2026/03/21 23:57:05 swarm ws: failed to load state for aaaabbbbcccc0002: sql: no rows in result set
2026/03/21 23:57:05 swarm ws: failed to load state for aaaabbbbcccc0001: sql: no rows in result set
2026/03/21 23:57:05 swarm ws: failed to load state for s10000000000: sql: no rows in result set
2026/03/21 23:57:05 swarm ws: failed to load state for aaaabbbbcccc0001: sql: no rows in result set
2026/03/21 23:57:05 swarm ws: failed to load state for s10000000000: sql: no rows in result set
2026/03/21 23:57:05 swarm ws: failed to load state for aaaabbbbcccc0001: sql: no rows in result set
2026/03/21 23:57:05 swarm ws: failed to load state for s10000000000: sql: no rows in result set
2026/03/21 23:57:05 swarm ws: failed to load state for aaaabbbbcccc0001: sql: no rows in result set
2026/03/21 23:57:05 swarm ws: failed to load state for aaaabbbbcccc0002: sql: no rows in result set
2026/03/21 23:57:05 swarm ws: failed to load state for aaaabbbbcccc0002: sql: no rows in result set
2026/03/21 23:57:05 swarm ws: failed to load state for aaaabbbbcccc0002: sql: no rows in result set
2026/03/21 23:57:05 swarm ws: failed to load state for aaaabbbbcccc0001: sql: no rows in result set
2026/03/21 23:57:05 swarm ws: failed to load state for aaaabbbbcccc0001: sql: no rows in result set
2026/03/21 23:57:05 swarm ws: failed to load state for aaaabbbbcccc0002: sql: no rows in result set
2026/03/21 23:57:05 swarm ws: failed to load state for aaaabbbbcccc0001: sql: no rows in result set
2026/03/21 23:57:05 swarm ws: failed to load state for s10000000000: sql: no rows in result set
2026/03/21 23:57:05 swarm ws: failed to load state for s10000000000: sql: no rows in result set
2026/03/21 23:57:05 swarm ws: failed to load state for aaaabbbbcccc0001: sql: no rows in result set
2026/03/21 23:57:05 swarm ws: failed to load state for s10000000000: sql: no rows in result set
2026/03/21 23:57:05 swarm ws: failed to load state for s20000000000: sql: no rows in result set
2026/03/21 23:57:05 swarm ws: failed to load state for s30000000000: sql: no rows in result set
2026/03/21 23:57:05 swarm ws: failed to load state for aaaabbbbcccc0001: sql: no rows in result set
2026/03/21 23:57:05 swarm ws: failed to load state for aaaabbbbcccc0002: sql: no rows in result set
2026/03/21 23:57:05 swarm ws: failed to load state for aaaabbbbcccc0001: sql: no rows in result set
2026/03/21 23:57:05 swarm ws: failed to load state for sess-x000000: sql: no rows in result set
2026/03/21 23:57:05 swarm ws: failed to load state for aaaabbbbcccc0002: sql: no rows in result set
2026/03/21 23:57:05 swarm ws: failed to load state for aaaabbbbcccc0001: sql: no rows in result set
2026/03/21 23:57:05 swarm ws: failed to load state for aaaabbbbcccc0002: sql: no rows in result set
2026/03/21 23:57:05 swarm ws: failed to load state for s-goals00000: sql: no rows in result set
2026/03/21 23:57:05 swarm ws: failed to load state for s-gnav000000: sql: no rows in result set
2026/03/21 23:57:05 swarm ws: failed to load state for aaaabbbbcccc0001: sql: no rows in result set
2026/03/21 23:57:05 swarm ws: failed to load state for aaaabbbbcccc0002: sql: no rows in result set
2026/03/21 23:57:05 swarm ws: failed to load state for aaaabbbbcccc0002: sql: no rows in result set
2026/03/21 23:57:05 swarm ws: failed to load state for aaaabbbbcccc0002: sql: no rows in result set
2026/03/21 23:57:05 swarm ws: failed to load state for aaaabbbbcccc0001: sql: no rows in result set
2026/03/21 23:57:05 swarm ws: failed to load state for aaaabbbbcccc0001: sql: no rows in result set
2026/03/21 23:57:05 swarm ws: failed to load state for aaaabbbbcccc0001: sql: no rows in result set
2026/03/21 23:57:05 swarm ws: failed to load state for aaaabbbbcccc0001: sql: no rows in result set
2026/03/21 23:57:05 swarm ws: failed to load state for aaaabbbbcccc0002: sql: no rows in result set
2026/03/21 23:57:05 swarm ws: failed to load state for aaaabbbbcccc0001: sql: no rows in result set
2026/03/21 23:57:05 swarm ws: failed to load state for aaaabbbbcccc0002: sql: no rows in result set
2026/03/21 23:57:05 swarm ws: failed to load state for aaaabbbbcccc0002: sql: no rows in result set
2026/03/21 23:57:05 swarm ws: failed to load state for aaaabbbbcccc0002: sql: no rows in result set
2026/03/21 23:57:05 swarm ws: failed to load state for aaaabbbbcccc0001: sql: no rows in result set
2026/03/21 23:57:05 swarm ws: failed to load state for aaaabbbbcccc0001: sql: no rows in result set
2026/03/21 23:57:05 swarm ws: failed to load state for aaaabbbbcccc0002: sql: no rows in result set
2026/03/21 23:57:05 swarm ws: failed to load state for aaaabbbbcccc0002: sql: no rows in result set
2026/03/21 23:57:05 swarm ws: failed to load state for aaaabbbbcccc0001: sql: no rows in result set
2026/03/21 23:57:05 swarm ws: failed to load state for aaaabbbbcccc0002: sql: no rows in result set
2026/03/21 23:57:05 swarm ws: failed to load state for aaaabbbbcccc0001: sql: no rows in result set
2026/03/21 23:57:05 swarm ws: failed to load state for aaaabbbbcccc0002: sql: no rows in result set
2026/03/21 23:57:05 swarm ws: failed to load state for aaaabbbbcccc0001: sql: no rows in result set
2026/03/21 23:57:05 swarm ws: failed to load state for aaaabbbbcccc0002: sql: no rows in result set
2026/03/21 23:57:05 swarm ws: failed to load state for aaaabbbbcccc0001: sql: no rows in result set
2026/03/21 23:57:05 swarm ws: failed to load state for aaaabbbbcccc0002: sql: no rows in result set
2026/03/21 23:57:05 swarm ws: failed to load state for aaaabbbbcccc0001: sql: no rows in result set
2026/03/21 23:57:05 swarm ws: failed to load state for aaaabbbbcccc0001: sql: no rows in result set
2026/03/21 23:57:05 swarm ws: failed to load state for aaaabbbbcccc0002: sql: no rows in result set
2026/03/21 23:57:05 swarm ws: failed to load state for aaaabbbbcccc0001: sql: no rows in result set
2026/03/21 23:57:05 swarm ws: failed to load state for aaaabbbbcccc0001: sql: no rows in result set
2026/03/21 23:57:05 swarm ws: failed to load state for aaaabbbbcccc0002: sql: no rows in result set
2026/03/21 23:57:05 swarm ws: failed to load state for aaaabbbbcccc0002: sql: no rows in result set
2026/03/21 23:57:05 swarm ws: failed to load state for aaaabbbbcccc0001: sql: no rows in result set
2026/03/21 23:57:05 swarm ws: failed to load state for aaaabbbbcccc0001: sql: no rows in result set
2026/03/21 23:57:05 swarm ws: failed to load state for aaaabbbbcccc0002: sql: no rows in result set
2026/03/21 23:57:05 swarm ws: failed to load state for aaaabbbbcccc0002: sql: no rows in result set
2026/03/21 23:57:05 swarm ws: failed to load state for aaaabbbbcccc0002: sql: no rows in result set
2026/03/21 23:57:05 swarm ws: failed to load state for aaaabbbbcccc0001: sql: no rows in result set
2026/03/21 23:57:05 swarm ws: failed to load state for aaaabbbbcccc0001: sql: no rows in result set
2026/03/21 23:57:05 swarm ws: failed to load state for aaaabbbbcccc0002: sql: no rows in result set
2026/03/21 23:57:05 swarm ws: failed to load state for aaaabbbbcccc0001: sql: no rows in result set
2026/03/21 23:57:05 swarm ws: failed to load state for aaaabbbbcccc0002: sql: no rows in result set
2026/03/21 23:57:58 swarm/plane: cached 100 work queue items for project 1974b497
2026/03/21 23:58:58 swarm/plane: cached 100 work queue items for project 1974b497
2026/03/21 23:59:58 swarm/plane: cached 100 work queue items for project 1974b497
2026/03/22 00:00:58 swarm/plane: cached 100 work queue items for project 1974b497
2026/03/22 00:01:58 swarm/plane: cached 100 work queue items for project 1974b497
2026/03/22 00:02:58 swarm/plane: cached 100 work queue items for project 1974b497
2026/03/22 00:03:58 swarm/plane: cached 100 work queue items for project 1974b497
2026/03/22 00:04:30 swarm ws: failed to load state for aaaabbbbcccc0001: sql: no rows in result set
2026/03/22 00:04:30 swarm ws: failed to load state for aaaabbbbcccc0002: sql: no rows in result set
2026/03/22 00:04:30 swarm ws: failed to load state for s10000000000: sql: no rows in result set
2026/03/22 00:04:30 swarm ws: failed to load state for s10000000000: sql: no rows in result set
2026/03/22 00:04:30 swarm ws: failed to load state for s10000000000: sql: no rows in result set
2026/03/22 00:04:30 swarm ws: failed to load state for s10000000000: sql: no rows in result set
2026/03/22 00:04:30 swarm ws: failed to load state for s10000000000: sql: no rows in result set
2026/03/22 00:04:30 swarm ws: failed to load state for s10000000000: sql: no rows in result set
2026/03/22 00:04:30 swarm ws: failed to load state for s10000000000: sql: no rows in result set
2026/03/22 00:04:30 swarm ws: failed to load state for aaaabbbbcccc0001: sql: no rows in result set
2026/03/22 00:04:30 swarm ws: failed to load state for aaaabbbbcccc0002: sql: no rows in result set
2026/03/22 00:04:30 swarm ws: failed to load state for aaaabbbbcccc0001: sql: no rows in result set
2026/03/22 00:04:30 swarm ws: failed to load state for aaaabbbbcccc0002: sql: no rows in result set
2026/03/22 00:04:30 swarm ws: failed to load state for s10000000000: sql: no rows in result set
2026/03/22 00:04:30 swarm ws: failed to load state for s10000000000: sql: no rows in result set
2026/03/22 00:04:30 swarm ws: failed to load state for s10000000000: sql: no rows in result set
2026/03/22 00:04:30 swarm ws: failed to load state for s10000000000: sql: no rows in result set
2026/03/22 00:04:30 swarm ws: failed to load state for s20000000000: sql: no rows in result set
2026/03/22 00:04:30 swarm ws: failed to load state for s30000000000: sql: no rows in result set
2026/03/22 00:04:30 swarm ws: failed to load state for aaaabbbbcccc0002: sql: no rows in result set
2026/03/22 00:04:30 swarm ws: failed to load state for aaaabbbbcccc0001: sql: no rows in result set
2026/03/22 00:04:30 swarm ws: failed to load state for aaaabbbbcccc0001: sql: no rows in result set
2026/03/22 00:04:30 swarm ws: failed to load state for aaaabbbbcccc0002: sql: no rows in result set
2026/03/22 00:04:30 swarm ws: failed to load state for aaaabbbbcccc0001: sql: no rows in result set
2026/03/22 00:04:30 swarm ws: failed to load state for aaaabbbbcccc0002: sql: no rows in result set
2026/03/22 00:04:30 swarm ws: failed to load state for aaaabbbbcccc0001: sql: no rows in result set
2026/03/22 00:04:30 swarm ws: failed to load state for aaaabbbbcccc0002: sql: no rows in result set
2026/03/22 00:04:30 swarm ws: failed to load state for aaaabbbbcccc0001: sql: no rows in result set
2026/03/22 00:04:30 swarm ws: failed to load state for aaaabbbbcccc0002: sql: no rows in result set
2026/03/22 00:04:30 swarm ws: failed to load state for aaaabbbbcccc0001: sql: no rows in result set
2026/03/22 00:04:30 swarm ws: failed to load state for aaaabbbbcccc0002: sql: no rows in result set
2026/03/22 00:04:30 swarm ws: failed to load state for aaaabbbbcccc0001: sql: no rows in result set
2026/03/22 00:04:30 swarm ws: failed to load state for aaaabbbbcccc0002: sql: no rows in result set
2026/03/22 00:04:30 swarm ws: failed to load state for aaaabbbbcccc0001: sql: no rows in result set
2026/03/22 00:04:30 swarm ws: failed to load state for aaaabbbbcccc0002: sql: no rows in result set
2026/03/22 00:04:30 swarm ws: failed to load state for aaaabbbbcccc0001: sql: no rows in result set
2026/03/22 00:04:30 swarm ws: failed to load state for aaaabbbbcccc0001: sql: no rows in result set
2026/03/22 00:04:30 swarm ws: failed to load state for aaaabbbbcccc0001: sql: no rows in result set
2026/03/22 00:04:30 swarm ws: failed to load state for aaaabbbbcccc0002: sql: no rows in result set
2026/03/22 00:04:30 swarm ws: failed to load state for aaaabbbbcccc0002: sql: no rows in result set
2026/03/22 00:04:30 swarm ws: failed to load state for aaaabbbbcccc0001: sql: no rows in result set
2026/03/22 00:04:30 swarm ws: failed to load state for aaaabbbbcccc0001: sql: no rows in result set
2026/03/22 00:04:30 swarm ws: failed to load state for aaaabbbbcccc0002: sql: no rows in result set
2026/03/22 00:04:30 swarm ws: failed to load state for aaaabbbbcccc0002: sql: no rows in result set
2026/03/22 00:04:30 swarm ws: failed to load state for aaaabbbbcccc0001: sql: no rows in result set
2026/03/22 00:04:30 swarm ws: failed to load state for aaaabbbbcccc0002: sql: no rows in result set
2026/03/22 00:04:30 swarm ws: failed to load state for aaaabbbbcccc0001: sql: no rows in result set
2026/03/22 00:04:30 swarm ws: failed to load state for aaaabbbbcccc0002: sql: no rows in result set
2026/03/22 00:04:30 swarm ws: failed to load state for aaaabbbbcccc0001: sql: no rows in result set
2026/03/22 00:04:30 swarm ws: failed to load state for aaaabbbbcccc0002: sql: no rows in result set
2026/03/22 00:04:30 swarm ws: failed to load state for aaaabbbbcccc0002: sql: no rows in result set
2026/03/22 00:04:30 swarm ws: failed to load state for aaaabbbbcccc0001: sql: no rows in result set
2026/03/22 00:04:30 swarm ws: failed to load state for aaaabbbbcccc0002: sql: no rows in result set
2026/03/22 00:04:30 swarm ws: failed to load state for aaaabbbbcccc0002: sql: no rows in result set
2026/03/22 00:04:30 swarm ws: failed to load state for aaaabbbbcccc0002: sql: no rows in result set
2026/03/22 00:04:30 swarm ws: failed to load state for aaaabbbbcccc0001: sql: no rows in result set
2026/03/22 00:04:30 swarm ws: failed to load state for aaaabbbbcccc0001: sql: no rows in result set
2026/03/22 00:04:30 swarm ws: failed to load state for aaaabbbbcccc0001: sql: no rows in result set
2026/03/22 00:04:30 swarm ws: failed to load state for aaaabbbbcccc0002: sql: no rows in result set
2026/03/22 00:04:30 swarm ws: failed to load state for aaaabbbbcccc0001: sql: no rows in result set
2026/03/22 00:04:30 swarm ws: failed to load state for aaaabbbbcccc0002: sql: no rows in result set
2026/03/22 00:04:30 swarm ws: failed to load state for aaaabbbbcccc0002: sql: no rows in result set
2026/03/22 00:04:30 swarm ws: failed to load state for aaaabbbbcccc0002: sql: no rows in result set
2026/03/22 00:04:30 swarm ws: failed to load state for aaaabbbbcccc0001: sql: no rows in result set
2026/03/22 00:04:30 swarm ws: failed to load state for aaaabbbbcccc0002: sql: no rows in result set
2026/03/22 00:04:30 swarm ws: failed to load state for aaaabbbbcccc0001: sql: no rows in result set
2026/03/22 00:04:30 swarm ws: failed to load state for aaaabbbbcccc0001: sql: no rows in result set
2026/03/22 00:04:30 swarm ws: failed to load state for aaaabbbbcccc0002: sql: no rows in result set
2026/03/22 00:04:30 swarm ws: failed to load state for aaaabbbbcccc0002: sql: no rows in result set
2026/03/22 00:04:30 swarm ws: failed to load state for aaaabbbbcccc0001: sql: no rows in result set
2026/03/22 00:04:30 swarm ws: failed to load state for aaaabbbbcccc0002: sql: no rows in result set
2026/03/22 00:04:30 swarm ws: failed to load state for aaaabbbbcccc0001: sql: no rows in result set
2026/03/22 00:04:30 swarm ws: failed to load state for s10000000000: sql: no rows in result set
2026/03/22 00:04:30 swarm ws: failed to load state for aaaabbbbcccc0001: sql: no rows in result set
2026/03/22 00:04:30 swarm ws: failed to load state for aaaabbbbcccc0001: sql: no rows in result set
2026/03/22 00:04:30 swarm ws: failed to load state for aaaabbbbcccc0002: sql: no rows in result set
2026/03/22 00:04:30 swarm ws: failed to load state for aaaabbbbcccc0002: sql: no rows in result set
2026/03/22 00:04:30 swarm ws: failed to load state for aaaabbbbcccc0002: sql: no rows in result set
2026/03/22 00:04:30 swarm ws: failed to load state for aaaabbbbcccc0001: sql: no rows in result set
2026/03/22 00:04:30 swarm ws: failed to load state for s10000000000: sql: no rows in result set
2026/03/22 00:04:30 swarm ws: failed to load state for aaaabbbbcccc0002: sql: no rows in result set
2026/03/22 00:04:30 swarm ws: failed to load state for aaaabbbbcccc0001: sql: no rows in result set
2026/03/22 00:04:30 swarm ws: failed to load state for s10000000000: sql: no rows in result set
2026/03/22 00:04:30 swarm ws: failed to load state for s10000000000: sql: no rows in result set
2026/03/22 00:04:30 swarm ws: failed to load state for aaaabbbbcccc0001: sql: no rows in result set
2026/03/22 00:04:30 swarm ws: failed to load state for aaaabbbbcccc0001: sql: no rows in result set
2026/03/22 00:04:30 swarm ws: failed to load state for s10000000000: sql: no rows in result set
2026/03/22 00:04:30 swarm ws: failed to load state for aaaabbbbcccc0002: sql: no rows in result set
2026/03/22 00:04:30 swarm ws: failed to load state for s10000000000: sql: no rows in result set
2026/03/22 00:04:30 swarm ws: failed to load state for s10000000000: sql: no rows in result set
2026/03/22 00:04:30 swarm ws: failed to load state for aaaabbbbcccc0002: sql: no rows in result set
2026/03/22 00:04:30 swarm ws: failed to load state for aaaabbbbcccc0001: sql: no rows in result set
2026/03/22 00:04:30 swarm ws: failed to load state for aaaabbbbcccc0002: sql: no rows in result set
2026/03/22 00:04:30 swarm ws: failed to load state for aaaabbbbcccc0001: sql: no rows in result set
2026/03/22 00:04:30 swarm ws: failed to load state for aaaabbbbcccc0002: sql: no rows in result set
2026/03/22 00:04:30 swarm ws: failed to load state for aaaabbbbcccc0001: sql: no rows in result set
2026/03/22 00:04:30 swarm ws: failed to load state for aaaabbbbcccc0002: sql: no rows in result set
2026/03/22 00:04:30 swarm ws: failed to load state for aaaabbbbcccc0001: sql: no rows in result set
2026/03/22 00:04:30 swarm ws: failed to load state for aaaabbbbcccc0002: sql: no rows in result set
2026/03/22 00:04:30 swarm ws: failed to load state for aaaabbbbcccc0001: sql: no rows in result set
2026/03/22 00:04:30 swarm ws: failed to load state for aaaabbbbcccc0002: sql: no rows in result set
2026/03/22 00:04:30 swarm ws: failed to load state for aaaabbbbcccc0001: sql: no rows in result set
2026/03/22 00:04:30 swarm ws: failed to load state for s30000000000: sql: no rows in result set
2026/03/22 00:04:30 swarm ws: failed to load state for s10000000000: sql: no rows in result set
2026/03/22 00:04:30 swarm ws: failed to load state for s20000000000: sql: no rows in result set
2026/03/22 00:04:30 swarm ws: failed to load state for aaaabbbbcccc0002: sql: no rows in result set
2026/03/22 00:04:30 swarm ws: failed to load state for aaaabbbbcccc0001: sql: no rows in result set
2026/03/22 00:04:30 swarm ws: failed to load state for sess-x000000: sql: no rows in result set
2026/03/22 00:04:30 swarm ws: failed to load state for s-gnav000000: sql: no rows in result set
2026/03/22 00:04:30 swarm ws: failed to load state for aaaabbbbcccc0002: sql: no rows in result set
2026/03/22 00:04:30 swarm ws: failed to load state for aaaabbbbcccc0001: sql: no rows in result set
2026/03/22 00:04:30 swarm ws: failed to load state for aaaabbbbcccc0002: sql: no rows in result set
2026/03/22 00:04:30 swarm ws: failed to load state for aaaabbbbcccc0001: sql: no rows in result set
2026/03/22 00:04:30 swarm ws: failed to load state for s-goals00000: sql: no rows in result set
2026/03/22 00:04:30 swarm ws: failed to load state for aaaabbbbcccc0002: sql: no rows in result set
2026/03/22 00:04:30 swarm ws: failed to load state for aaaabbbbcccc0001: sql: no rows in result set
2026/03/22 00:04:30 swarm ws: failed to load state for aaaabbbbcccc0002: sql: no rows in result set
2026/03/22 00:04:30 swarm ws: failed to load state for aaaabbbbcccc0001: sql: no rows in result set
2026/03/22 00:04:30 swarm ws: failed to load state for aaaabbbbcccc0001: sql: no rows in result set
2026/03/22 00:04:30 swarm ws: failed to load state for aaaabbbbcccc0002: sql: no rows in result set
2026/03/22 00:04:30 swarm ws: failed to load state for aaaabbbbcccc0002: sql: no rows in result set
2026/03/22 00:04:30 swarm ws: failed to load state for aaaabbbbcccc0001: sql: no rows in result set
2026/03/22 00:04:30 swarm ws: failed to load state for aaaabbbbcccc0002: sql: no rows in result set
2026/03/22 00:04:30 swarm ws: failed to load state for aaaabbbbcccc0002: sql: no rows in result set
2026/03/22 00:04:30 swarm ws: failed to load state for aaaabbbbcccc0001: sql: no rows in result set
2026/03/22 00:04:30 swarm ws: failed to load state for aaaabbbbcccc0002: sql: no rows in result set
2026/03/22 00:04:30 swarm ws: failed to load state for aaaabbbbcccc0001: sql: no rows in result set
2026/03/22 00:04:30 swarm ws: failed to load state for aaaabbbbcccc0001: sql: no rows in result set
2026/03/22 00:04:30 swarm ws: failed to load state for aaaabbbbcccc0002: sql: no rows in result set
2026/03/22 00:04:30 swarm ws: failed to load state for aaaabbbbcccc0001: sql: no rows in result set
2026/03/22 00:04:30 swarm ws: failed to load state for aaaabbbbcccc0002: sql: no rows in result set
2026/03/22 00:04:30 swarm ws: failed to load state for aaaabbbbcccc0001: sql: no rows in result set
2026/03/22 00:04:30 swarm ws: failed to load state for aaaabbbbcccc0002: sql: no rows in result set
2026/03/22 00:04:30 swarm ws: failed to load state for aaaabbbbcccc0001: sql: no rows in result set
2026/03/22 00:04:30 swarm ws: failed to load state for aaaabbbbcccc0001: sql: no rows in result set
2026/03/22 00:04:30 swarm ws: failed to load state for aaaabbbbcccc0002: sql: no rows in result set
2026/03/22 00:04:30 swarm ws: failed to load state for aaaabbbbcccc0002: sql: no rows in result set
2026/03/22 00:04:30 swarm ws: failed to load state for aaaabbbbcccc0001: sql: no rows in result set
2026/03/22 00:04:30 swarm ws: failed to load state for aaaabbbbcccc0002: sql: no rows in result set
2026/03/22 00:04:30 swarm ws: failed to load state for aaaabbbbcccc0001: sql: no rows in result set
2026/03/22 00:04:30 swarm ws: failed to load state for aaaabbbbcccc0002: sql: no rows in result set
2026/03/22 00:04:30 swarm ws: failed to load state for aaaabbbbcccc0001: sql: no rows in result set
2026/03/22 00:04:30 swarm ws: failed to load state for aaaabbbbcccc0002: sql: no rows in result set
2026/03/22 00:04:30 swarm ws: failed to load state for aaaabbbbcccc0001: sql: no rows in result set
2026/03/22 00:04:30 swarm ws: failed to load state for aaaabbbbcccc0001: sql: no rows in result set
2026/03/22 00:04:30 swarm ws: failed to load state for aaaabbbbcccc0002: sql: no rows in result set
2026/03/22 00:04:30 swarm ws: failed to load state for aaaabbbbcccc0002: sql: no rows in result set
2026/03/22 00:04:30 swarm ws: failed to load state for aaaabbbbcccc0001: sql: no rows in result set
2026/03/22 00:04:30 swarm ws: failed to load state for aaaabbbbcccc0001: sql: no rows in result set
2026/03/22 00:04:30 swarm ws: failed to load state for aaaabbbbcccc0002: sql: no rows in result set
2026/03/22 00:04:30 swarm ws: failed to load state for aaaabbbbcccc0001: sql: no rows in result set
2026/03/22 00:04:30 swarm ws: failed to load state for aaaabbbbcccc0002: sql: no rows in result set
2026/03/22 00:04:30 swarm ws: failed to load state for aaaabbbbcccc0002: sql: no rows in result set
2026/03/22 00:04:30 swarm ws: failed to load state for aaaabbbbcccc0001: sql: no rows in result set
2026/03/22 00:04:30 swarm ws: failed to load state for aaaabbbbcccc0002: sql: no rows in result set
2026/03/22 00:04:30 swarm ws: failed to load state for aaaabbbbcccc0001: sql: no rows in result set
2026/03/22 00:04:58 swarm/plane: cached 100 work queue items for project 1974b497
2026/03/22 00:05:58 swarm/plane: cached 100 work queue items for project 1974b497
2026/03/22 00:06:58 swarm/plane: cached 100 work queue items for project 1974b497
2026/03/22 00:07:58 swarm/plane: cached 100 work queue items for project 1974b497
2026/03/22 00:08:58 swarm/plane: cached 100 work queue items for project 1974b497
2026/03/22 00:09:58 swarm/plane: cached 100 work queue items for project 1974b497
2026/03/22 00:10:58 swarm/plane: cached 100 work queue items for project 1974b497
2026/03/22 00:11:58 swarm/plane: cached 100 work queue items for project 1974b497
2026/03/22 00:12:58 swarm/plane: cached 100 work queue items for project 1974b497
2026/03/22 00:13:58 swarm/plane: cached 100 work queue items for project 1974b497
2026/03/22 00:14:58 swarm/plane: cached 100 work queue items for project 1974b497
2026/03/22 00:15:58 swarm/plane: cached 100 work queue items for project 1974b497
2026/03/22 00:16:58 swarm/plane: cached 100 work queue items for project 1974b497
2026/03/22 00:17:58 swarm/plane: cached 100 work queue items for project 1974b497
2026/03/22 00:18:58 swarm/plane: cached 100 work queue items for project 1974b497
2026/03/22 00:19:58 swarm/plane: cached 100 work queue items for project 1974b497
2026/03/22 00:20:58 swarm/plane: cached 100 work queue items for project 1974b497
2026/03/22 00:21:58 swarm/plane: cached 100 work queue items for project 1974b497
2026/03/22 00:22:58 swarm/plane: cached 100 work queue items for project 1974b497
2026/03/22 00:23:58 swarm/plane: cached 100 work queue items for project 1974b497
2026/03/22 00:24:58 swarm/plane: cached 100 work queue items for project 1974b497
2026/03/22 00:25:58 swarm/plane: cached 100 work queue items for project 1974b497
2026/03/22 00:26:58 swarm/plane: cached 100 work queue items for project 1974b497
2026/03/22 00:27:58 swarm/plane: cached 100 work queue items for project 1974b497
2026/03/22 00:28:58 swarm/plane: cached 100 work queue items for project 1974b497
2026/03/22 00:29:58 swarm/plane: cached 100 work queue items for project 1974b497
2026/03/22 00:30:58 swarm/plane: cached 100 work queue items for project 1974b497
2026/03/22 00:31:58 swarm/plane: cached 100 work queue items for project 1974b497
2026/03/22 00:32:58 swarm/plane: cached 100 work queue items for project 1974b497
2026/03/22 00:33:58 swarm/plane: cached 100 work queue items for project 1974b497
2026/03/22 00:34:58 swarm/plane: cached 100 work queue items for project 1974b497
2026/03/22 00:35:58 swarm/plane: cached 100 work queue items for project 1974b497
2026/03/22 00:36:58 swarm/plane: cached 100 work queue items for project 1974b497
2026/03/22 00:37:58 swarm/plane: cached 100 work queue items for project 1974b497
2026/03/22 00:38:58 swarm/plane: cached 100 work queue items for project 1974b497
2026/03/22 00:39:58 swarm/plane: cached 100 work queue items for project 1974b497
2026/03/22 00:40:58 swarm/plane: cached 100 work queue items for project 1974b497
2026/03/22 00:41:58 swarm/plane: cached 100 work queue items for project 1974b497
2026/03/22 00:42:58 swarm/plane: cached 100 work queue items for project 1974b497
2026/03/22 00:43:58 swarm/plane: cached 100 work queue items for project 1974b497
2026/03/22 00:44:58 swarm/plane: cached 100 work queue items for project 1974b497
2026/03/22 00:45:58 swarm/plane: cached 100 work queue items for project 1974b497
2026/03/22 00:46:58 swarm/plane: cached 100 work queue items for project 1974b497
2026/03/22 00:47:58 swarm/plane: cached 100 work queue items for project 1974b497
2026/03/22 00:48:58 swarm/plane: cached 100 work queue items for project 1974b497
2026/03/22 00:49:58 swarm/plane: cached 100 work queue items for project 1974b497
2026/03/22 00:50:58 swarm/plane: cached 100 work queue items for project 1974b497
2026/03/22 00:51:58 swarm/plane: cached 100 work queue items for project 1974b497
2026/03/22 00:52:58 swarm/plane: cached 100 work queue items for project 1974b497
2026/03/22 00:53:58 swarm/plane: cached 100 work queue items for project 1974b497
2026/03/22 00:54:58 swarm/plane: cached 100 work queue items for project 1974b497
2026/03/22 00:55:58 swarm/plane: cached 100 work queue items for project 1974b497
2026/03/22 00:56:58 swarm/plane: cached 100 work queue items for project 1974b497
2026/03/22 00:57:58 swarm/plane: cached 100 work queue items for project 1974b497
2026/03/22 00:58:58 swarm/plane: cached 100 work queue items for project 1974b497
2026/03/22 00:59:58 swarm/plane: cached 100 work queue items for project 1974b497
2026/03/22 01:00:58 swarm/plane: cached 100 work queue items for project 1974b497
2026/03/22 01:01:58 swarm/plane: cached 100 work queue items for project 1974b497
2026/03/22 01:02:58 swarm/plane: cached 100 work queue items for project 1974b497
2026/03/22 01:03:58 swarm/plane: cached 100 work queue items for project 1974b497
2026/03/22 01:04:58 swarm/plane: cached 100 work queue items for project 1974b497
2026/03/22 01:05:58 swarm/plane: cached 100 work queue items for project 1974b497
2026/03/22 01:06:58 swarm/plane: cached 100 work queue items for project 1974b497
2026/03/22 01:07:58 swarm/plane: cached 100 work queue items for project 1974b497
2026/03/22 01:08:58 swarm/plane: cached 100 work queue items for project 1974b497
2026/03/22 01:09:58 swarm/plane: cached 100 work queue items for project 1974b497
2026/03/22 01:10:58 swarm/plane: cached 100 work queue items for project 1974b497
2026/03/22 01:11:58 swarm/plane: cached 100 work queue items for project 1974b497
2026/03/22 01:12:58 swarm/plane: cached 100 work queue items for project 1974b497
2026/03/22 01:13:58 swarm/plane: cached 100 work queue items for project 1974b497
2026/03/22 01:14:58 swarm/plane: cached 100 work queue items for project 1974b497
2026/03/22 01:15:58 swarm/plane: cached 100 work queue items for project 1974b497
2026/03/22 01:16:58 swarm/plane: cached 100 work queue items for project 1974b497
2026/03/22 01:17:58 swarm/plane: cached 100 work queue items for project 1974b497
2026/03/22 01:18:58 swarm/plane: cached 100 work queue items for project 1974b497
2026/03/22 01:19:58 swarm/plane: cached 100 work queue items for project 1974b497
2026/03/22 01:20:58 swarm/plane: cached 100 work queue items for project 1974b497
2026/03/22 01:21:58 swarm/plane: cached 100 work queue items for project 1974b497
2026/03/22 01:22:58 swarm/plane: cached 100 work queue items for project 1974b497
2026/03/22 01:23:58 swarm/plane: cached 100 work queue items for project 1974b497
2026/03/22 01:24:58 swarm/plane: cached 100 work queue items for project 1974b497
2026/03/22 01:25:58 swarm/plane: cached 100 work queue items for project 1974b497
2026/03/22 01:26:58 swarm/plane: cached 100 work queue items for project 1974b497
2026/03/22 01:27:58 swarm/plane: cached 100 work queue items for project 1974b497
2026/03/22 01:28:58 swarm/plane: cached 100 work queue items for project 1974b497
2026/03/22 01:29:58 swarm/plane: cached 100 work queue items for project 1974b497
2026/03/22 01:30:58 swarm/plane: cached 100 work queue items for project 1974b497
2026/03/22 01:31:58 swarm/plane: cached 100 work queue items for project 1974b497
2026/03/22 01:32:58 swarm/plane: cached 100 work queue items for project 1974b497
2026/03/22 01:33:58 swarm/plane: cached 100 work queue items for project 1974b497
2026/03/22 01:34:58 swarm/plane: cached 100 work queue items for project 1974b497
2026/03/22 01:35:58 swarm/plane: cached 100 work queue items for project 1974b497
2026/03/22 01:36:58 swarm/plane: cached 100 work queue items for project 1974b497
2026/03/22 01:37:58 swarm/plane: cached 100 work queue items for project 1974b497
2026/03/22 01:38:58 swarm/plane: cached 100 work queue items for project 1974b497
2026/03/22 01:39:58 swarm/plane: cached 100 work queue items for project 1974b497
2026/03/22 01:40:58 swarm/plane: cached 100 work queue items for project 1974b497
2026/03/22 01:41:58 swarm/plane: cached 100 work queue items for project 1974b497
2026/03/22 01:42:58 swarm/plane: cached 100 work queue items for project 1974b497
2026/03/22 01:43:58 swarm/plane: cached 100 work queue items for project 1974b497
2026/03/22 01:44:58 swarm/plane: cached 100 work queue items for project 1974b497
2026/03/22 01:45:58 swarm/plane: cached 100 work queue items for project 1974b497
2026/03/22 01:46:58 swarm/plane: cached 100 work queue items for project 1974b497
2026/03/22 01:47:58 swarm/plane: cached 100 work queue items for project 1974b497
2026/03/22 01:48:58 swarm/plane: cached 100 work queue items for project 1974b497
2026/03/22 01:49:58 swarm/plane: cached 100 work queue items for project 1974b497
2026/03/22 01:50:58 swarm/plane: cached 100 work queue items for project 1974b497
2026/03/22 01:51:58 swarm/plane: cached 100 work queue items for project 1974b497
2026/03/22 01:52:58 swarm/plane: cached 100 work queue items for project 1974b497
2026/03/22 01:53:58 swarm/plane: cached 100 work queue items for project 1974b497
2026/03/22 01:54:58 swarm/plane: cached 100 work queue items for project 1974b497
2026/03/22 01:55:58 swarm/plane: cached 100 work queue items for project 1974b497
2026/03/22 01:56:58 swarm/plane: cached 100 work queue items for project 1974b497
2026/03/22 01:57:58 swarm/plane: cached 100 work queue items for project 1974b497
2026/03/22 01:58:58 swarm/plane: cached 100 work queue items for project 1974b497
2026/03/22 01:59:58 swarm/plane: cached 100 work queue items for project 1974b497
2026/03/22 02:00:58 swarm/plane: cached 100 work queue items for project 1974b497
2026/03/22 02:01:58 swarm/plane: cached 100 work queue items for project 1974b497
2026/03/22 02:02:58 swarm/plane: cached 100 work queue items for project 1974b497
2026/03/22 02:03:58 swarm/plane: cached 100 work queue items for project 1974b497
2026/03/22 02:04:58 swarm/plane: cached 100 work queue items for project 1974b497
2026/03/22 02:05:58 swarm/plane: cached 100 work queue items for project 1974b497
2026/03/22 02:06:58 swarm/plane: cached 100 work queue items for project 1974b497
2026/03/22 02:07:58 swarm/plane: cached 100 work queue items for project 1974b497
2026/03/22 02:08:58 swarm/plane: cached 100 work queue items for project 1974b497
2026/03/22 02:09:58 swarm/plane: cached 100 work queue items for project 1974b497
2026/03/22 02:10:58 swarm/plane: cached 100 work queue items for project 1974b497
2026/03/22 02:11:58 swarm/plane: cached 100 work queue items for project 1974b497
2026/03/22 02:12:58 swarm/plane: cached 100 work queue items for project 1974b497
2026/03/22 02:13:58 swarm/plane: cached 100 work queue items for project 1974b497
2026/03/22 02:14:58 swarm/plane: cached 100 work queue items for project 1974b497
2026/03/22 02:15:58 swarm/plane: cached 100 work queue items for project 1974b497
2026/03/22 02:16:58 swarm/plane: cached 100 work queue items for project 1974b497
2026/03/22 02:17:58 swarm/plane: cached 100 work queue items for project 1974b497
2026/03/22 02:18:58 swarm/plane: cached 100 work queue items for project 1974b497
2026/03/22 02:19:58 swarm/plane: cached 100 work queue items for project 1974b497
2026/03/22 02:20:58 swarm/plane: cached 100 work queue items for project 1974b497
2026/03/22 02:21:58 swarm/plane: cached 100 work queue items for project 1974b497
2026/03/22 02:22:58 swarm/plane: cached 100 work queue items for project 1974b497
2026/03/22 02:23:58 swarm/plane: cached 100 work queue items for project 1974b497
2026/03/22 02:24:58 swarm/plane: cached 100 work queue items for project 1974b497
2026/03/22 02:25:58 swarm/plane: cached 100 work queue items for project 1974b497
2026/03/22 02:26:58 swarm/plane: cached 100 work queue items for project 1974b497
2026/03/22 02:27:58 swarm/plane: cached 100 work queue items for project 1974b497
2026/03/22 02:28:58 swarm/plane: cached 100 work queue items for project 1974b497
2026/03/22 02:29:58 swarm/plane: cached 100 work queue items for project 1974b497
2026/03/22 02:30:58 swarm/plane: cached 100 work queue items for project 1974b497
2026/03/22 02:31:58 swarm/plane: cached 100 work queue items for project 1974b497
2026/03/22 02:32:58 swarm/plane: cached 100 work queue items for project 1974b497
2026/03/22 02:33:58 swarm/plane: cached 100 work queue items for project 1974b497
2026/03/22 02:34:58 swarm/plane: cached 100 work queue items for project 1974b497
2026/03/22 02:35:58 swarm/plane: cached 100 work queue items for project 1974b497
2026/03/22 02:36:58 swarm/plane: cached 100 work queue items for project 1974b497
2026/03/22 02:37:58 swarm/plane: cached 100 work queue items for project 1974b497
2026/03/22 02:38:58 swarm/plane: cached 100 work queue items for project 1974b497
2026/03/22 02:39:58 swarm/plane: cached 100 work queue items for project 1974b497
2026/03/22 02:40:58 swarm/plane: cached 100 work queue items for project 1974b497
2026/03/22 02:41:58 swarm/plane: cached 100 work queue items for project 1974b497
2026/03/22 02:42:58 swarm/plane: cached 100 work queue items for project 1974b497
2026/03/22 02:43:58 swarm/plane: cached 100 work queue items for project 1974b497
2026/03/22 02:44:58 swarm/plane: cached 100 work queue items for project 1974b497
2026/03/22 02:45:58 swarm/plane: cached 100 work queue items for project 1974b497
2026/03/22 02:46:58 swarm/plane: cached 100 work queue items for project 1974b497
2026/03/22 02:47:58 swarm/plane: cached 100 work queue items for project 1974b497
2026/03/22 02:48:58 swarm/plane: cached 100 work queue items for project 1974b497
2026/03/22 02:49:58 swarm/plane: cached 100 work queue items for project 1974b497
2026/03/22 02:50:58 swarm/plane: cached 100 work queue items for project 1974b497
2026/03/22 02:51:58 swarm/plane: cached 100 work queue items for project 1974b497
2026/03/22 02:52:58 swarm/plane: cached 100 work queue items for project 1974b497
2026/03/22 02:53:58 swarm/plane: cached 100 work queue items for project 1974b497
2026/03/22 02:54:58 swarm/plane: cached 100 work queue items for project 1974b497
2026/03/22 02:55:58 swarm/plane: cached 100 work queue items for project 1974b497
2026/03/22 02:56:58 swarm/plane: cached 100 work queue items for project 1974b497
2026/03/22 02:57:58 swarm/plane: cached 100 work queue items for project 1974b497
2026/03/22 02:58:58 swarm/plane: cached 100 work queue items for project 1974b497
2026/03/22 02:59:58 swarm/plane: cached 100 work queue items for project 1974b497
2026/03/22 03:00:58 swarm/plane: cached 100 work queue items for project 1974b497
2026/03/22 03:01:58 swarm/plane: cached 100 work queue items for project 1974b497
2026/03/22 03:02:58 swarm/plane: cached 100 work queue items for project 1974b497
2026/03/22 03:03:58 swarm/plane: cached 100 work queue items for project 1974b497
2026/03/22 03:04:58 swarm/plane: cached 100 work queue items for project 1974b497
2026/03/22 03:05:58 swarm/plane: cached 100 work queue items for project 1974b497
2026/03/22 03:06:58 swarm/plane: cached 100 work queue items for project 1974b497
2026/03/22 03:07:58 swarm/plane: cached 100 work queue items for project 1974b497
2026/03/22 03:08:58 swarm/plane: cached 100 work queue items for project 1974b497
2026/03/22 03:09:58 swarm/plane: cached 100 work queue items for project 1974b497
2026/03/22 03:10:58 swarm/plane: cached 100 work queue items for project 1974b497
2026/03/22 03:11:58 swarm/plane: cached 100 work queue items for project 1974b497
2026/03/22 03:12:58 swarm/plane: cached 100 work queue items for project 1974b497
2026/03/22 03:13:58 swarm/plane: cached 100 work queue items for project 1974b497
2026/03/22 03:14:58 swarm/plane: cached 100 work queue items for project 1974b497
2026/03/22 03:15:58 swarm/plane: cached 100 work queue items for project 1974b497
2026/03/22 03:16:58 swarm/plane: cached 100 work queue items for project 1974b497
2026/03/22 03:17:58 swarm/plane: cached 100 work queue items for project 1974b497
2026/03/22 03:18:58 swarm/plane: cached 100 work queue items for project 1974b497
2026/03/22 03:19:58 swarm/plane: cached 100 work queue items for project 1974b497
2026/03/22 03:20:58 swarm/plane: cached 100 work queue items for project 1974b497
2026/03/22 03:21:58 swarm/plane: cached 100 work queue items for project 1974b497
2026/03/22 03:22:58 swarm/plane: cached 100 work queue items for project 1974b497
2026/03/22 03:23:58 swarm/plane: cached 100 work queue items for project 1974b497
2026/03/22 03:24:58 swarm/plane: cached 100 work queue items for project 1974b497
2026/03/22 03:25:58 swarm/plane: cached 100 work queue items for project 1974b497
2026/03/22 03:26:58 swarm/plane: cached 100 work queue items for project 1974b497
2026/03/22 03:27:58 swarm/plane: cached 100 work queue items for project 1974b497
2026/03/22 03:28:58 swarm/plane: cached 100 work queue items for project 1974b497
2026/03/22 03:29:58 swarm/plane: cached 100 work queue items for project 1974b497
2026/03/22 03:30:58 swarm/plane: cached 100 work queue items for project 1974b497
2026/03/22 03:31:58 swarm/plane: cached 100 work queue items for project 1974b497
2026/03/22 03:32:58 swarm/plane: cached 100 work queue items for project 1974b497
2026/03/22 03:33:58 swarm/plane: cached 100 work queue items for project 1974b497
2026/03/22 03:34:58 swarm/plane: cached 100 work queue items for project 1974b497
2026/03/22 03:35:59 swarm/plane: cached 100 work queue items for project 1974b497
2026/03/22 03:36:58 swarm/plane: cached 100 work queue items for project 1974b497
2026/03/22 03:37:58 swarm/plane: cached 100 work queue items for project 1974b497
2026/03/22 03:38:58 swarm/plane: cached 100 work queue items for project 1974b497
2026/03/22 03:39:58 swarm/plane: cached 100 work queue items for project 1974b497
2026/03/22 03:40:58 swarm/plane: cached 100 work queue items for project 1974b497
2026/03/22 03:41:58 swarm/plane: cached 100 work queue items for project 1974b497
2026/03/22 03:42:58 swarm/plane: cached 100 work queue items for project 1974b497
2026/03/22 03:43:58 swarm/plane: cached 100 work queue items for project 1974b497
2026/03/22 03:44:58 swarm/plane: cached 100 work queue items for project 1974b497
2026/03/22 03:45:58 swarm/plane: cached 100 work queue items for project 1974b497
2026/03/22 03:46:58 swarm/plane: cached 100 work queue items for project 1974b497
2026/03/22 03:47:58 swarm/plane: cached 100 work queue items for project 1974b497
2026/03/22 03:48:58 swarm/plane: cached 100 work queue items for project 1974b497
2026/03/22 03:49:58 swarm/plane: cached 100 work queue items for project 1974b497
2026/03/22 03:50:58 swarm/plane: cached 100 work queue items for project 1974b497
2026/03/22 03:51:58 swarm/plane: cached 100 work queue items for project 1974b497
2026/03/22 03:52:58 swarm/plane: cached 100 work queue items for project 1974b497
2026/03/22 03:53:58 swarm/plane: cached 100 work queue items for project 1974b497
2026/03/22 03:54:58 swarm/plane: cached 100 work queue items for project 1974b497
2026/03/22 03:55:58 swarm/plane: cached 100 work queue items for project 1974b497
2026/03/22 03:56:58 swarm/plane: cached 100 work queue items for project 1974b497
2026/03/22 03:57:58 swarm/plane: cached 100 work queue items for project 1974b497
2026/03/22 03:58:58 swarm/plane: cached 100 work queue items for project 1974b497
2026/03/22 03:59:58 swarm/plane: cached 100 work queue items for project 1974b497
2026/03/22 04:00:58 swarm/plane: cached 100 work queue items for project 1974b497
2026/03/22 04:01:58 swarm/plane: cached 100 work queue items for project 1974b497
2026/03/22 04:02:58 swarm/plane: cached 100 work queue items for project 1974b497
2026/03/22 04:03:58 swarm/plane: cached 100 work queue items for project 1974b497
2026/03/22 04:04:58 swarm/plane: cached 100 work queue items for project 1974b497
2026/03/22 04:05:58 swarm/plane: cached 100 work queue items for project 1974b497
2026/03/22 04:06:58 swarm/plane: cached 100 work queue items for project 1974b497
2026/03/22 04:07:58 swarm/plane: cached 100 work queue items for project 1974b497
2026/03/22 04:08:58 swarm/plane: cached 100 work queue items for project 1974b497
2026/03/22 04:09:58 swarm/plane: cached 100 work queue items for project 1974b497
2026/03/22 04:10:58 swarm/plane: cached 100 work queue items for project 1974b497
2026/03/22 04:11:58 swarm/plane: cached 100 work queue items for project 1974b497
2026/03/22 04:12:58 swarm/plane: cached 100 work queue items for project 1974b497
2026/03/22 04:13:58 swarm/plane: cached 100 work queue items for project 1974b497
2026/03/22 04:14:58 swarm/plane: cached 100 work queue items for project 1974b497
2026/03/22 04:15:58 swarm/plane: cached 100 work queue items for project 1974b497
2026/03/22 04:16:58 swarm/plane: cached 100 work queue items for project 1974b497
2026/03/22 04:17:58 swarm/plane: cached 100 work queue items for project 1974b497
2026/03/22 04:18:58 swarm/plane: cached 100 work queue items for project 1974b497
2026/03/22 04:19:58 swarm/plane: cached 100 work queue items for project 1974b497
2026/03/22 04:20:58 swarm/plane: cached 100 work queue items for project 1974b497
2026/03/22 04:21:58 swarm/plane: cached 100 work queue items for project 1974b497
2026/03/22 04:22:58 swarm/plane: cached 100 work queue items for project 1974b497
2026/03/22 04:23:58 swarm/plane: cached 100 work queue items for project 1974b497
2026/03/22 04:24:58 swarm/plane: cached 100 work queue items for project 1974b497
2026/03/22 04:25:58 swarm/plane: cached 100 work queue items for project 1974b497
2026/03/22 04:26:58 swarm/plane: cached 100 work queue items for project 1974b497
2026/03/22 04:27:58 swarm/plane: cached 100 work queue items for project 1974b497
2026/03/22 04:28:58 swarm/plane: cached 100 work queue items for project 1974b497
2026/03/22 04:29:58 swarm/plane: cached 100 work queue items for project 1974b497
2026/03/22 04:30:58 swarm/plane: cached 100 work queue items for project 1974b497
2026/03/22 04:31:58 swarm/plane: cached 100 work queue items for project 1974b497
2026/03/22 04:32:58 swarm/plane: cached 100 work queue items for project 1974b497
2026/03/22 04:33:58 swarm/plane: cached 100 work queue items for project 1974b497
2026/03/22 04:34:58 swarm/plane: cached 100 work queue items for project 1974b497
2026/03/22 04:35:58 swarm/plane: cached 100 work queue items for project 1974b497
2026/03/22 04:36:58 swarm/plane: cached 100 work queue items for project 1974b497
2026/03/22 04:37:58 swarm/plane: cached 100 work queue items for project 1974b497
2026/03/22 04:38:58 swarm/plane: cached 100 work queue items for project 1974b497
2026/03/22 04:39:58 swarm/plane: cached 100 work queue items for project 1974b497
2026/03/22 04:41:11 swarm/plane: cached 0 work queue items for project 1974b497
2026/03/22 04:41:59 swarm/plane: cached 100 work queue items for project 1974b497
2026/03/22 04:42:58 swarm/plane: cached 100 work queue items for project 1974b497
2026/03/22 04:43:58 swarm/plane: cached 100 work queue items for project 1974b497
2026/03/22 04:44:58 swarm/plane: cached 100 work queue items for project 1974b497
2026/03/22 04:45:58 swarm/plane: cached 100 work queue items for project 1974b497
2026/03/22 04:46:58 swarm/plane: cached 100 work queue items for project 1974b497
2026/03/22 04:47:58 swarm/plane: cached 100 work queue items for project 1974b497
2026/03/22 04:48:58 swarm/plane: cached 100 work queue items for project 1974b497
2026/03/22 04:49:58 swarm/plane: cached 100 work queue items for project 1974b497
2026/03/22 04:50:58 swarm/plane: cached 100 work queue items for project 1974b497
2026/03/22 04:51:58 swarm/plane: cached 100 work queue items for project 1974b497
2026/03/22 04:52:58 swarm/plane: cached 100 work queue items for project 1974b497
2026/03/22 04:53:58 swarm/plane: cached 100 work queue items for project 1974b497
2026/03/22 04:54:58 swarm/plane: cached 100 work queue items for project 1974b497
2026/03/22 04:55:58 swarm/plane: cached 100 work queue items for project 1974b497
2026/03/22 04:56:58 swarm/plane: cached 100 work queue items for project 1974b497
2026/03/22 04:57:58 swarm/plane: cached 100 work queue items for project 1974b497
2026/03/22 04:58:58 swarm/plane: cached 100 work queue items for project 1974b497
2026/03/22 04:59:58 swarm/plane: cached 100 work queue items for project 1974b497
2026/03/22 05:00:58 swarm/plane: cached 100 work queue items for project 1974b497
2026/03/22 05:01:58 swarm/plane: cached 100 work queue items for project 1974b497
2026/03/22 05:02:58 swarm/plane: cached 100 work queue items for project 1974b497
2026/03/22 05:03:58 swarm/plane: cached 100 work queue items for project 1974b497
2026/03/22 05:04:58 swarm/plane: cached 100 work queue items for project 1974b497
2026/03/22 05:05:58 swarm/plane: cached 100 work queue items for project 1974b497
2026/03/22 05:06:58 swarm/plane: cached 100 work queue items for project 1974b497
2026/03/22 05:07:58 swarm/plane: cached 100 work queue items for project 1974b497
2026/03/22 05:08:58 swarm/plane: cached 100 work queue items for project 1974b497
2026/03/22 05:09:58 swarm/plane: cached 100 work queue items for project 1974b497
2026/03/22 05:10:58 swarm/plane: cached 100 work queue items for project 1974b497
2026/03/22 05:11:58 swarm/plane: cached 100 work queue items for project 1974b497
2026/03/22 05:12:58 swarm/plane: cached 100 work queue items for project 1974b497
2026/03/22 05:13:58 swarm/plane: cached 100 work queue items for project 1974b497
2026/03/22 05:14:58 swarm/plane: cached 100 work queue items for project 1974b497
2026/03/22 05:15:58 swarm/plane: cached 100 work queue items for project 1974b497
2026/03/22 05:16:58 swarm/plane: cached 100 work queue items for project 1974b497
2026/03/22 05:17:58 swarm/plane: cached 100 work queue items for project 1974b497
2026/03/22 05:18:58 swarm/plane: cached 100 work queue items for project 1974b497
2026/03/22 05:19:58 swarm/plane: cached 100 work queue items for project 1974b497
2026/03/22 05:20:58 swarm/plane: cached 100 work queue items for project 1974b497
2026/03/22 05:21:58 swarm/plane: cached 100 work queue items for project 1974b497
2026/03/22 05:22:58 swarm/plane: cached 100 work queue items for project 1974b497
2026/03/22 05:23:58 swarm/plane: cached 100 work queue items for project 1974b497
2026/03/22 05:24:58 swarm/plane: cached 100 work queue items for project 1974b497
2026/03/22 05:25:58 swarm/plane: cached 100 work queue items for project 1974b497
2026/03/22 05:26:58 swarm/plane: cached 100 work queue items for project 1974b497
2026/03/22 05:27:58 swarm/plane: cached 100 work queue items for project 1974b497
2026/03/22 05:28:58 swarm/plane: cached 100 work queue items for project 1974b497
2026/03/22 05:29:58 swarm/plane: cached 100 work queue items for project 1974b497
2026/03/22 05:30:58 swarm/plane: cached 100 work queue items for project 1974b497
2026/03/22 05:31:58 swarm/plane: cached 100 work queue items for project 1974b497
2026/03/22 05:32:58 swarm/plane: cached 100 work queue items for project 1974b497
2026/03/22 05:33:58 swarm/plane: cached 100 work queue items for project 1974b497
2026/03/22 05:34:58 swarm/plane: cached 100 work queue items for project 1974b497
2026/03/22 05:35:58 swarm/plane: cached 100 work queue items for project 1974b497
2026/03/22 05:36:58 swarm/plane: cached 100 work queue items for project 1974b497
2026/03/22 05:37:58 swarm/plane: cached 100 work queue items for project 1974b497
2026/03/22 05:38:58 swarm/plane: cached 100 work queue items for project 1974b497
2026/03/22 05:39:58 swarm/plane: cached 100 work queue items for project 1974b497
2026/03/22 05:40:58 swarm/plane: cached 100 work queue items for project 1974b497
2026/03/22 05:41:58 swarm/plane: cached 100 work queue items for project 1974b497
2026/03/22 05:42:58 swarm/plane: cached 100 work queue items for project 1974b497
2026/03/22 05:43:58 swarm/plane: cached 100 work queue items for project 1974b497
2026/03/22 05:44:58 swarm/plane: cached 100 work queue items for project 1974b497
2026/03/22 05:45:58 swarm/plane: cached 100 work queue items for project 1974b497
2026/03/22 05:46:58 swarm/plane: cached 100 work queue items for project 1974b497
2026/03/22 05:47:58 swarm/plane: cached 100 work queue items for project 1974b497
2026/03/22 05:48:58 swarm/plane: cached 100 work queue items for project 1974b497
2026/03/22 05:49:58 swarm/plane: cached 100 work queue items for project 1974b497
2026/03/22 05:50:58 swarm/plane: cached 100 work queue items for project 1974b497
2026/03/22 05:51:58 swarm/plane: cached 100 work queue items for project 1974b497
2026/03/22 05:52:58 swarm/plane: cached 100 work queue items for project 1974b497
2026/03/22 05:53:58 swarm/plane: cached 100 work queue items for project 1974b497
2026/03/22 05:54:58 swarm/plane: cached 100 work queue items for project 1974b497
2026/03/22 05:55:58 swarm/plane: cached 100 work queue items for project 1974b497
2026/03/22 05:56:58 swarm/plane: cached 100 work queue items for project 1974b497
2026/03/22 05:57:58 swarm/plane: cached 100 work queue items for project 1974b497
2026/03/22 05:58:58 swarm/plane: cached 100 work queue items for project 1974b497
2026/03/22 05:59:58 swarm/plane: cached 100 work queue items for project 1974b497
2026/03/22 06:00:58 swarm/plane: cached 100 work queue items for project 1974b497
2026/03/22 06:01:58 swarm/plane: cached 100 work queue items for project 1974b497
2026/03/22 06:02:58 swarm/plane: cached 100 work queue items for project 1974b497
2026/03/22 06:03:58 swarm/plane: cached 100 work queue items for project 1974b497
2026/03/22 06:04:58 swarm/plane: cached 100 work queue items for project 1974b497
2026/03/22 06:05:58 swarm/plane: cached 100 work queue items for project 1974b497
2026/03/22 06:06:58 swarm/plane: cached 100 work queue items for project 1974b497
2026/03/22 06:07:58 swarm/plane: cached 100 work queue items for project 1974b497
2026/03/22 06:08:58 swarm/plane: cached 100 work queue items for project 1974b497
2026/03/22 06:09:58 swarm/plane: cached 100 work queue items for project 1974b497
2026/03/22 06:10:58 swarm/plane: cached 100 work queue items for project 1974b497
2026/03/22 06:11:58 swarm/plane: cached 100 work queue items for project 1974b497
2026/03/22 06:12:58 swarm/plane: cached 100 work queue items for project 1974b497
2026/03/22 06:13:58 swarm/plane: cached 100 work queue items for project 1974b497
2026/03/22 06:14:58 swarm/plane: cached 100 work queue items for project 1974b497
2026/03/22 06:15:58 swarm/plane: cached 100 work queue items for project 1974b497
2026/03/22 06:16:58 swarm/plane: cached 100 work queue items for project 1974b497
2026/03/22 06:17:58 swarm/plane: cached 100 work queue items for project 1974b497
2026/03/22 06:18:58 swarm/plane: cached 100 work queue items for project 1974b497
2026/03/22 06:19:58 swarm/plane: cached 100 work queue items for project 1974b497
2026/03/22 06:20:58 swarm/plane: cached 100 work queue items for project 1974b497
2026/03/22 06:21:58 swarm/plane: cached 100 work queue items for project 1974b497
2026/03/22 06:22:58 swarm/plane: cached 100 work queue items for project 1974b497
2026/03/22 06:23:58 swarm/plane: cached 100 work queue items for project 1974b497
2026/03/22 06:24:58 swarm/plane: cached 100 work queue items for project 1974b497
2026/03/22 06:25:58 swarm/plane: cached 100 work queue items for project 1974b497
2026/03/22 06:26:58 swarm/plane: cached 100 work queue items for project 1974b497
2026/03/22 06:27:58 swarm/plane: cached 100 work queue items for project 1974b497
2026/03/22 06:28:58 swarm/plane: cached 100 work queue items for project 1974b497
2026/03/22 06:29:58 swarm/plane: cached 100 work queue items for project 1974b497
2026/03/22 06:30:58 swarm/plane: cached 100 work queue items for project 1974b497
2026/03/22 06:31:58 swarm/plane: cached 100 work queue items for project 1974b497
2026/03/22 06:32:58 swarm/plane: cached 100 work queue items for project 1974b497
2026/03/22 06:33:58 swarm/plane: cached 100 work queue items for project 1974b497
2026/03/22 06:34:58 swarm/plane: cached 100 work queue items for project 1974b497
2026/03/22 06:35:58 swarm/plane: cached 100 work queue items for project 1974b497
2026/03/22 06:36:58 swarm/plane: cached 100 work queue items for project 1974b497
2026/03/22 06:37:58 swarm/plane: cached 100 work queue items for project 1974b497
2026/03/22 06:38:58 swarm/plane: cached 100 work queue items for project 1974b497
2026/03/22 06:39:58 swarm/plane: cached 100 work queue items for project 1974b497
2026/03/22 06:40:58 swarm/plane: cached 100 work queue items for project 1974b497
2026/03/22 06:41:58 swarm/plane: cached 100 work queue items for project 1974b497
2026/03/22 06:42:58 swarm/plane: cached 100 work queue items for project 1974b497
2026/03/22 06:43:58 swarm/plane: cached 100 work queue items for project 1974b497
2026/03/22 06:44:58 swarm/plane: cached 100 work queue items for project 1974b497
2026/03/22 06:45:58 swarm/plane: cached 100 work queue items for project 1974b497
2026/03/22 06:46:58 swarm/plane: cached 100 work queue items for project 1974b497
2026/03/22 06:47:58 swarm/plane: cached 100 work queue items for project 1974b497
2026/03/22 06:48:58 swarm/plane: cached 100 work queue items for project 1974b497
2026/03/22 06:49:58 swarm/plane: cached 100 work queue items for project 1974b497
2026/03/22 06:50:58 swarm/plane: cached 100 work queue items for project 1974b497
2026/03/22 06:51:58 swarm/plane: cached 100 work queue items for project 1974b497
2026/03/22 06:52:58 swarm/plane: cached 100 work queue items for project 1974b497
2026/03/22 06:53:58 swarm/plane: cached 100 work queue items for project 1974b497
2026/03/22 06:54:58 swarm/plane: cached 100 work queue items for project 1974b497
2026/03/22 06:55:58 swarm/plane: cached 100 work queue items for project 1974b497
2026/03/22 06:56:58 swarm/plane: cached 100 work queue items for project 1974b497
2026/03/22 06:57:58 swarm/plane: cached 100 work queue items for project 1974b497
2026/03/22 06:58:58 swarm/plane: cached 100 work queue items for project 1974b497
2026/03/22 06:59:58 swarm/plane: cached 100 work queue items for project 1974b497
2026/03/22 07:00:58 swarm/plane: cached 100 work queue items for project 1974b497
2026/03/22 07:01:58 swarm/plane: cached 100 work queue items for project 1974b497
2026/03/22 07:02:58 swarm/plane: cached 100 work queue items for project 1974b497
2026/03/22 07:03:58 swarm/plane: cached 100 work queue items for project 1974b497
2026/03/22 07:04:58 swarm/plane: cached 100 work queue items for project 1974b497
2026/03/22 07:05:58 swarm/plane: cached 100 work queue items for project 1974b497
2026/03/22 07:06:58 swarm/plane: cached 100 work queue items for project 1974b497
2026/03/22 07:07:58 swarm/plane: cached 100 work queue items for project 1974b497
2026/03/22 07:08:58 swarm/plane: cached 100 work queue items for project 1974b497
2026/03/22 07:09:58 swarm/plane: cached 100 work queue items for project 1974b497
2026/03/22 07:10:58 swarm/plane: cached 100 work queue items for project 1974b497
2026/03/22 07:11:58 swarm/plane: cached 100 work queue items for project 1974b497
2026/03/22 07:12:58 swarm/plane: cached 100 work queue items for project 1974b497
2026/03/22 07:13:58 swarm/plane: cached 100 work queue items for project 1974b497
2026/03/22 07:14:58 swarm/plane: cached 100 work queue items for project 1974b497
2026/03/22 07:15:58 swarm/plane: cached 100 work queue items for project 1974b497
2026/03/22 07:16:58 swarm/plane: cached 100 work queue items for project 1974b497
2026/03/22 07:17:58 swarm/plane: cached 100 work queue items for project 1974b497
2026/03/22 07:18:58 swarm/plane: cached 100 work queue items for project 1974b497
2026/03/22 07:19:58 swarm/plane: cached 100 work queue items for project 1974b497
2026/03/22 07:20:58 swarm/plane: cached 100 work queue items for project 1974b497
2026/03/22 07:21:58 swarm/plane: cached 100 work queue items for project 1974b497
2026/03/22 07:22:58 swarm/plane: cached 100 work queue items for project 1974b497
2026/03/22 07:23:58 swarm/plane: cached 100 work queue items for project 1974b497
2026/03/22 07:24:58 swarm/plane: cached 100 work queue items for project 1974b497
2026/03/22 07:25:58 swarm/plane: cached 100 work queue items for project 1974b497
2026/03/22 07:26:58 swarm/plane: cached 100 work queue items for project 1974b497
2026/03/22 07:27:58 swarm/plane: cached 100 work queue items for project 1974b497
2026/03/22 07:28:58 swarm/plane: cached 100 work queue items for project 1974b497
2026/03/22 07:29:58 swarm/plane: cached 100 work queue items for project 1974b497
2026/03/22 07:30:58 swarm/plane: cached 100 work queue items for project 1974b497
2026/03/22 07:31:58 swarm/plane: cached 100 work queue items for project 1974b497
2026/03/22 07:32:58 swarm/plane: cached 100 work queue items for project 1974b497
2026/03/22 07:33:58 swarm/plane: cached 100 work queue items for project 1974b497
2026/03/22 07:34:58 swarm/plane: cached 100 work queue items for project 1974b497
2026/03/22 07:35:58 swarm/plane: cached 100 work queue items for project 1974b497
2026/03/22 07:36:58 swarm/plane: cached 100 work queue items for project 1974b497
2026/03/22 07:37:58 swarm/plane: cached 100 work queue items for project 1974b497
2026/03/22 07:38:58 swarm/plane: cached 100 work queue items for project 1974b497
2026/03/22 07:39:58 swarm/plane: cached 100 work queue items for project 1974b497
2026/03/22 07:40:58 swarm/plane: cached 100 work queue items for project 1974b497
2026/03/22 07:41:58 swarm/plane: cached 100 work queue items for project 1974b497
2026/03/22 07:42:58 swarm/plane: cached 100 work queue items for project 1974b497
2026/03/22 07:43:58 swarm/plane: cached 100 work queue items for project 1974b497
2026/03/22 07:44:58 swarm/plane: cached 100 work queue items for project 1974b497
2026/03/22 07:45:58 swarm/plane: cached 100 work queue items for project 1974b497
2026/03/22 07:46:58 swarm/plane: cached 100 work queue items for project 1974b497
2026/03/22 07:47:58 swarm/plane: cached 100 work queue items for project 1974b497
2026/03/22 07:48:58 swarm/plane: cached 100 work queue items for project 1974b497
2026/03/22 07:49:58 swarm/plane: cached 100 work queue items for project 1974b497
2026/03/22 07:50:58 swarm/plane: cached 100 work queue items for project 1974b497
2026/03/22 07:51:58 swarm/plane: cached 100 work queue items for project 1974b497
2026/03/22 07:52:58 swarm/plane: cached 100 work queue items for project 1974b497
2026/03/22 07:53:58 swarm/plane: cached 100 work queue items for project 1974b497
2026/03/22 07:54:58 swarm/plane: cached 100 work queue items for project 1974b497
2026/03/22 07:55:58 swarm/plane: cached 100 work queue items for project 1974b497
2026/03/22 07:56:58 swarm/plane: cached 100 work queue items for project 1974b497
2026/03/22 07:57:58 swarm/plane: cached 100 work queue items for project 1974b497
2026/03/22 07:58:58 swarm/plane: cached 100 work queue items for project 1974b497
2026/03/22 07:59:58 swarm/plane: cached 100 work queue items for project 1974b497
2026/03/22 08:00:58 swarm/plane: cached 100 work queue items for project 1974b497
2026/03/22 08:01:58 swarm/plane: cached 100 work queue items for project 1974b497
2026/03/22 08:02:58 swarm/plane: cached 100 work queue items for project 1974b497
2026/03/22 08:03:58 swarm/plane: cached 100 work queue items for project 1974b497
2026/03/22 08:04:58 swarm/plane: cached 100 work queue items for project 1974b497
2026/03/22 08:05:58 swarm/plane: cached 100 work queue items for project 1974b497
2026/03/22 08:06:58 swarm/plane: cached 100 work queue items for project 1974b497
2026/03/22 08:07:58 swarm/plane: cached 100 work queue items for project 1974b497
2026/03/22 08:08:58 swarm/plane: cached 100 work queue items for project 1974b497
2026/03/22 08:09:58 swarm/plane: cached 100 work queue items for project 1974b497
2026/03/22 08:10:58 swarm/plane: cached 100 work queue items for project 1974b497
2026/03/22 08:11:58 swarm/plane: cached 100 work queue items for project 1974b497
2026/03/22 08:12:58 swarm/plane: cached 100 work queue items for project 1974b497
2026/03/22 08:13:58 swarm/plane: cached 100 work queue items for project 1974b497
2026/03/22 08:14:58 swarm/plane: cached 100 work queue items for project 1974b497
2026/03/22 08:15:58 swarm/plane: cached 100 work queue items for project 1974b497
2026/03/22 08:16:58 swarm/plane: cached 100 work queue items for project 1974b497
2026/03/22 08:17:58 swarm/plane: cached 100 work queue items for project 1974b497
2026/03/22 08:18:58 swarm/plane: cached 100 work queue items for project 1974b497
2026/03/22 08:19:58 swarm/plane: cached 100 work queue items for project 1974b497
2026/03/22 08:20:58 swarm/plane: cached 100 work queue items for project 1974b497
2026/03/22 08:21:58 swarm/plane: cached 100 work queue items for project 1974b497
2026/03/22 08:22:58 swarm/plane: cached 100 work queue items for project 1974b497
2026/03/22 08:23:58 swarm/plane: cached 100 work queue items for project 1974b497
2026/03/22 08:24:58 swarm/plane: cached 100 work queue items for project 1974b497
2026/03/22 08:25:58 swarm/plane: cached 100 work queue items for project 1974b497
2026/03/22 08:26:58 swarm/plane: cached 100 work queue items for project 1974b497
2026/03/22 08:27:58 swarm/plane: cached 100 work queue items for project 1974b497
2026/03/22 08:28:58 swarm/plane: cached 100 work queue items for project 1974b497
2026/03/22 08:29:58 swarm/plane: cached 100 work queue items for project 1974b497
2026/03/22 08:30:58 swarm/plane: cached 100 work queue items for project 1974b497
2026/03/22 08:31:58 swarm/plane: cached 100 work queue items for project 1974b497
2026/03/22 08:32:58 swarm/plane: cached 100 work queue items for project 1974b497
2026/03/22 08:33:58 swarm/plane: cached 100 work queue items for project 1974b497
2026/03/22 08:34:58 swarm/plane: cached 100 work queue items for project 1974b497
2026/03/22 08:35:58 swarm/plane: cached 100 work queue items for project 1974b497
2026/03/22 08:36:58 swarm/plane: cached 100 work queue items for project 1974b497
2026/03/22 08:37:58 swarm/plane: cached 100 work queue items for project 1974b497
2026/03/22 08:38:58 swarm/plane: cached 100 work queue items for project 1974b497
2026/03/22 08:39:58 swarm/plane: cached 100 work queue items for project 1974b497
2026/03/22 08:40:58 swarm/plane: cached 100 work queue items for project 1974b497
2026/03/22 08:41:58 swarm/plane: cached 100 work queue items for project 1974b497
2026/03/22 08:42:58 swarm/plane: cached 100 work queue items for project 1974b497
2026/03/22 08:43:58 swarm/plane: cached 100 work queue items for project 1974b497
2026/03/22 08:44:58 swarm/plane: cached 100 work queue items for project 1974b497
2026/03/22 08:45:58 swarm/plane: cached 100 work queue items for project 1974b497
2026/03/22 08:46:58 swarm/plane: cached 100 work queue items for project 1974b497
2026/03/22 08:47:58 swarm/plane: cached 100 work queue items for project 1974b497
2026/03/22 08:48:58 swarm/plane: cached 100 work queue items for project 1974b497
2026/03/22 08:49:58 swarm/plane: cached 100 work queue items for project 1974b497
2026/03/22 08:50:58 swarm/plane: cached 100 work queue items for project 1974b497
2026/03/22 08:51:58 swarm/plane: cached 100 work queue items for project 1974b497
2026/03/22 08:52:58 swarm/plane: cached 100 work queue items for project 1974b497
2026/03/22 08:53:58 swarm/plane: cached 100 work queue items for project 1974b497
2026/03/22 08:54:58 swarm/plane: cached 100 work queue items for project 1974b497
2026/03/22 08:55:58 swarm/plane: cached 100 work queue items for project 1974b497
2026/03/22 08:56:58 swarm/plane: cached 100 work queue items for project 1974b497
2026/03/22 08:57:58 swarm/plane: cached 100 work queue items for project 1974b497
2026/03/22 08:58:58 swarm/plane: cached 100 work queue items for project 1974b497
2026/03/22 08:59:58 swarm/plane: cached 100 work queue items for project 1974b497
2026/03/22 09:00:58 swarm/plane: cached 100 work queue items for project 1974b497
2026/03/22 09:01:58 swarm/plane: cached 100 work queue items for project 1974b497
2026/03/22 09:02:58 swarm/plane: cached 100 work queue items for project 1974b497
2026/03/22 09:03:58 swarm/plane: cached 100 work queue items for project 1974b497
2026/03/22 09:04:58 swarm/plane: cached 100 work queue items for project 1974b497
2026/03/22 09:05:58 swarm/plane: cached 100 work queue items for project 1974b497
2026/03/22 09:06:58 swarm/plane: cached 100 work queue items for project 1974b497
2026/03/22 09:07:58 swarm/plane: cached 100 work queue items for project 1974b497
2026/03/22 09:08:58 swarm/plane: cached 100 work queue items for project 1974b497
2026/03/22 09:09:58 swarm/plane: cached 100 work queue items for project 1974b497
2026/03/22 09:10:58 swarm/plane: cached 100 work queue items for project 1974b497
2026/03/22 09:11:58 swarm/plane: cached 100 work queue items for project 1974b497
2026/03/22 09:12:58 swarm/plane: cached 100 work queue items for project 1974b497
2026/04/08 19:23:01 SwarmOps starting on :8080
