[22:08:12] === bulk seed generation starting (target=6000, workers=4, batch=5) ===
[22:08:12] existing accepted seeds: 0 | {}
[22:08:12] prepared 1200 batches across categories
[22:09:05]   +5 [partial_knowledge] ; total=5 ; rate=6/min ; 1/1200 batches
[22:09:07]   +5 [partial_knowledge] ; total=10 ; rate=11/min ; 2/1200 batches
[22:09:10]   +5 [partial_knowledge] ; total=15 ; rate=16/min ; 3/1200 batches
[22:09:14]   +5 [partial_knowledge] ; total=20 ; rate=19/min ; 4/1200 batches
[22:09:55]   +5 [partial_knowledge] ; total=25 ; rate=15/min ; 5/1200 batches
[22:10:02]   +5 [partial_knowledge] ; total=30 ; rate=16/min ; 6/1200 batches
[22:10:06]   +5 [partial_knowledge] ; total=35 ; rate=18/min ; 7/1200 batches
[22:10:38] === bulk seed generation starting (target=10000, workers=4, batch=5) ===
[22:10:38] existing accepted seeds: 35 | {'partial_knowledge': 35}
[22:10:38] prepared 1993 batches across categories
[22:11:32]   +5 [partial_knowledge] ; total=5 ; rate=6/min ; 1/1993 batches
[22:11:34]   +5 [partial_knowledge] ; total=10 ; rate=11/min ; 2/1993 batches
[22:11:38]   +5 [partial_knowledge] ; total=15 ; rate=15/min ; 3/1993 batches
[22:11:41]   +5 [partial_knowledge] ; total=20 ; rate=19/min ; 4/1993 batches
[22:12:23]   +5 [partial_knowledge] ; total=25 ; rate=14/min ; 5/1993 batches
[22:12:27]   +5 [partial_knowledge] ; total=30 ; rate=17/min ; 6/1993 batches
[22:12:35]   +5 [partial_knowledge] ; total=35 ; rate=18/min ; 7/1993 batches
[22:12:38]   +5 [partial_knowledge] ; total=40 ; rate=20/min ; 8/1993 batches
[22:13:19]   +5 [partial_knowledge] ; total=45 ; rate=17/min ; 9/1993 batches
[22:13:23]   +5 [partial_knowledge] ; total=50 ; rate=18/min ; 10/1993 batches
[22:13:26]   +5 [partial_knowledge] ; total=55 ; rate=20/min ; 11/1993 batches
[22:13:34]   +5 [partial_knowledge] ; total=60 ; rate=21/min ; 12/1993 batches
[22:14:08]   +5 [partial_knowledge] ; total=65 ; rate=19/min ; 13/1993 batches
[22:14:17]   +5 [partial_knowledge] ; total=70 ; rate=19/min ; 14/1993 batches
[22:14:17]   +5 [partial_knowledge] ; total=75 ; rate=21/min ; 15/1993 batches
[22:14:29]   +5 [partial_knowledge] ; total=80 ; rate=21/min ; 16/1993 batches
[22:15:01]   +5 [partial_knowledge] ; total=85 ; rate=19/min ; 17/1993 batches
[22:15:08]   +5 [partial_knowledge] ; total=90 ; rate=20/min ; 18/1993 batches
[22:15:13]   +5 [partial_knowledge] ; total=95 ; rate=21/min ; 19/1993 batches
[22:15:23]   +5 [partial_knowledge] ; total=100 ; rate=21/min ; 20/1993 batches
[22:15:52]   +5 [partial_knowledge] ; total=105 ; rate=20/min ; 21/1993 batches
[22:16:01]   +5 [partial_knowledge] ; total=110 ; rate=20/min ; 22/1993 batches
[22:16:04]   +5 [partial_knowledge] ; total=115 ; rate=21/min ; 23/1993 batches
[22:16:18]   +5 [partial_knowledge] ; total=120 ; rate=21/min ; 24/1993 batches
[22:16:44]   +5 [partial_knowledge] ; total=125 ; rate=21/min ; 25/1993 batches
[22:16:54]   +5 [partial_knowledge] ; total=130 ; rate=21/min ; 26/1993 batches
[22:16:59]   +5 [partial_knowledge] ; total=135 ; rate=21/min ; 27/1993 batches
[22:17:17]   +5 [partial_knowledge] ; total=140 ; rate=21/min ; 28/1993 batches
[22:17:48]   +5 [partial_knowledge] ; total=145 ; rate=20/min ; 29/1993 batches
[22:17:48]   +5 [partial_knowledge] ; total=150 ; rate=21/min ; 30/1993 batches
[22:17:51]   +5 [partial_knowledge] ; total=155 ; rate=21/min ; 31/1993 batches
[22:18:08]   +5 [partial_knowledge] ; total=160 ; rate=21/min ; 32/1993 batches
[22:18:40]   +5 [partial_knowledge] ; total=165 ; rate=21/min ; 33/1993 batches
[22:18:45]   +5 [partial_knowledge] ; total=170 ; rate=21/min ; 34/1993 batches
[22:18:51]   +5 [partial_knowledge] ; total=175 ; rate=21/min ; 35/1993 batches
[22:19:02]   +5 [partial_knowledge] ; total=180 ; rate=21/min ; 36/1993 batches
[22:19:31]   +5 [partial_knowledge] ; total=185 ; rate=21/min ; 37/1993 batches
[22:19:40]   +5 [partial_knowledge] ; total=190 ; rate=21/min ; 38/1993 batches
[22:19:47]   +5 [partial_knowledge] ; total=195 ; rate=21/min ; 39/1993 batches
[22:19:53]   +5 [partial_knowledge] ; total=200 ; rate=22/min ; 40/1993 batches
[22:20:21]   +5 [partial_knowledge] ; total=205 ; rate=21/min ; 41/1993 batches
[22:20:36]   +5 [partial_knowledge] ; total=210 ; rate=21/min ; 42/1993 batches
[22:20:46]   +5 [partial_knowledge] ; total=215 ; rate=21/min ; 43/1993 batches
[22:20:48]   +5 [partial_knowledge] ; total=220 ; rate=22/min ; 44/1993 batches
[22:21:17]   +5 [partial_knowledge] ; total=225 ; rate=21/min ; 45/1993 batches
[22:21:29]   +5 [partial_knowledge] ; total=230 ; rate=21/min ; 46/1993 batches
[22:21:35]   +5 [partial_knowledge] ; total=235 ; rate=21/min ; 47/1993 batches
[22:21:51]   +5 [partial_knowledge] ; total=240 ; rate=21/min ; 48/1993 batches
[22:22:12]   +5 [partial_knowledge] ; total=245 ; rate=21/min ; 49/1993 batches
[22:22:16]   +5 [partial_knowledge] ; total=250 ; rate=21/min ; 50/1993 batches
[22:22:37]   +5 [partial_knowledge] ; total=255 ; rate=21/min ; 51/1993 batches
[22:22:47]   +5 [partial_knowledge] ; total=260 ; rate=21/min ; 52/1993 batches
[22:23:10]   +5 [partial_knowledge] ; total=265 ; rate=21/min ; 53/1993 batches
[22:23:15]   +5 [partial_knowledge] ; total=270 ; rate=21/min ; 54/1993 batches
[22:23:33]   +5 [partial_knowledge] ; total=275 ; rate=21/min ; 55/1993 batches
[22:23:44]   +5 [partial_knowledge] ; total=280 ; rate=21/min ; 56/1993 batches
[22:24:02]   +5 [partial_knowledge] ; total=285 ; rate=21/min ; 57/1993 batches
[22:24:13]   +5 [partial_knowledge] ; total=290 ; rate=21/min ; 58/1993 batches
[22:24:31]   +5 [partial_knowledge] ; total=295 ; rate=21/min ; 59/1993 batches
[22:24:41]   +5 [partial_knowledge] ; total=300 ; rate=21/min ; 60/1993 batches
[22:25:05]   +5 [partial_knowledge] ; total=305 ; rate=21/min ; 61/1993 batches
[22:25:14]   +5 [partial_knowledge] ; total=310 ; rate=21/min ; 62/1993 batches
[22:25:31]   +5 [partial_knowledge] ; total=315 ; rate=21/min ; 63/1993 batches
[22:25:44]   +5 [partial_knowledge] ; total=320 ; rate=21/min ; 64/1993 batches
[22:25:57]   +5 [partial_knowledge] ; total=325 ; rate=21/min ; 65/1993 batches
[22:26:11]   +5 [partial_knowledge] ; total=330 ; rate=21/min ; 66/1993 batches
[22:26:23]   +5 [partial_knowledge] ; total=335 ; rate=21/min ; 67/1993 batches
[22:26:36]   +5 [partial_knowledge] ; total=340 ; rate=21/min ; 68/1993 batches
[22:26:55]   +5 [partial_knowledge] ; total=345 ; rate=21/min ; 69/1993 batches
[22:27:03]   +5 [partial_knowledge] ; total=350 ; rate=21/min ; 70/1993 batches
[22:27:23]   +5 [partial_knowledge] ; total=355 ; rate=21/min ; 71/1993 batches
[22:27:30]   +5 [partial_knowledge] ; total=360 ; rate=21/min ; 72/1993 batches
[22:27:49]   +5 [partial_knowledge] ; total=365 ; rate=21/min ; 73/1993 batches
[22:27:51]   +5 [partial_knowledge] ; total=370 ; rate=21/min ; 74/1993 batches
[22:28:18]   +5 [partial_knowledge] ; total=375 ; rate=21/min ; 75/1993 batches
[22:28:20]   +5 [partial_knowledge] ; total=380 ; rate=21/min ; 76/1993 batches
[22:28:40]   +5 [partial_knowledge] ; total=385 ; rate=21/min ; 77/1993 batches
[22:28:44]   +5 [partial_knowledge] ; total=390 ; rate=22/min ; 78/1993 batches
[22:29:11]   +5 [partial_knowledge] ; total=395 ; rate=21/min ; 79/1993 batches
[22:29:17]   +5 [partial_knowledge] ; total=400 ; rate=21/min ; 80/1993 batches
[22:29:33]   +5 [partial_knowledge] ; total=405 ; rate=21/min ; 81/1993 batches
[22:29:50]   +5 [partial_knowledge] ; total=410 ; rate=21/min ; 82/1993 batches
[22:30:17]   +5 [partial_knowledge] ; total=415 ; rate=21/min ; 83/1993 batches
[22:30:17]   +5 [partial_knowledge] ; total=420 ; rate=21/min ; 84/1993 batches
[22:30:29]   +5 [partial_knowledge] ; total=425 ; rate=21/min ; 85/1993 batches
[22:30:44]   +5 [partial_knowledge] ; total=430 ; rate=21/min ; 86/1993 batches
[22:31:13]   +5 [partial_knowledge] ; total=435 ; rate=21/min ; 87/1993 batches
[22:31:19]   +5 [partial_knowledge] ; total=440 ; rate=21/min ; 88/1993 batches
[22:31:21]   +5 [partial_knowledge] ; total=445 ; rate=21/min ; 89/1993 batches
[22:31:38]   +5 [partial_knowledge] ; total=450 ; rate=21/min ; 90/1993 batches
[22:32:11]   +5 [partial_knowledge] ; total=455 ; rate=21/min ; 91/1993 batches
[22:32:12]   +5 [partial_knowledge] ; total=460 ; rate=21/min ; 92/1993 batches
[22:32:21]   +5 [partial_knowledge] ; total=465 ; rate=21/min ; 93/1993 batches
[22:32:31]   +5 [partial_knowledge] ; total=470 ; rate=21/min ; 94/1993 batches
[22:33:05]   +5 [partial_knowledge] ; total=475 ; rate=21/min ; 95/1993 batches
[22:33:10]   +5 [partial_knowledge] ; total=480 ; rate=21/min ; 96/1993 batches
[22:33:28]   +5 [partial_knowledge] ; total=485 ; rate=21/min ; 97/1993 batches
[22:33:29]   +5 [partial_knowledge] ; total=490 ; rate=21/min ; 98/1993 batches
[22:33:59]   +5 [partial_knowledge] ; total=495 ; rate=21/min ; 99/1993 batches
[22:34:12]   +5 [partial_knowledge] ; total=500 ; rate=21/min ; 100/1993 batches
[22:34:21]   +5 [partial_knowledge] ; total=505 ; rate=21/min ; 101/1993 batches
[22:34:25]   +5 [partial_knowledge] ; total=510 ; rate=21/min ; 102/1993 batches
[22:34:57]   +5 [partial_knowledge] ; total=515 ; rate=21/min ; 103/1993 batches
[22:35:07]   +5 [partial_knowledge] ; total=520 ; rate=21/min ; 104/1993 batches
[22:35:17]   +5 [partial_knowledge] ; total=525 ; rate=21/min ; 105/1993 batches
[22:35:19]   +5 [partial_knowledge] ; total=530 ; rate=21/min ; 106/1993 batches
[22:35:57]   +5 [partial_knowledge] ; total=535 ; rate=21/min ; 107/1993 batches
[22:36:00]   +5 [partial_knowledge] ; total=540 ; rate=21/min ; 108/1993 batches
[22:36:08]   +5 [partial_knowledge] ; total=545 ; rate=21/min ; 109/1993 batches
[22:36:13]   +5 [partial_knowledge] ; total=550 ; rate=21/min ; 110/1993 batches
[22:36:53]   +5 [partial_knowledge] ; total=555 ; rate=21/min ; 111/1993 batches
[22:36:55]   +5 [partial_knowledge] ; total=560 ; rate=21/min ; 112/1993 batches
[22:37:00]   +5 [partial_knowledge] ; total=565 ; rate=21/min ; 113/1993 batches
[22:37:11]   +5 [partial_knowledge] ; total=570 ; rate=21/min ; 114/1993 batches
[22:37:44]   +5 [partial_knowledge] ; total=575 ; rate=21/min ; 115/1993 batches
[22:37:54]   +5 [partial_knowledge] ; total=580 ; rate=21/min ; 116/1993 batches
[22:37:57]   +5 [partial_knowledge] ; total=585 ; rate=21/min ; 117/1993 batches
[22:38:12]   +5 [partial_knowledge] ; total=590 ; rate=21/min ; 118/1993 batches
[22:38:37]   +5 [partial_knowledge] ; total=595 ; rate=21/min ; 119/1993 batches
[22:38:56]   +5 [partial_knowledge] ; total=600 ; rate=21/min ; 120/1993 batches
[22:38:58]   +5 [partial_knowledge] ; total=605 ; rate=21/min ; 121/1993 batches
[22:39:04]   +5 [partial_knowledge] ; total=610 ; rate=21/min ; 122/1993 batches
[22:39:34]   +5 [partial_knowledge] ; total=615 ; rate=21/min ; 123/1993 batches
[22:39:46]   +5 [partial_knowledge] ; total=620 ; rate=21/min ; 124/1993 batches
[22:39:54]   +5 [partial_knowledge] ; total=625 ; rate=21/min ; 125/1993 batches
[22:39:57]   +5 [partial_knowledge] ; total=630 ; rate=21/min ; 126/1993 batches
[22:40:29]   +5 [partial_knowledge] ; total=635 ; rate=21/min ; 127/1993 batches
[22:40:39]   +5 [partial_knowledge] ; total=640 ; rate=21/min ; 128/1993 batches
[22:40:53]   +5 [partial_knowledge] ; total=645 ; rate=21/min ; 129/1993 batches
[22:40:54]   +5 [partial_knowledge] ; total=650 ; rate=21/min ; 130/1993 batches
[22:41:20]   +5 [partial_knowledge] ; total=655 ; rate=21/min ; 131/1993 batches
[22:41:37]   +5 [partial_knowledge] ; total=660 ; rate=21/min ; 132/1993 batches
[22:41:53]   +5 [partial_knowledge] ; total=665 ; rate=21/min ; 133/1993 batches
[22:42:00]   +5 [partial_knowledge] ; total=670 ; rate=21/min ; 134/1993 batches
[22:42:14]   +5 [partial_knowledge] ; total=675 ; rate=21/min ; 135/1993 batches
[22:42:35]   +5 [partial_knowledge] ; total=680 ; rate=21/min ; 136/1993 batches
[22:42:48]   +5 [partial_knowledge] ; total=685 ; rate=21/min ; 137/1993 batches
[22:42:54]   +5 [partial_knowledge] ; total=690 ; rate=21/min ; 138/1993 batches
[22:43:14]   +5 [partial_knowledge] ; total=695 ; rate=21/min ; 139/1993 batches
[22:43:33]   +5 [partial_knowledge] ; total=700 ; rate=21/min ; 140/1993 batches
[22:43:36]   +5 [partial_knowledge] ; total=705 ; rate=21/min ; 141/1993 batches
[22:43:46]   +5 [partial_knowledge] ; total=710 ; rate=21/min ; 142/1993 batches
[22:44:12]   +5 [partial_knowledge] ; total=715 ; rate=21/min ; 143/1993 batches
[22:44:27]   +5 [partial_knowledge] ; total=720 ; rate=21/min ; 144/1993 batches
[22:44:30]   +5 [partial_knowledge] ; total=725 ; rate=21/min ; 145/1993 batches
[22:44:39]   +5 [partial_knowledge] ; total=730 ; rate=21/min ; 146/1993 batches
[22:45:10]   +5 [partial_knowledge] ; total=735 ; rate=21/min ; 147/1993 batches
[22:45:17]   +5 [partial_knowledge] ; total=740 ; rate=21/min ; 148/1993 batches
[22:45:25]   +5 [partial_knowledge] ; total=745 ; rate=21/min ; 149/1993 batches
[22:45:31]   +5 [partial_knowledge] ; total=750 ; rate=22/min ; 150/1993 batches
[22:46:03]   +5 [partial_knowledge] ; total=755 ; rate=21/min ; 151/1993 batches
[22:46:03]   +5 [partial_knowledge] ; total=760 ; rate=21/min ; 152/1993 batches
[22:46:17]   +5 [partial_knowledge] ; total=765 ; rate=21/min ; 153/1993 batches
[22:46:26]   +5 [partial_knowledge] ; total=770 ; rate=22/min ; 154/1993 batches
[22:46:53]   +5 [partial_knowledge] ; total=775 ; rate=21/min ; 155/1993 batches
[22:46:59]   +5 [partial_knowledge] ; total=780 ; rate=21/min ; 156/1993 batches
[22:47:14]   +5 [partial_knowledge] ; total=785 ; rate=21/min ; 157/1993 batches
[22:47:22]   +5 [partial_knowledge] ; total=790 ; rate=22/min ; 158/1993 batches
[22:47:46]   +5 [partial_knowledge] ; total=795 ; rate=21/min ; 159/1993 batches
[22:47:49]   +5 [partial_knowledge] ; total=800 ; rate=22/min ; 160/1993 batches
[22:48:02]   +5 [partial_knowledge] ; total=805 ; rate=22/min ; 161/1993 batches
[22:48:15]   +5 [partial_knowledge] ; total=810 ; rate=22/min ; 162/1993 batches
[22:48:38]   +5 [partial_knowledge] ; total=815 ; rate=21/min ; 163/1993 batches
[22:48:43]   +5 [partial_knowledge] ; total=820 ; rate=22/min ; 164/1993 batches
[22:49:03]   +5 [partial_knowledge] ; total=825 ; rate=21/min ; 165/1993 batches
[22:49:13]   +5 [partial_knowledge] ; total=830 ; rate=22/min ; 166/1993 batches
[22:49:31]   +5 [partial_knowledge] ; total=835 ; rate=21/min ; 167/1993 batches
[22:49:36]   +5 [partial_knowledge] ; total=840 ; rate=22/min ; 168/1993 batches
[22:49:51]   +5 [partial_knowledge] ; total=845 ; rate=22/min ; 169/1993 batches
[22:50:13]   +5 [partial_knowledge] ; total=850 ; rate=21/min ; 170/1993 batches
[22:50:26]   +5 [partial_knowledge] ; total=855 ; rate=21/min ; 171/1993 batches
[22:50:30]   +5 [partial_knowledge] ; total=860 ; rate=22/min ; 172/1993 batches
[22:50:52]   +5 [partial_knowledge] ; total=865 ; rate=22/min ; 173/1993 batches
[22:51:09]   +5 [partial_knowledge] ; total=870 ; rate=21/min ; 174/1993 batches
[22:51:20]   +5 [partial_knowledge] ; total=875 ; rate=22/min ; 175/1993 batches
[22:51:23]   +5 [partial_knowledge] ; total=880 ; rate=22/min ; 176/1993 batches
[22:51:46]   +5 [partial_knowledge] ; total=885 ; rate=22/min ; 177/1993 batches
[22:52:18] === bulk seed generation starting (target=30000, workers=4, batch=5) ===
[22:52:19] existing accepted seeds: 920 | {'partial_knowledge': 920}
[22:52:19] prepared 5816 batches across categories
[22:53:11]   +5 [partial_knowledge] ; total=5 ; rate=6/min ; 1/5816 batches
[22:53:14]   +5 [partial_knowledge] ; total=10 ; rate=11/min ; 2/5816 batches
[22:53:14]   +5 [partial_knowledge] ; total=15 ; rate=16/min ; 3/5816 batches
[22:53:15]   +5 [partial_knowledge] ; total=20 ; rate=21/min ; 4/5816 batches
[22:54:04]   +5 [partial_knowledge] ; total=25 ; rate=14/min ; 5/5816 batches
[22:54:07]   +5 [partial_knowledge] ; total=30 ; rate=17/min ; 6/5816 batches
[22:54:08]   +5 [partial_knowledge] ; total=35 ; rate=19/min ; 7/5816 batches
[22:54:15]   +5 [partial_knowledge] ; total=40 ; rate=21/min ; 8/5816 batches
[22:54:54]   +5 [partial_knowledge] ; total=45 ; rate=17/min ; 9/5816 batches
[22:54:58]   +5 [partial_knowledge] ; total=50 ; rate=19/min ; 10/5816 batches
[22:55:02]   +5 [partial_knowledge] ; total=55 ; rate=20/min ; 11/5816 batches
[22:55:07]   +5 [partial_knowledge] ; total=60 ; rate=21/min ; 12/5816 batches
[22:55:44]   +5 [partial_knowledge] ; total=65 ; rate=19/min ; 13/5816 batches
[22:55:51]   +5 [partial_knowledge] ; total=70 ; rate=20/min ; 14/5816 batches
[22:55:59]   +5 [partial_knowledge] ; total=75 ; rate=20/min ; 15/5816 batches
[22:56:04]   +5 [partial_knowledge] ; total=80 ; rate=21/min ; 16/5816 batches
[22:56:36]   +5 [partial_knowledge] ; total=85 ; rate=20/min ; 17/5816 batches
[22:56:40]   +5 [partial_knowledge] ; total=90 ; rate=21/min ; 18/5816 batches
[22:56:50]   +5 [partial_knowledge] ; total=95 ; rate=21/min ; 19/5816 batches
[22:56:54]   +5 [partial_knowledge] ; total=100 ; rate=22/min ; 20/5816 batches
[22:57:32]   +5 [partial_knowledge] ; total=105 ; rate=20/min ; 21/5816 batches
[22:57:40]   +5 [partial_knowledge] ; total=110 ; rate=21/min ; 22/5816 batches
[22:57:43]   +5 [partial_knowledge] ; total=115 ; rate=21/min ; 23/5816 batches
[22:57:53]   +5 [partial_knowledge] ; total=120 ; rate=22/min ; 24/5816 batches
[22:58:30]   +5 [partial_knowledge] ; total=125 ; rate=20/min ; 25/5816 batches
[22:58:32]   +5 [partial_knowledge] ; total=130 ; rate=21/min ; 26/5816 batches
[22:58:40]   +5 [partial_knowledge] ; total=135 ; rate=21/min ; 27/5816 batches
[22:58:54]   +5 [partial_knowledge] ; total=140 ; rate=21/min ; 28/5816 batches
[22:59:23]   +5 [partial_knowledge] ; total=145 ; rate=21/min ; 29/5816 batches
[22:59:30]   +5 [partial_knowledge] ; total=150 ; rate=21/min ; 30/5816 batches
[22:59:32]   +5 [partial_knowledge] ; total=155 ; rate=21/min ; 31/5816 batches
[22:59:46]   +5 [partial_knowledge] ; total=160 ; rate=21/min ; 32/5816 batches
[23:00:17]   +5 [partial_knowledge] ; total=165 ; rate=21/min ; 33/5816 batches
[23:00:24]   +5 [partial_knowledge] ; total=170 ; rate=21/min ; 34/5816 batches
[23:00:36]   +5 [partial_knowledge] ; total=175 ; rate=21/min ; 35/5816 batches
[23:01:12]   +5 [partial_knowledge] ; total=180 ; rate=20/min ; 36/5816 batches
[23:01:13]   +5 [partial_knowledge] ; total=185 ; rate=21/min ; 37/5816 batches
[23:01:20]   +5 [partial_knowledge] ; total=190 ; rate=21/min ; 38/5816 batches
[23:01:32]   +5 [partial_knowledge] ; total=195 ; rate=21/min ; 39/5816 batches
[23:02:04]   +5 [partial_knowledge] ; total=200 ; rate=21/min ; 40/5816 batches
[23:02:06]   +5 [partial_knowledge] ; total=205 ; rate=21/min ; 41/5816 batches
[23:02:18]   +5 [partial_knowledge] ; total=210 ; rate=21/min ; 42/5816 batches
[23:02:23]   +5 [partial_knowledge] ; total=215 ; rate=21/min ; 43/5816 batches
[23:02:59]   +5 [partial_knowledge] ; total=220 ; rate=21/min ; 44/5816 batches
[23:03:04]   +5 [partial_knowledge] ; total=225 ; rate=21/min ; 45/5816 batches
[23:03:13]   +5 [partial_knowledge] ; total=230 ; rate=21/min ; 46/5816 batches
[23:03:16]   +5 [partial_knowledge] ; total=235 ; rate=21/min ; 47/5816 batches
[23:03:53]   +5 [partial_knowledge] ; total=240 ; rate=21/min ; 48/5816 batches
[23:03:55]   +5 [partial_knowledge] ; total=245 ; rate=21/min ; 49/5816 batches
[23:04:05]   +5 [partial_knowledge] ; total=250 ; rate=21/min ; 50/5816 batches
[23:04:12]   +5 [partial_knowledge] ; total=255 ; rate=21/min ; 51/5816 batches
[23:04:48]   +5 [partial_knowledge] ; total=260 ; rate=21/min ; 52/5816 batches
[23:04:51]   +5 [partial_knowledge] ; total=265 ; rate=21/min ; 53/5816 batches
[23:05:08]   +5 [partial_knowledge] ; total=270 ; rate=21/min ; 54/5816 batches
[23:05:08]   +5 [partial_knowledge] ; total=275 ; rate=21/min ; 55/5816 batches
[23:05:41]   +5 [partial_knowledge] ; total=280 ; rate=21/min ; 56/5816 batches
[23:05:43]   +5 [partial_knowledge] ; total=285 ; rate=21/min ; 57/5816 batches
[23:06:04]   +5 [partial_knowledge] ; total=290 ; rate=21/min ; 58/5816 batches
[23:06:07]   +5 [partial_knowledge] ; total=295 ; rate=21/min ; 59/5816 batches
[23:06:43]   +5 [partial_knowledge] ; total=300 ; rate=21/min ; 60/5816 batches
[23:06:48]   +5 [partial_knowledge] ; total=305 ; rate=21/min ; 61/5816 batches
[23:06:57]   +5 [partial_knowledge] ; total=310 ; rate=21/min ; 62/5816 batches
[23:07:02]   +5 [partial_knowledge] ; total=315 ; rate=21/min ; 63/5816 batches
[23:07:39]   +5 [partial_knowledge] ; total=320 ; rate=21/min ; 64/5816 batches
[23:07:40]   +5 [partial_knowledge] ; total=325 ; rate=21/min ; 65/5816 batches
[23:07:53]   +5 [partial_knowledge] ; total=330 ; rate=21/min ; 66/5816 batches
[23:07:58]   +5 [partial_knowledge] ; total=335 ; rate=21/min ; 67/5816 batches
[23:08:33]   +5 [partial_knowledge] ; total=340 ; rate=21/min ; 68/5816 batches
[23:08:40]   +5 [partial_knowledge] ; total=345 ; rate=21/min ; 69/5816 batches
[23:08:44]   +5 [partial_knowledge] ; total=350 ; rate=21/min ; 70/5816 batches
[23:08:50]   +5 [partial_knowledge] ; total=355 ; rate=21/min ; 71/5816 batches
[23:09:35]   +5 [partial_knowledge] ; total=360 ; rate=21/min ; 72/5816 batches
[23:09:36]   +5 [partial_knowledge] ; total=365 ; rate=21/min ; 73/5816 batches
[23:09:40]   +5 [partial_knowledge] ; total=370 ; rate=21/min ; 74/5816 batches
[23:09:40]   +5 [partial_knowledge] ; total=375 ; rate=22/min ; 75/5816 batches
[23:10:29]   +5 [partial_knowledge] ; total=380 ; rate=21/min ; 76/5816 batches
[23:10:31]   +5 [partial_knowledge] ; total=385 ; rate=21/min ; 77/5816 batches
[23:10:32]   +5 [partial_knowledge] ; total=390 ; rate=21/min ; 78/5816 batches
[23:10:37]   +5 [partial_knowledge] ; total=395 ; rate=22/min ; 79/5816 batches
[23:11:21]   +5 [partial_knowledge] ; total=400 ; rate=21/min ; 80/5816 batches
[23:11:24]   +5 [partial_knowledge] ; total=405 ; rate=21/min ; 81/5816 batches
[23:11:25]   +5 [partial_knowledge] ; total=410 ; rate=21/min ; 82/5816 batches
[23:11:34]   +5 [partial_knowledge] ; total=415 ; rate=22/min ; 83/5816 batches
[23:12:19]   +5 [partial_knowledge] ; total=420 ; rate=21/min ; 84/5816 batches
[23:12:23]   +5 [partial_knowledge] ; total=425 ; rate=21/min ; 85/5816 batches
[23:12:26]   +5 [partial_knowledge] ; total=430 ; rate=21/min ; 86/5816 batches
[23:12:33]   +5 [partial_knowledge] ; total=435 ; rate=21/min ; 87/5816 batches
[23:13:15]   +5 [partial_knowledge] ; total=440 ; rate=21/min ; 88/5816 batches
[23:13:21]   +5 [partial_knowledge] ; total=445 ; rate=21/min ; 89/5816 batches
[23:13:24]   +5 [partial_knowledge] ; total=450 ; rate=21/min ; 90/5816 batches
[23:13:33]   +5 [partial_knowledge] ; total=455 ; rate=21/min ; 91/5816 batches
[23:14:09]   +5 [partial_knowledge] ; total=460 ; rate=21/min ; 92/5816 batches
[23:14:16]   +5 [partial_knowledge] ; total=465 ; rate=21/min ; 93/5816 batches
[23:14:20]   +5 [partial_knowledge] ; total=470 ; rate=21/min ; 94/5816 batches
[23:14:23]   +5 [partial_knowledge] ; total=475 ; rate=22/min ; 95/5816 batches
[23:15:02]   +5 [partial_knowledge] ; total=480 ; rate=21/min ; 96/5816 batches
[23:15:13]   +5 [partial_knowledge] ; total=485 ; rate=21/min ; 97/5816 batches
[23:15:13]   +5 [partial_knowledge] ; total=490 ; rate=21/min ; 98/5816 batches
[23:15:14]   +5 [partial_knowledge] ; total=495 ; rate=22/min ; 99/5816 batches
[23:16:00]   +5 [partial_knowledge] ; total=500 ; rate=21/min ; 100/5816 batches
[23:16:05]   +5 [partial_knowledge] ; total=505 ; rate=21/min ; 101/5816 batches
[23:16:08]   +5 [partial_knowledge] ; total=510 ; rate=21/min ; 102/5816 batches
[23:16:10]   +5 [partial_knowledge] ; total=515 ; rate=22/min ; 103/5816 batches
[23:16:55]   +5 [partial_knowledge] ; total=520 ; rate=21/min ; 104/5816 batches
[23:17:04]   +5 [partial_knowledge] ; total=525 ; rate=21/min ; 105/5816 batches
[23:17:05]   +5 [partial_knowledge] ; total=530 ; rate=21/min ; 106/5816 batches
[23:17:08]   +5 [partial_knowledge] ; total=535 ; rate=22/min ; 107/5816 batches
[23:17:54]   +5 [partial_knowledge] ; total=540 ; rate=21/min ; 108/5816 batches
[23:17:57]   +5 [partial_knowledge] ; total=545 ; rate=21/min ; 109/5816 batches
[23:17:58]   +5 [partial_knowledge] ; total=550 ; rate=21/min ; 110/5816 batches
[23:18:06]   +5 [partial_knowledge] ; total=555 ; rate=22/min ; 111/5816 batches
[23:18:45]   +5 [partial_knowledge] ; total=560 ; rate=21/min ; 112/5816 batches
[23:18:52]   +5 [partial_knowledge] ; total=565 ; rate=21/min ; 113/5816 batches
[23:18:56]   +5 [partial_knowledge] ; total=570 ; rate=21/min ; 114/5816 batches
[23:19:00]   +5 [partial_knowledge] ; total=575 ; rate=22/min ; 115/5816 batches
[23:19:40]   +5 [partial_knowledge] ; total=580 ; rate=21/min ; 116/5816 batches
[23:19:44]   +5 [partial_knowledge] ; total=585 ; rate=21/min ; 117/5816 batches
[23:19:45]   +5 [partial_knowledge] ; total=590 ; rate=22/min ; 118/5816 batches
[23:19:53]   +5 [partial_knowledge] ; total=595 ; rate=22/min ; 119/5816 batches
[23:20:37]   +5 [partial_knowledge] ; total=600 ; rate=21/min ; 120/5816 batches
[23:20:41]   +5 [partial_knowledge] ; total=605 ; rate=21/min ; 121/5816 batches
[23:20:45]   +5 [partial_knowledge] ; total=610 ; rate=21/min ; 122/5816 batches
[23:20:58]   +5 [partial_knowledge] ; total=615 ; rate=21/min ; 123/5816 batches
[23:21:40]   +5 [partial_knowledge] ; total=620 ; rate=21/min ; 124/5816 batches
[23:21:41]   +5 [partial_knowledge] ; total=625 ; rate=21/min ; 125/5816 batches
[23:21:41]   +5 [partial_knowledge] ; total=630 ; rate=21/min ; 126/5816 batches
[23:21:50]   +5 [partial_knowledge] ; total=635 ; rate=22/min ; 127/5816 batches
[23:22:33]   +5 [partial_knowledge] ; total=640 ; rate=21/min ; 128/5816 batches
[23:22:36]   +5 [partial_knowledge] ; total=645 ; rate=21/min ; 129/5816 batches
[23:22:38]   +5 [partial_knowledge] ; total=650 ; rate=21/min ; 130/5816 batches
[23:22:46]   +5 [partial_knowledge] ; total=655 ; rate=22/min ; 131/5816 batches
[23:23:28]   +5 [partial_knowledge] ; total=660 ; rate=21/min ; 132/5816 batches
[23:23:28]   +5 [partial_knowledge] ; total=665 ; rate=21/min ; 133/5816 batches
[23:23:37]   +5 [partial_knowledge] ; total=670 ; rate=21/min ; 134/5816 batches
[23:23:41]   +5 [partial_knowledge] ; total=675 ; rate=22/min ; 135/5816 batches
[23:24:26]   +5 [partial_knowledge] ; total=680 ; rate=21/min ; 136/5816 batches
[23:24:28]   +5 [partial_knowledge] ; total=685 ; rate=21/min ; 137/5816 batches
[23:24:33]   +5 [partial_knowledge] ; total=690 ; rate=21/min ; 138/5816 batches
[23:24:43]   +5 [partial_knowledge] ; total=695 ; rate=21/min ; 139/5816 batches
[23:25:18]   +5 [partial_knowledge] ; total=700 ; rate=21/min ; 140/5816 batches
[23:25:24]   +5 [partial_knowledge] ; total=705 ; rate=21/min ; 141/5816 batches
[23:25:24]   +5 [partial_knowledge] ; total=710 ; rate=21/min ; 142/5816 batches
[23:25:43]   +5 [partial_knowledge] ; total=715 ; rate=21/min ; 143/5816 batches
[23:26:13]   +5 [partial_knowledge] ; total=720 ; rate=21/min ; 144/5816 batches
[23:26:15]   +5 [partial_knowledge] ; total=725 ; rate=21/min ; 145/5816 batches
[23:26:15]   +5 [partial_knowledge] ; total=730 ; rate=22/min ; 146/5816 batches
[23:26:37]   +5 [partial_knowledge] ; total=735 ; rate=21/min ; 147/5816 batches
[23:27:03]   +5 [partial_knowledge] ; total=740 ; rate=21/min ; 148/5816 batches
[23:27:12]   +5 [partial_knowledge] ; total=745 ; rate=21/min ; 149/5816 batches
[23:27:18]   +5 [partial_knowledge] ; total=750 ; rate=21/min ; 150/5816 batches
[23:27:31]   +5 [partial_knowledge] ; total=755 ; rate=21/min ; 151/5816 batches
[23:28:08]   +5 [partial_knowledge] ; total=760 ; rate=21/min ; 152/5816 batches
[23:28:13]   +5 [partial_knowledge] ; total=765 ; rate=21/min ; 153/5816 batches
[23:28:23]   +5 [partial_knowledge] ; total=770 ; rate=21/min ; 154/5816 batches
[23:28:38]   +5 [partial_knowledge] ; total=775 ; rate=21/min ; 155/5816 batches
[23:29:09]   +5 [partial_knowledge] ; total=780 ; rate=21/min ; 156/5816 batches
[23:29:09]   +5 [partial_knowledge] ; total=785 ; rate=21/min ; 157/5816 batches
[23:29:28]   +5 [partial_knowledge] ; total=790 ; rate=21/min ; 158/5816 batches
[23:29:33]   +5 [partial_knowledge] ; total=795 ; rate=21/min ; 159/5816 batches
[23:30:01]   +5 [partial_knowledge] ; total=800 ; rate=21/min ; 160/5816 batches
[23:30:02]   +5 [partial_knowledge] ; total=805 ; rate=21/min ; 161/5816 batches
[23:30:19]   +5 [partial_knowledge] ; total=810 ; rate=21/min ; 162/5816 batches
[23:30:31]   +5 [partial_knowledge] ; total=815 ; rate=21/min ; 163/5816 batches
[23:30:57]   +5 [partial_knowledge] ; total=820 ; rate=21/min ; 164/5816 batches
[23:30:59]   +5 [partial_knowledge] ; total=825 ; rate=21/min ; 165/5816 batches
[23:31:11]   +5 [partial_knowledge] ; total=830 ; rate=21/min ; 166/5816 batches
[23:31:28]   +5 [partial_knowledge] ; total=835 ; rate=21/min ; 167/5816 batches
[23:31:52]   +5 [partial_knowledge] ; total=840 ; rate=21/min ; 168/5816 batches
[23:31:54]   +5 [partial_knowledge] ; total=845 ; rate=21/min ; 169/5816 batches
[23:32:04]   +5 [partial_knowledge] ; total=850 ; rate=21/min ; 170/5816 batches
[23:32:18]   +5 [partial_knowledge] ; total=855 ; rate=21/min ; 171/5816 batches
[23:32:43]   +5 [partial_knowledge] ; total=860 ; rate=21/min ; 172/5816 batches
[23:32:52]   +5 [partial_knowledge] ; total=865 ; rate=21/min ; 173/5816 batches
[23:32:54]   +5 [partial_knowledge] ; total=870 ; rate=21/min ; 174/5816 batches
[23:33:29]   +5 [partial_knowledge] ; total=875 ; rate=21/min ; 175/5816 batches
[23:33:40]   +5 [partial_knowledge] ; total=880 ; rate=21/min ; 176/5816 batches
[23:33:50]   +5 [partial_knowledge] ; total=885 ; rate=21/min ; 177/5816 batches
[23:33:52]   +5 [partial_knowledge] ; total=890 ; rate=21/min ; 178/5816 batches
[23:34:24]   +5 [partial_knowledge] ; total=895 ; rate=21/min ; 179/5816 batches
[23:34:38]   +5 [partial_knowledge] ; total=900 ; rate=21/min ; 180/5816 batches
[23:34:43]   +5 [partial_knowledge] ; total=905 ; rate=21/min ; 181/5816 batches
[23:34:50]   +5 [partial_knowledge] ; total=910 ; rate=21/min ; 182/5816 batches
[23:35:23]   +5 [partial_knowledge] ; total=915 ; rate=21/min ; 183/5816 batches
[23:35:36]   +5 [partial_knowledge] ; total=920 ; rate=21/min ; 184/5816 batches
[23:35:39]   +5 [partial_knowledge] ; total=925 ; rate=21/min ; 185/5816 batches
[23:35:43]   +5 [partial_knowledge] ; total=930 ; rate=21/min ; 186/5816 batches
[23:36:08]   +5 [partial_knowledge] ; total=935 ; rate=21/min ; 187/5816 batches
[23:36:29]   +5 [partial_knowledge] ; total=940 ; rate=21/min ; 188/5816 batches
[23:36:33]   +5 [partial_knowledge] ; total=945 ; rate=21/min ; 189/5816 batches
[23:36:36]   +5 [partial_knowledge] ; total=950 ; rate=21/min ; 190/5816 batches
[23:37:01]   +5 [partial_knowledge] ; total=955 ; rate=21/min ; 191/5816 batches
[23:37:27]   +5 [partial_knowledge] ; total=960 ; rate=21/min ; 192/5816 batches
[23:37:33]   +5 [partial_knowledge] ; total=965 ; rate=21/min ; 193/5816 batches
[23:37:42]   +5 [partial_knowledge] ; total=970 ; rate=21/min ; 194/5816 batches
[23:37:52]   +5 [partial_knowledge] ; total=975 ; rate=21/min ; 195/5816 batches
[23:38:15]   +5 [partial_knowledge] ; total=980 ; rate=21/min ; 196/5816 batches
[23:38:32]   +5 [partial_knowledge] ; total=985 ; rate=21/min ; 197/5816 batches
[23:38:38]   +5 [partial_knowledge] ; total=990 ; rate=21/min ; 198/5816 batches
[23:38:42]   +5 [partial_knowledge] ; total=995 ; rate=21/min ; 199/5816 batches
[23:39:11]   +5 [partial_knowledge] ; total=1000 ; rate=21/min ; 200/5816 batches
[23:39:20]   +5 [partial_knowledge] ; total=1005 ; rate=21/min ; 201/5816 batches
[23:39:31]   +5 [partial_knowledge] ; total=1010 ; rate=21/min ; 202/5816 batches
[23:39:35]   +5 [partial_knowledge] ; total=1015 ; rate=21/min ; 203/5816 batches
[23:40:08]   +5 [partial_knowledge] ; total=1020 ; rate=21/min ; 204/5816 batches
[23:40:21]   +5 [partial_knowledge] ; total=1025 ; rate=21/min ; 205/5816 batches
[23:40:25]   +5 [partial_knowledge] ; total=1030 ; rate=21/min ; 206/5816 batches
[23:40:32]   +5 [partial_knowledge] ; total=1035 ; rate=21/min ; 207/5816 batches
[23:41:04]   +5 [partial_knowledge] ; total=1040 ; rate=21/min ; 208/5816 batches
[23:41:18]   +5 [partial_knowledge] ; total=1045 ; rate=21/min ; 209/5816 batches
[23:41:27]   +5 [partial_knowledge] ; total=1050 ; rate=21/min ; 210/5816 batches
[23:41:28]   +5 [partial_knowledge] ; total=1055 ; rate=21/min ; 211/5816 batches
[23:41:55]   +5 [partial_knowledge] ; total=1060 ; rate=21/min ; 212/5816 batches
[23:42:11]   +5 [partial_knowledge] ; total=1065 ; rate=21/min ; 213/5816 batches
[23:42:21]   +5 [partial_knowledge] ; total=1070 ; rate=21/min ; 214/5816 batches
[23:42:22]   +5 [partial_knowledge] ; total=1075 ; rate=21/min ; 215/5816 batches
[23:42:42]   +5 [partial_knowledge] ; total=1080 ; rate=21/min ; 216/5816 batches
[23:43:03]   +5 [partial_knowledge] ; total=1085 ; rate=21/min ; 217/5816 batches
[23:43:13]   +5 [partial_knowledge] ; total=1090 ; rate=21/min ; 218/5816 batches
[23:43:26]   +5 [partial_knowledge] ; total=1095 ; rate=21/min ; 219/5816 batches
[23:43:39]   +5 [partial_knowledge] ; total=1100 ; rate=21/min ; 220/5816 batches
[23:43:58]   +5 [partial_knowledge] ; total=1105 ; rate=21/min ; 221/5816 batches
[23:44:10]   +5 [partial_knowledge] ; total=1110 ; rate=21/min ; 222/5816 batches
[23:44:15]   +5 [partial_knowledge] ; total=1115 ; rate=21/min ; 223/5816 batches
[23:44:33]   +5 [partial_knowledge] ; total=1120 ; rate=21/min ; 224/5816 batches
[23:44:53]   +5 [partial_knowledge] ; total=1125 ; rate=21/min ; 225/5816 batches
[23:45:02]   +5 [partial_knowledge] ; total=1130 ; rate=21/min ; 226/5816 batches
[23:45:10]   +5 [partial_knowledge] ; total=1135 ; rate=21/min ; 227/5816 batches
[23:45:27]   +5 [partial_knowledge] ; total=1140 ; rate=21/min ; 228/5816 batches
[23:45:43]   +5 [partial_knowledge] ; total=1145 ; rate=21/min ; 229/5816 batches
[23:45:56]   +5 [partial_knowledge] ; total=1150 ; rate=21/min ; 230/5816 batches
[23:46:13]   +5 [partial_knowledge] ; total=1155 ; rate=21/min ; 231/5816 batches
[23:46:23]   +5 [partial_knowledge] ; total=1160 ; rate=21/min ; 232/5816 batches
[23:46:40]   +5 [partial_knowledge] ; total=1165 ; rate=21/min ; 233/5816 batches
[23:46:47]   +5 [partial_knowledge] ; total=1170 ; rate=21/min ; 234/5816 batches
[23:47:05]   +5 [partial_knowledge] ; total=1175 ; rate=21/min ; 235/5816 batches
[23:47:17]   +5 [partial_knowledge] ; total=1180 ; rate=21/min ; 236/5816 batches
[23:47:34]   +5 [partial_knowledge] ; total=1185 ; rate=21/min ; 237/5816 batches
[23:47:35]   +5 [partial_knowledge] ; total=1190 ; rate=22/min ; 238/5816 batches
[23:47:52]   +5 [partial_knowledge] ; total=1195 ; rate=22/min ; 239/5816 batches
[23:48:10]   +5 [partial_knowledge] ; total=1200 ; rate=21/min ; 240/5816 batches
[23:48:22]   +5 [partial_knowledge] ; total=1205 ; rate=21/min ; 241/5816 batches
[23:48:24]   +5 [partial_knowledge] ; total=1210 ; rate=22/min ; 242/5816 batches
[23:48:41]   +5 [partial_knowledge] ; total=1215 ; rate=22/min ; 243/5816 batches
[23:48:59]   +5 [partial_knowledge] ; total=1220 ; rate=22/min ; 244/5816 batches
[23:49:14]   +5 [partial_knowledge] ; total=1225 ; rate=22/min ; 245/5816 batches
[23:49:18]   +5 [partial_knowledge] ; total=1230 ; rate=22/min ; 246/5816 batches
[23:49:35]   +5 [partial_knowledge] ; total=1235 ; rate=22/min ; 247/5816 batches
[23:49:46]   +5 [partial_knowledge] ; total=1240 ; rate=22/min ; 248/5816 batches
[23:49:58]   +5 [partial_knowledge] ; total=1245 ; rate=22/min ; 249/5816 batches
[23:50:04]   +5 [partial_knowledge] ; total=1250 ; rate=22/min ; 250/5816 batches
[23:50:29]   +5 [partial_knowledge] ; total=1255 ; rate=22/min ; 251/5816 batches
[23:50:39]   +5 [partial_knowledge] ; total=1260 ; rate=22/min ; 252/5816 batches
[23:50:54]   +5 [partial_knowledge] ; total=1265 ; rate=22/min ; 253/5816 batches
[23:50:59]   +5 [partial_knowledge] ; total=1270 ; rate=22/min ; 254/5816 batches
[23:51:17]   +5 [partial_knowledge] ; total=1275 ; rate=22/min ; 255/5816 batches
[23:51:30]   +5 [partial_knowledge] ; total=1280 ; rate=22/min ; 256/5816 batches
[23:51:43]   +5 [partial_knowledge] ; total=1285 ; rate=22/min ; 257/5816 batches
[23:51:54]   +5 [partial_knowledge] ; total=1290 ; rate=22/min ; 258/5816 batches
[23:52:10]   +5 [partial_knowledge] ; total=1295 ; rate=22/min ; 259/5816 batches
[23:52:18]   +5 [partial_knowledge] ; total=1300 ; rate=22/min ; 260/5816 batches
[23:52:36]   +5 [partial_knowledge] ; total=1305 ; rate=22/min ; 261/5816 batches
[23:52:52]   +5 [partial_knowledge] ; total=1310 ; rate=22/min ; 262/5816 batches
[23:52:59]   +5 [partial_knowledge] ; total=1315 ; rate=22/min ; 263/5816 batches
[23:53:10]   +5 [partial_knowledge] ; total=1320 ; rate=22/min ; 264/5816 batches
[23:53:21]   +5 [partial_knowledge] ; total=1325 ; rate=22/min ; 265/5816 batches
[23:53:49]   +5 [partial_knowledge] ; total=1330 ; rate=22/min ; 266/5816 batches
[23:53:49]   +5 [partial_knowledge] ; total=1335 ; rate=22/min ; 267/5816 batches
[23:54:01]   +5 [partial_knowledge] ; total=1340 ; rate=22/min ; 268/5816 batches
[23:54:22]   +5 [partial_knowledge] ; total=1345 ; rate=22/min ; 269/5816 batches
[23:54:40]   +5 [partial_knowledge] ; total=1350 ; rate=22/min ; 270/5816 batches
[23:54:41]   +5 [partial_knowledge] ; total=1355 ; rate=22/min ; 271/5816 batches
[23:54:51]   +5 [partial_knowledge] ; total=1360 ; rate=22/min ; 272/5816 batches
[23:55:09]   +5 [partial_knowledge] ; total=1365 ; rate=22/min ; 273/5816 batches
[23:55:37]   +5 [partial_knowledge] ; total=1370 ; rate=22/min ; 274/5816 batches
[23:55:38]   +5 [partial_knowledge] ; total=1375 ; rate=22/min ; 275/5816 batches
[23:55:42]   +5 [partial_knowledge] ; total=1380 ; rate=22/min ; 276/5816 batches
[23:56:06]   +5 [partial_knowledge] ; total=1385 ; rate=22/min ; 277/5816 batches
[23:56:25]   +5 [partial_knowledge] ; total=1390 ; rate=22/min ; 278/5816 batches
[23:56:29]   +5 [partial_knowledge] ; total=1395 ; rate=22/min ; 279/5816 batches
[23:56:29]   +5 [partial_knowledge] ; total=1400 ; rate=22/min ; 280/5816 batches
[23:57:01]   +5 [partial_knowledge] ; total=1405 ; rate=22/min ; 281/5816 batches
[23:57:13]   +5 [partial_knowledge] ; total=1410 ; rate=22/min ; 282/5816 batches
[23:57:23]   +5 [partial_knowledge] ; total=1415 ; rate=22/min ; 283/5816 batches
[23:57:29]   +5 [partial_knowledge] ; total=1420 ; rate=22/min ; 284/5816 batches
[23:58:01]   +5 [partial_knowledge] ; total=1425 ; rate=22/min ; 285/5816 batches
[23:58:05]   +5 [partial_knowledge] ; total=1430 ; rate=22/min ; 286/5816 batches
[23:58:14]   +5 [partial_knowledge] ; total=1435 ; rate=22/min ; 287/5816 batches
[23:58:22]   +5 [partial_knowledge] ; total=1440 ; rate=22/min ; 288/5816 batches
[23:58:48]   +5 [partial_knowledge] ; total=1445 ; rate=22/min ; 289/5816 batches
[23:58:53]   +5 [partial_knowledge] ; total=1450 ; rate=22/min ; 290/5816 batches
[23:59:05]   +5 [partial_knowledge] ; total=1455 ; rate=22/min ; 291/5816 batches
[23:59:15]   +5 [partial_knowledge] ; total=1460 ; rate=22/min ; 292/5816 batches
[23:59:44]   +5 [partial_knowledge] ; total=1465 ; rate=22/min ; 293/5816 batches
[23:59:50]   +5 [partial_knowledge] ; total=1470 ; rate=22/min ; 294/5816 batches
[00:00:01]   +5 [partial_knowledge] ; total=1475 ; rate=22/min ; 295/5816 batches
[00:00:12]   +5 [partial_knowledge] ; total=1480 ; rate=22/min ; 296/5816 batches
[00:00:42]   +5 [partial_knowledge] ; total=1485 ; rate=22/min ; 297/5816 batches
[00:00:49]   +5 [partial_knowledge] ; total=1490 ; rate=22/min ; 298/5816 batches
[00:00:53]   +5 [partial_knowledge] ; total=1495 ; rate=22/min ; 299/5816 batches
[00:01:06]   +5 [partial_knowledge] ; total=1500 ; rate=22/min ; 300/5816 batches
[00:01:35]   +5 [partial_knowledge] ; total=1505 ; rate=22/min ; 301/5816 batches
[00:01:47]   +5 [partial_knowledge] ; total=1510 ; rate=22/min ; 302/5816 batches
[00:01:48]   +5 [partial_knowledge] ; total=1515 ; rate=22/min ; 303/5816 batches
[00:01:57]   +5 [partial_knowledge] ; total=1520 ; rate=22/min ; 304/5816 batches
[00:02:33]   +5 [partial_knowledge] ; total=1525 ; rate=22/min ; 305/5816 batches
[00:02:38]   +5 [partial_knowledge] ; total=1530 ; rate=22/min ; 306/5816 batches
[00:02:44]   +5 [partial_knowledge] ; total=1535 ; rate=22/min ; 307/5816 batches
[00:02:53]   +5 [partial_knowledge] ; total=1540 ; rate=22/min ; 308/5816 batches
[00:03:19]   +5 [partial_knowledge] ; total=1545 ; rate=22/min ; 309/5816 batches
[00:03:29]   +5 [partial_knowledge] ; total=1550 ; rate=22/min ; 310/5816 batches
[00:03:34]   +5 [partial_knowledge] ; total=1555 ; rate=22/min ; 311/5816 batches
[00:03:45]   +5 [partial_knowledge] ; total=1560 ; rate=22/min ; 312/5816 batches
[00:04:10]   +5 [partial_knowledge] ; total=1565 ; rate=22/min ; 313/5816 batches
[00:04:23]   +5 [partial_knowledge] ; total=1570 ; rate=22/min ; 314/5816 batches
[00:04:24]   +5 [partial_knowledge] ; total=1575 ; rate=22/min ; 315/5816 batches
[00:04:38]   +5 [partial_knowledge] ; total=1580 ; rate=22/min ; 316/5816 batches
[00:04:59]   +5 [partial_knowledge] ; total=1585 ; rate=22/min ; 317/5816 batches
[00:05:18]   +5 [partial_knowledge] ; total=1590 ; rate=22/min ; 318/5816 batches
[00:05:24]   +5 [partial_knowledge] ; total=1595 ; rate=22/min ; 319/5816 batches
[00:05:28]   +5 [partial_knowledge] ; total=1600 ; rate=22/min ; 320/5816 batches
[00:05:53]   +5 [partial_knowledge] ; total=1605 ; rate=22/min ; 321/5816 batches
[00:06:08]   +5 [partial_knowledge] ; total=1610 ; rate=22/min ; 322/5816 batches
[00:06:13]   +5 [partial_knowledge] ; total=1615 ; rate=22/min ; 323/5816 batches
[00:06:23]   +5 [partial_knowledge] ; total=1620 ; rate=22/min ; 324/5816 batches
[00:06:39]   +5 [partial_knowledge] ; total=1625 ; rate=22/min ; 325/5816 batches
[00:06:59]   +5 [partial_knowledge] ; total=1630 ; rate=22/min ; 326/5816 batches
[00:07:07]   +5 [partial_knowledge] ; total=1635 ; rate=22/min ; 327/5816 batches
[00:07:10]   +5 [partial_knowledge] ; total=1640 ; rate=22/min ; 328/5816 batches
[00:07:29]   +5 [partial_knowledge] ; total=1645 ; rate=22/min ; 329/5816 batches
[00:07:50]   +5 [partial_knowledge] ; total=1650 ; rate=22/min ; 330/5816 batches
[00:07:56]   +5 [partial_knowledge] ; total=1655 ; rate=22/min ; 331/5816 batches
[00:08:03]   +5 [partial_knowledge] ; total=1660 ; rate=22/min ; 332/5816 batches
[00:08:27]   +5 [partial_knowledge] ; total=1665 ; rate=22/min ; 333/5816 batches
[00:08:43]   +5 [partial_knowledge] ; total=1670 ; rate=22/min ; 334/5816 batches
[00:08:44]   +5 [partial_knowledge] ; total=1675 ; rate=22/min ; 335/5816 batches
[00:08:56]   +5 [partial_knowledge] ; total=1680 ; rate=22/min ; 336/5816 batches
[00:09:18]   +5 [partial_knowledge] ; total=1685 ; rate=22/min ; 337/5816 batches
[00:09:31]   +5 [partial_knowledge] ; total=1690 ; rate=22/min ; 338/5816 batches
[00:09:43]   +5 [partial_knowledge] ; total=1695 ; rate=22/min ; 339/5816 batches
[00:09:49]   +5 [partial_knowledge] ; total=1700 ; rate=22/min ; 340/5816 batches
[00:10:03]   +5 [partial_knowledge] ; total=1705 ; rate=22/min ; 341/5816 batches
[00:10:22]   +5 [partial_knowledge] ; total=1710 ; rate=22/min ; 342/5816 batches
[00:10:32]   +5 [partial_knowledge] ; total=1715 ; rate=22/min ; 343/5816 batches
[00:10:41]   +5 [partial_knowledge] ; total=1720 ; rate=22/min ; 344/5816 batches
[00:10:52]   +5 [partial_knowledge] ; total=1725 ; rate=22/min ; 345/5816 batches
[00:11:14]   +5 [partial_knowledge] ; total=1730 ; rate=22/min ; 346/5816 batches
[00:11:28]   +5 [partial_knowledge] ; total=1735 ; rate=22/min ; 347/5816 batches
[00:11:32]   +5 [partial_knowledge] ; total=1740 ; rate=22/min ; 348/5816 batches
[00:11:46]   +5 [partial_knowledge] ; total=1745 ; rate=22/min ; 349/5816 batches
[00:12:06]   +5 [partial_knowledge] ; total=1750 ; rate=22/min ; 350/5816 batches
[00:12:21]   +5 [partial_knowledge] ; total=1755 ; rate=22/min ; 351/5816 batches
[00:12:23]   +5 [partial_knowledge] ; total=1760 ; rate=22/min ; 352/5816 batches
[00:12:40]   +5 [partial_knowledge] ; total=1765 ; rate=22/min ; 353/5816 batches
[00:13:02]   +5 [partial_knowledge] ; total=1770 ; rate=22/min ; 354/5816 batches
[00:13:14]   +5 [partial_knowledge] ; total=1775 ; rate=22/min ; 355/5816 batches
[00:13:15]   +5 [partial_knowledge] ; total=1780 ; rate=22/min ; 356/5816 batches
[00:13:35]   +5 [partial_knowledge] ; total=1785 ; rate=22/min ; 357/5816 batches
[00:13:57]   +5 [partial_knowledge] ; total=1790 ; rate=22/min ; 358/5816 batches
[00:14:02]   +5 [partial_knowledge] ; total=1795 ; rate=22/min ; 359/5816 batches
[00:14:04]   +5 [partial_knowledge] ; total=1800 ; rate=22/min ; 360/5816 batches
[00:14:24]   +5 [partial_knowledge] ; total=1805 ; rate=22/min ; 361/5816 batches
[00:14:52]   +5 [partial_knowledge] ; total=1810 ; rate=22/min ; 362/5816 batches
[00:14:56]   +5 [partial_knowledge] ; total=1815 ; rate=22/min ; 363/5816 batches
[00:14:59]   +5 [partial_knowledge] ; total=1820 ; rate=22/min ; 364/5816 batches
[00:15:20]   +5 [partial_knowledge] ; total=1825 ; rate=22/min ; 365/5816 batches
[00:15:45]   +5 [partial_knowledge] ; total=1830 ; rate=22/min ; 366/5816 batches
[00:15:46]   +5 [partial_knowledge] ; total=1835 ; rate=22/min ; 367/5816 batches
[00:15:56]   +5 [partial_knowledge] ; total=1840 ; rate=22/min ; 368/5816 batches
[00:16:09]   +5 [partial_knowledge] ; total=1845 ; rate=22/min ; 369/5816 batches
[00:16:40]   +5 [partial_knowledge] ; total=1850 ; rate=22/min ; 370/5816 batches
[00:16:41]   +5 [partial_knowledge] ; total=1855 ; rate=22/min ; 371/5816 batches
[00:16:51]   +5 [partial_knowledge] ; total=1860 ; rate=22/min ; 372/5816 batches
[00:17:11]   +5 [partial_knowledge] ; total=1865 ; rate=22/min ; 373/5816 batches
[00:17:33]   +5 [partial_knowledge] ; total=1870 ; rate=22/min ; 374/5816 batches
[00:17:37]   +5 [partial_knowledge] ; total=1875 ; rate=22/min ; 375/5816 batches
[00:17:44]   +5 [partial_knowledge] ; total=1880 ; rate=22/min ; 376/5816 batches
[00:18:07]   +5 [partial_knowledge] ; total=1885 ; rate=22/min ; 377/5816 batches
[00:18:32]   +5 [partial_knowledge] ; total=1890 ; rate=22/min ; 378/5816 batches
[00:18:35]   +5 [partial_knowledge] ; total=1895 ; rate=22/min ; 379/5816 batches
[00:18:41]   +5 [partial_knowledge] ; total=1900 ; rate=22/min ; 380/5816 batches
[00:19:06]   +5 [partial_knowledge] ; total=1905 ; rate=22/min ; 381/5816 batches
[00:19:24]   +5 [partial_knowledge] ; total=1910 ; rate=22/min ; 382/5816 batches
[00:19:31]   +5 [partial_knowledge] ; total=1915 ; rate=22/min ; 383/5816 batches
[00:19:36]   +5 [partial_knowledge] ; total=1920 ; rate=22/min ; 384/5816 batches
[00:19:55]   +5 [partial_knowledge] ; total=1925 ; rate=22/min ; 385/5816 batches
[00:20:14]   +5 [partial_knowledge] ; total=1930 ; rate=22/min ; 386/5816 batches
[00:20:21]   +5 [partial_knowledge] ; total=1935 ; rate=22/min ; 387/5816 batches
[00:20:32]   +5 [partial_knowledge] ; total=1940 ; rate=22/min ; 388/5816 batches
[00:21:04]   +5 [partial_knowledge] ; total=1945 ; rate=22/min ; 389/5816 batches
[00:21:10]   +5 [partial_knowledge] ; total=1950 ; rate=22/min ; 390/5816 batches
[00:21:23]   +5 [partial_knowledge] ; total=1955 ; rate=22/min ; 391/5816 batches
[00:21:25]   +5 [partial_knowledge] ; total=1960 ; rate=22/min ; 392/5816 batches
[00:21:55]   +5 [partial_knowledge] ; total=1965 ; rate=22/min ; 393/5816 batches
[00:22:02]   +5 [partial_knowledge] ; total=1970 ; rate=22/min ; 394/5816 batches
[00:22:17]   +5 [partial_knowledge] ; total=1975 ; rate=22/min ; 395/5816 batches
[00:22:17]   +5 [partial_knowledge] ; total=1980 ; rate=22/min ; 396/5816 batches
[00:22:51]   +5 [partial_knowledge] ; total=1985 ; rate=22/min ; 397/5816 batches
[00:23:00]   +5 [partial_knowledge] ; total=1990 ; rate=22/min ; 398/5816 batches
[00:23:10]   +5 [partial_knowledge] ; total=1995 ; rate=22/min ; 399/5816 batches
[00:23:14]   +5 [partial_knowledge] ; total=2000 ; rate=22/min ; 400/5816 batches
[00:23:43]   +5 [partial_knowledge] ; total=2005 ; rate=22/min ; 401/5816 batches
[00:23:54]   +5 [partial_knowledge] ; total=2010 ; rate=22/min ; 402/5816 batches
[00:24:09]   +5 [partial_knowledge] ; total=2015 ; rate=22/min ; 403/5816 batches
[00:24:10]   +5 [partial_knowledge] ; total=2020 ; rate=22/min ; 404/5816 batches
[00:24:32]   +5 [partial_knowledge] ; total=2025 ; rate=22/min ; 405/5816 batches
[00:24:47]   +5 [partial_knowledge] ; total=2030 ; rate=22/min ; 406/5816 batches
[00:25:02]   +5 [partial_knowledge] ; total=2035 ; rate=22/min ; 407/5816 batches
[00:25:07]   +5 [partial_knowledge] ; total=2040 ; rate=22/min ; 408/5816 batches
[00:25:27]   +5 [partial_knowledge] ; total=2045 ; rate=22/min ; 409/5816 batches
[00:25:46]   +5 [partial_knowledge] ; total=2050 ; rate=22/min ; 410/5816 batches
[00:25:59]   +5 [partial_knowledge] ; total=2055 ; rate=22/min ; 411/5816 batches
[00:25:59]   +5 [partial_knowledge] ; total=2060 ; rate=22/min ; 412/5816 batches
[00:26:28]   +5 [partial_knowledge] ; total=2065 ; rate=22/min ; 413/5816 batches
[00:26:40]   +5 [partial_knowledge] ; total=2070 ; rate=22/min ; 414/5816 batches
[00:26:50]   +5 [partial_knowledge] ; total=2075 ; rate=22/min ; 415/5816 batches
[00:26:54]   +5 [partial_knowledge] ; total=2080 ; rate=22/min ; 416/5816 batches
[00:27:22]   +5 [partial_knowledge] ; total=2085 ; rate=22/min ; 417/5816 batches
[00:27:33]   +5 [partial_knowledge] ; total=2090 ; rate=22/min ; 418/5816 batches
[00:27:42]   +5 [partial_knowledge] ; total=2095 ; rate=22/min ; 419/5816 batches
[00:27:51]   +5 [partial_knowledge] ; total=2100 ; rate=22/min ; 420/5816 batches
[00:28:08]   +5 [partial_knowledge] ; total=2105 ; rate=22/min ; 421/5816 batches
[00:28:30]   +5 [partial_knowledge] ; total=2110 ; rate=22/min ; 422/5816 batches
[00:28:31]   +5 [partial_knowledge] ; total=2115 ; rate=22/min ; 423/5816 batches
[00:28:46]   +5 [partial_knowledge] ; total=2120 ; rate=22/min ; 424/5816 batches
[00:28:59]   +5 [partial_knowledge] ; total=2125 ; rate=22/min ; 425/5816 batches
[00:29:19]   +5 [partial_knowledge] ; total=2130 ; rate=22/min ; 426/5816 batches
[00:29:22]   +5 [partial_knowledge] ; total=2135 ; rate=22/min ; 427/5816 batches
[00:29:38]   +5 [partial_knowledge] ; total=2140 ; rate=22/min ; 428/5816 batches
[00:29:47]   +5 [partial_knowledge] ; total=2145 ; rate=22/min ; 429/5816 batches
[00:30:11]   +5 [partial_knowledge] ; total=2150 ; rate=22/min ; 430/5816 batches
[00:30:11]   +5 [partial_knowledge] ; total=2155 ; rate=22/min ; 431/5816 batches
[00:30:33]   +5 [partial_knowledge] ; total=2160 ; rate=22/min ; 432/5816 batches
[00:30:38]   +5 [partial_knowledge] ; total=2165 ; rate=22/min ; 433/5816 batches
[00:31:04]   +5 [partial_knowledge] ; total=2170 ; rate=22/min ; 434/5816 batches
[00:31:13]   +5 [partial_knowledge] ; total=2175 ; rate=22/min ; 435/5816 batches
[00:31:26]   +5 [partial_knowledge] ; total=2180 ; rate=22/min ; 436/5816 batches
[00:31:30]   +5 [partial_knowledge] ; total=2185 ; rate=22/min ; 437/5816 batches
[00:31:56]   +5 [partial_knowledge] ; total=2190 ; rate=22/min ; 438/5816 batches
[00:32:04]   +5 [partial_knowledge] ; total=2195 ; rate=22/min ; 439/5816 batches
[00:32:17]   +5 [partial_knowledge] ; total=2200 ; rate=22/min ; 440/5816 batches
[00:32:34]   +5 [partial_knowledge] ; total=2205 ; rate=22/min ; 441/5816 batches
[00:32:45]   +5 [partial_knowledge] ; total=2210 ; rate=22/min ; 442/5816 batches
[00:33:05]   +5 [partial_knowledge] ; total=2215 ; rate=22/min ; 443/5816 batches
[00:33:13]   +5 [partial_knowledge] ; total=2220 ; rate=22/min ; 444/5816 batches
[00:33:29]   +5 [partial_knowledge] ; total=2225 ; rate=22/min ; 445/5816 batches
[00:33:44]   +5 [partial_knowledge] ; total=2230 ; rate=22/min ; 446/5816 batches
[00:33:56]   +5 [partial_knowledge] ; total=2235 ; rate=22/min ; 447/5816 batches
[00:34:09]   +5 [partial_knowledge] ; total=2240 ; rate=22/min ; 448/5816 batches
[00:34:21]   +5 [partial_knowledge] ; total=2245 ; rate=22/min ; 449/5816 batches
[00:34:40]   +5 [partial_knowledge] ; total=2250 ; rate=22/min ; 450/5816 batches
[00:34:47]   +5 [partial_knowledge] ; total=2255 ; rate=22/min ; 451/5816 batches
[00:35:00]   +5 [partial_knowledge] ; total=2260 ; rate=22/min ; 452/5816 batches
[00:35:15]   +5 [partial_knowledge] ; total=2265 ; rate=22/min ; 453/5816 batches
[00:35:33]   +5 [partial_knowledge] ; total=2270 ; rate=22/min ; 454/5816 batches
[00:35:46]   +5 [partial_knowledge] ; total=2275 ; rate=22/min ; 455/5816 batches
[00:35:53]   +5 [partial_knowledge] ; total=2280 ; rate=22/min ; 456/5816 batches
[00:36:09]   +5 [partial_knowledge] ; total=2285 ; rate=22/min ; 457/5816 batches
[00:36:21]   +5 [partial_knowledge] ; total=2290 ; rate=22/min ; 458/5816 batches
[00:36:36]   +5 [partial_knowledge] ; total=2295 ; rate=22/min ; 459/5816 batches
[00:36:42]   +5 [partial_knowledge] ; total=2300 ; rate=22/min ; 460/5816 batches
[00:37:10]   +5 [partial_knowledge] ; total=2305 ; rate=22/min ; 461/5816 batches
[00:37:14]   +5 [partial_knowledge] ; total=2310 ; rate=22/min ; 462/5816 batches
[00:37:30]   +5 [partial_knowledge] ; total=2315 ; rate=22/min ; 463/5816 batches
[00:37:33]   +5 [partial_knowledge] ; total=2320 ; rate=22/min ; 464/5816 batches
[00:37:59]   +5 [partial_knowledge] ; total=2325 ; rate=22/min ; 465/5816 batches
[00:38:09]   +5 [partial_knowledge] ; total=2330 ; rate=22/min ; 466/5816 batches
[00:38:19]   +5 [partial_knowledge] ; total=2335 ; rate=22/min ; 467/5816 batches
[00:38:21]   +5 [partial_knowledge] ; total=2340 ; rate=22/min ; 468/5816 batches
[00:38:48]   +5 [partial_knowledge] ; total=2345 ; rate=22/min ; 469/5816 batches
[00:38:58]   +5 [partial_knowledge] ; total=2350 ; rate=22/min ; 470/5816 batches
[00:39:09]   +5 [partial_knowledge] ; total=2355 ; rate=22/min ; 471/5816 batches
[00:39:16]   +5 [partial_knowledge] ; total=2360 ; rate=22/min ; 472/5816 batches
[00:39:41]   +5 [partial_knowledge] ; total=2365 ; rate=22/min ; 473/5816 batches
[00:39:43]   +5 [partial_knowledge] ; total=2370 ; rate=22/min ; 474/5816 batches
[00:40:00]   +5 [partial_knowledge] ; total=2375 ; rate=22/min ; 475/5816 batches
[00:40:14]   +5 [partial_knowledge] ; total=2380 ; rate=22/min ; 476/5816 batches
[00:40:28]   +5 [partial_knowledge] ; total=2385 ; rate=22/min ; 477/5816 batches
[00:40:30]   +5 [partial_knowledge] ; total=2390 ; rate=22/min ; 478/5816 batches
[00:40:51]   +5 [partial_knowledge] ; total=2395 ; rate=22/min ; 479/5816 batches
[00:41:10]   +5 [partial_knowledge] ; total=2400 ; rate=22/min ; 480/5816 batches
[00:41:18]   +5 [partial_knowledge] ; total=2405 ; rate=22/min ; 481/5816 batches
[00:41:22]   +5 [partial_knowledge] ; total=2410 ; rate=22/min ; 482/5816 batches
[00:41:43]   +5 [partial_knowledge] ; total=2415 ; rate=22/min ; 483/5816 batches
[00:41:58]   +5 [partial_knowledge] ; total=2420 ; rate=22/min ; 484/5816 batches
[00:42:06]   +5 [partial_knowledge] ; total=2425 ; rate=22/min ; 485/5816 batches
[00:42:12]   +5 [partial_knowledge] ; total=2430 ; rate=22/min ; 486/5816 batches
[00:42:32]   +5 [partial_knowledge] ; total=2435 ; rate=22/min ; 487/5816 batches
[00:42:47]   +5 [partial_knowledge] ; total=2440 ; rate=22/min ; 488/5816 batches
[00:42:57]   +5 [partial_knowledge] ; total=2445 ; rate=22/min ; 489/5816 batches
[00:43:05]   +5 [partial_knowledge] ; total=2450 ; rate=22/min ; 490/5816 batches
[00:43:22]   +5 [partial_knowledge] ; total=2455 ; rate=22/min ; 491/5816 batches
[00:43:39]   +5 [partial_knowledge] ; total=2460 ; rate=22/min ; 492/5816 batches
[00:43:47]   +5 [partial_knowledge] ; total=2465 ; rate=22/min ; 493/5816 batches
[00:43:54]   +5 [partial_knowledge] ; total=2470 ; rate=22/min ; 494/5816 batches
[00:44:16]   +5 [partial_knowledge] ; total=2475 ; rate=22/min ; 495/5816 batches
[00:44:34]   +5 [partial_knowledge] ; total=2480 ; rate=22/min ; 496/5816 batches
[00:44:38]   +5 [partial_knowledge] ; total=2485 ; rate=22/min ; 497/5816 batches
[00:44:48]   +5 [partial_knowledge] ; total=2490 ; rate=22/min ; 498/5816 batches
[00:45:00]   +5 [partial_knowledge] ; total=2495 ; rate=22/min ; 499/5816 batches
[00:45:22]   +5 [partial_knowledge] ; total=2500 ; rate=22/min ; 500/5816 batches
[00:45:29]   +5 [partial_knowledge] ; total=2505 ; rate=22/min ; 501/5816 batches
[00:45:34]   +5 [partial_knowledge] ; total=2510 ; rate=22/min ; 502/5816 batches
[00:45:48]   +5 [partial_knowledge] ; total=2515 ; rate=22/min ; 503/5816 batches
[00:46:08]   +5 [partial_knowledge] ; total=2520 ; rate=22/min ; 504/5816 batches
[00:46:25]   +5 [partial_knowledge] ; total=2525 ; rate=22/min ; 505/5816 batches
[00:46:30]   +5 [partial_knowledge] ; total=2530 ; rate=22/min ; 506/5816 batches
[00:46:39]   +5 [partial_knowledge] ; total=2535 ; rate=22/min ; 507/5816 batches
[00:46:59]   +5 [partial_knowledge] ; total=2540 ; rate=22/min ; 508/5816 batches
[00:47:16]   +5 [partial_knowledge] ; total=2545 ; rate=22/min ; 509/5816 batches
[00:47:16]   +5 [partial_knowledge] ; total=2550 ; rate=22/min ; 510/5816 batches
[00:47:35]   +5 [partial_knowledge] ; total=2555 ; rate=22/min ; 511/5816 batches
[00:47:48]   +5 [partial_knowledge] ; total=2560 ; rate=22/min ; 512/5816 batches
[00:48:03]   +5 [partial_knowledge] ; total=2565 ; rate=22/min ; 513/5816 batches
[00:48:06]   +5 [partial_knowledge] ; total=2570 ; rate=22/min ; 514/5816 batches
[00:48:27]   +5 [partial_knowledge] ; total=2575 ; rate=22/min ; 515/5816 batches
[00:48:44]   +5 [partial_knowledge] ; total=2580 ; rate=22/min ; 516/5816 batches
[00:48:50]   +5 [partial_knowledge] ; total=2585 ; rate=22/min ; 517/5816 batches
[00:49:05]   +5 [partial_knowledge] ; total=2590 ; rate=22/min ; 518/5816 batches
[00:49:13]   +5 [partial_knowledge] ; total=2595 ; rate=22/min ; 519/5816 batches
[00:49:37]   +5 [partial_knowledge] ; total=2600 ; rate=22/min ; 520/5816 batches
[00:49:41]   +5 [partial_knowledge] ; total=2605 ; rate=22/min ; 521/5816 batches
[00:49:47]   +5 [partial_knowledge] ; total=2610 ; rate=22/min ; 522/5816 batches
[00:50:01]   +5 [partial_knowledge] ; total=2615 ; rate=22/min ; 523/5816 batches
[00:50:28]   +5 [partial_knowledge] ; total=2620 ; rate=22/min ; 524/5816 batches
[00:50:33]   +5 [partial_knowledge] ; total=2625 ; rate=22/min ; 525/5816 batches
[00:50:48]   +5 [partial_knowledge] ; total=2630 ; rate=22/min ; 526/5816 batches
[00:50:48]   +5 [partial_knowledge] ; total=2635 ; rate=22/min ; 527/5816 batches
[00:51:15]   +5 [partial_knowledge] ; total=2640 ; rate=22/min ; 528/5816 batches
[00:51:27]   +5 [partial_knowledge] ; total=2645 ; rate=22/min ; 529/5816 batches
[00:51:35]   +5 [partial_knowledge] ; total=2650 ; rate=22/min ; 530/5816 batches
[00:51:36]   +5 [partial_knowledge] ; total=2655 ; rate=22/min ; 531/5816 batches
[00:52:10]   +5 [partial_knowledge] ; total=2660 ; rate=22/min ; 532/5816 batches
[00:52:21]   +5 [partial_knowledge] ; total=2665 ; rate=22/min ; 533/5816 batches
[00:52:24]   +5 [partial_knowledge] ; total=2670 ; rate=22/min ; 534/5816 batches
[00:52:26]   +5 [partial_knowledge] ; total=2675 ; rate=22/min ; 535/5816 batches
[00:52:55]   +5 [partial_knowledge] ; total=2680 ; rate=22/min ; 536/5816 batches
[00:53:13]   +5 [partial_knowledge] ; total=2685 ; rate=22/min ; 537/5816 batches
[00:53:15]   +5 [partial_knowledge] ; total=2690 ; rate=22/min ; 538/5816 batches
[00:53:17]   +5 [partial_knowledge] ; total=2695 ; rate=22/min ; 539/5816 batches
[00:53:44]   +5 [partial_knowledge] ; total=2700 ; rate=22/min ; 540/5816 batches
[00:53:59]   +5 [partial_knowledge] ; total=2705 ; rate=22/min ; 541/5816 batches
[00:54:03]   +5 [partial_knowledge] ; total=2710 ; rate=22/min ; 542/5816 batches
[00:54:04]   +5 [partial_knowledge] ; total=2715 ; rate=22/min ; 543/5816 batches
[00:54:37]   +5 [partial_knowledge] ; total=2720 ; rate=22/min ; 544/5816 batches
[00:54:47]   +5 [partial_knowledge] ; total=2725 ; rate=22/min ; 545/5816 batches
[00:54:49]   +5 [partial_knowledge] ; total=2730 ; rate=22/min ; 546/5816 batches
[00:54:56]   +5 [partial_knowledge] ; total=2735 ; rate=22/min ; 547/5816 batches
[00:55:26]   +5 [partial_knowledge] ; total=2740 ; rate=22/min ; 548/5816 batches
[00:55:39]   +5 [partial_knowledge] ; total=2745 ; rate=22/min ; 549/5816 batches
[00:55:41]   +5 [partial_knowledge] ; total=2750 ; rate=22/min ; 550/5816 batches
[00:55:48]   +5 [partial_knowledge] ; total=2755 ; rate=22/min ; 551/5816 batches
[00:56:21]   +5 [partial_knowledge] ; total=2760 ; rate=22/min ; 552/5816 batches
[00:56:29]   +5 [partial_knowledge] ; total=2765 ; rate=22/min ; 553/5816 batches
[00:56:35]   +5 [partial_knowledge] ; total=2770 ; rate=22/min ; 554/5816 batches
[00:56:37]   +5 [partial_knowledge] ; total=2775 ; rate=22/min ; 555/5816 batches
[00:57:14]   +5 [partial_knowledge] ; total=2780 ; rate=22/min ; 556/5816 batches
[00:57:18]   +5 [partial_knowledge] ; total=2785 ; rate=22/min ; 557/5816 batches
[00:57:20]   +5 [partial_knowledge] ; total=2790 ; rate=22/min ; 558/5816 batches
[00:57:26]   +5 [partial_knowledge] ; total=2795 ; rate=22/min ; 559/5816 batches
[00:58:02]   +5 [partial_knowledge] ; total=2800 ; rate=22/min ; 560/5816 batches
[00:58:15]   +5 [partial_knowledge] ; total=2805 ; rate=22/min ; 561/5816 batches
[00:58:16]   +5 [partial_knowledge] ; total=2810 ; rate=22/min ; 562/5816 batches
[00:58:20]   +5 [partial_knowledge] ; total=2815 ; rate=22/min ; 563/5816 batches
[00:58:48]   +5 [partial_knowledge] ; total=2820 ; rate=22/min ; 564/5816 batches
[00:59:02]   +5 [partial_knowledge] ; total=2825 ; rate=22/min ; 565/5816 batches
[00:59:06]   +5 [partial_knowledge] ; total=2830 ; rate=22/min ; 566/5816 batches
[00:59:08]   +5 [partial_knowledge] ; total=2835 ; rate=22/min ; 567/5816 batches
[00:59:36]   +5 [partial_knowledge] ; total=2840 ; rate=22/min ; 568/5816 batches
[00:59:46]   +5 [partial_knowledge] ; total=2845 ; rate=22/min ; 569/5816 batches
[00:59:53]   +5 [partial_knowledge] ; total=2850 ; rate=22/min ; 570/5816 batches
[00:59:56]   +5 [partial_knowledge] ; total=2855 ; rate=22/min ; 571/5816 batches
[01:00:22]   +5 [partial_knowledge] ; total=2860 ; rate=22/min ; 572/5816 batches
[01:00:40]   +5 [partial_knowledge] ; total=2865 ; rate=22/min ; 573/5816 batches
[01:00:53]   +5 [partial_knowledge] ; total=2870 ; rate=22/min ; 574/5816 batches
[01:01:03]   +5 [partial_knowledge] ; total=2875 ; rate=22/min ; 575/5816 batches
[01:01:14]   +5 [partial_knowledge] ; total=2880 ; rate=22/min ; 576/5816 batches
[01:01:19]   +5 [partial_knowledge] ; total=2885 ; rate=22/min ; 577/5816 batches
[01:01:43]   +5 [partial_knowledge] ; total=2890 ; rate=22/min ; 578/5816 batches
[01:01:53]   +5 [partial_knowledge] ; total=2895 ; rate=22/min ; 579/5816 batches
[01:02:09]   +5 [partial_knowledge] ; total=2900 ; rate=22/min ; 580/5816 batches
[01:02:15]   +5 [partial_knowledge] ; total=2905 ; rate=22/min ; 581/5816 batches
[01:02:36]   +5 [partial_knowledge] ; total=2910 ; rate=22/min ; 582/5816 batches
[01:02:45]   +5 [partial_knowledge] ; total=2915 ; rate=22/min ; 583/5816 batches
[01:03:04]   +5 [partial_knowledge] ; total=2920 ; rate=22/min ; 584/5816 batches
[01:03:09]   +5 [partial_knowledge] ; total=2925 ; rate=22/min ; 585/5816 batches
[01:03:33]   +5 [partial_knowledge] ; total=2930 ; rate=22/min ; 586/5816 batches
[01:03:35]   +5 [partial_knowledge] ; total=2935 ; rate=22/min ; 587/5816 batches
[01:03:53]   +5 [partial_knowledge] ; total=2940 ; rate=22/min ; 588/5816 batches
[01:04:00]   +5 [partial_knowledge] ; total=2945 ; rate=22/min ; 589/5816 batches
[01:04:18]   +5 [partial_knowledge] ; total=2950 ; rate=22/min ; 590/5816 batches
[01:04:28]   +5 [partial_knowledge] ; total=2955 ; rate=22/min ; 591/5816 batches
[01:04:45]   +5 [partial_knowledge] ; total=2960 ; rate=22/min ; 592/5816 batches
[01:04:52]   +5 [partial_knowledge] ; total=2965 ; rate=22/min ; 593/5816 batches
[01:05:09]   +5 [partial_knowledge] ; total=2970 ; rate=22/min ; 594/5816 batches
[01:05:15]   +5 [partial_knowledge] ; total=2975 ; rate=22/min ; 595/5816 batches
[01:05:34]   +5 [partial_knowledge] ; total=2980 ; rate=22/min ; 596/5816 batches
[01:05:39]   +5 [partial_knowledge] ; total=2985 ; rate=22/min ; 597/5816 batches
[01:05:49]   +5 [partial_knowledge] ; total=2990 ; rate=22/min ; 598/5816 batches
[01:06:02]   +5 [partial_knowledge] ; total=2995 ; rate=22/min ; 599/5816 batches
[01:06:27]   +5 [partial_knowledge] ; total=3000 ; rate=22/min ; 600/5816 batches
[01:06:34]   +5 [partial_knowledge] ; total=3005 ; rate=22/min ; 601/5816 batches
[01:06:40]   +5 [partial_knowledge] ; total=3010 ; rate=22/min ; 602/5816 batches
[01:06:45]   +5 [partial_knowledge] ; total=3015 ; rate=22/min ; 603/5816 batches
[01:07:24]   +5 [partial_knowledge] ; total=3020 ; rate=22/min ; 604/5816 batches
[01:07:28]   +5 [partial_knowledge] ; total=3025 ; rate=22/min ; 605/5816 batches
[01:07:32]   +5 [partial_knowledge] ; total=3030 ; rate=22/min ; 606/5816 batches
[01:07:36]   +5 [partial_knowledge] ; total=3035 ; rate=22/min ; 607/5816 batches
[01:08:10]   +5 [partial_knowledge] ; total=3040 ; rate=22/min ; 608/5816 batches
[01:08:21]   +5 [partial_knowledge] ; total=3045 ; rate=22/min ; 609/5816 batches
[01:08:25]   +5 [partial_knowledge] ; total=3050 ; rate=22/min ; 610/5816 batches
[01:08:29]   +5 [partial_knowledge] ; total=3055 ; rate=22/min ; 611/5816 batches
[01:08:58]   +5 [partial_knowledge] ; total=3060 ; rate=22/min ; 612/5816 batches
[01:09:08]   +5 [partial_knowledge] ; total=3065 ; rate=22/min ; 613/5816 batches
[01:09:09]   +5 [partial_knowledge] ; total=3070 ; rate=22/min ; 614/5816 batches
[01:09:23]   +5 [partial_knowledge] ; total=3075 ; rate=22/min ; 615/5816 batches
[01:09:44]   +5 [partial_knowledge] ; total=3080 ; rate=22/min ; 616/5816 batches
[01:09:58]   +5 [partial_knowledge] ; total=3085 ; rate=22/min ; 617/5816 batches
[01:10:03]   +5 [partial_knowledge] ; total=3090 ; rate=22/min ; 618/5816 batches
[01:10:09]   +5 [partial_knowledge] ; total=3095 ; rate=22/min ; 619/5816 batches
[01:10:34]   +5 [partial_knowledge] ; total=3100 ; rate=22/min ; 620/5816 batches
[01:10:50]   +5 [partial_knowledge] ; total=3105 ; rate=22/min ; 621/5816 batches
[01:10:54]   +5 [partial_knowledge] ; total=3110 ; rate=22/min ; 622/5816 batches
[01:10:56]   +5 [partial_knowledge] ; total=3115 ; rate=22/min ; 623/5816 batches
[01:11:23]   +5 [partial_knowledge] ; total=3120 ; rate=22/min ; 624/5816 batches
[01:11:36]   +5 [partial_knowledge] ; total=3125 ; rate=22/min ; 625/5816 batches
[01:11:48]   +5 [partial_knowledge] ; total=3130 ; rate=22/min ; 626/5816 batches
[01:11:55]   +5 [partial_knowledge] ; total=3135 ; rate=22/min ; 627/5816 batches
[01:12:13]   +5 [partial_knowledge] ; total=3140 ; rate=22/min ; 628/5816 batches
[01:12:37]   +5 [partial_knowledge] ; total=3145 ; rate=22/min ; 629/5816 batches
[01:12:43]   +5 [partial_knowledge] ; total=3150 ; rate=22/min ; 630/5816 batches
[01:12:56]   +5 [partial_knowledge] ; total=3155 ; rate=22/min ; 631/5816 batches
[01:12:58]   +5 [partial_knowledge] ; total=3160 ; rate=22/min ; 632/5816 batches
[01:13:32]   +5 [partial_knowledge] ; total=3165 ; rate=22/min ; 633/5816 batches
[01:13:37]   +5 [partial_knowledge] ; total=3170 ; rate=22/min ; 634/5816 batches
[01:13:48]   +5 [partial_knowledge] ; total=3175 ; rate=22/min ; 635/5816 batches
[01:13:53]   +5 [partial_knowledge] ; total=3180 ; rate=22/min ; 636/5816 batches
[01:14:26]   +5 [partial_knowledge] ; total=3185 ; rate=22/min ; 637/5816 batches
[01:14:29]   +5 [partial_knowledge] ; total=3190 ; rate=22/min ; 638/5816 batches
[01:14:46]   +5 [partial_knowledge] ; total=3195 ; rate=22/min ; 639/5816 batches
[01:14:47]   +5 [partial_knowledge] ; total=3200 ; rate=22/min ; 640/5816 batches
[01:15:18]   +5 [partial_knowledge] ; total=3205 ; rate=22/min ; 641/5816 batches
[01:15:20]   +5 [partial_knowledge] ; total=3210 ; rate=22/min ; 642/5816 batches
[01:15:31]   +5 [partial_knowledge] ; total=3215 ; rate=22/min ; 643/5816 batches
[01:15:35]   +5 [partial_knowledge] ; total=3220 ; rate=22/min ; 644/5816 batches
[01:16:04]   +5 [partial_knowledge] ; total=3225 ; rate=22/min ; 645/5816 batches
[01:16:08]   +5 [partial_knowledge] ; total=3230 ; rate=22/min ; 646/5816 batches
[01:16:19]   +5 [partial_knowledge] ; total=3235 ; rate=22/min ; 647/5816 batches
[01:16:26]   +5 [partial_knowledge] ; total=3240 ; rate=22/min ; 648/5816 batches
[01:16:52]   +5 [partial_knowledge] ; total=3245 ; rate=22/min ; 649/5816 batches
[01:16:55]   +5 [partial_knowledge] ; total=3250 ; rate=22/min ; 650/5816 batches
[01:17:07]   +5 [partial_knowledge] ; total=3255 ; rate=22/min ; 651/5816 batches
[01:17:16]   +5 [partial_knowledge] ; total=3260 ; rate=22/min ; 652/5816 batches
[01:17:45]   +5 [partial_knowledge] ; total=3265 ; rate=22/min ; 653/5816 batches
[01:17:51]   +5 [partial_knowledge] ; total=3270 ; rate=22/min ; 654/5816 batches
[01:17:58]   +5 [partial_knowledge] ; total=3275 ; rate=22/min ; 655/5816 batches
[01:18:09]   +5 [partial_knowledge] ; total=3280 ; rate=22/min ; 656/5816 batches
[01:18:41]   +5 [partial_knowledge] ; total=3285 ; rate=22/min ; 657/5816 batches
[01:18:43]   +5 [partial_knowledge] ; total=3290 ; rate=22/min ; 658/5816 batches
[01:18:51]   +5 [partial_knowledge] ; total=3295 ; rate=22/min ; 659/5816 batches
[01:18:58]   +5 [partial_knowledge] ; total=3300 ; rate=23/min ; 660/5816 batches
[01:19:34]   +5 [partial_knowledge] ; total=3305 ; rate=22/min ; 661/5816 batches
[01:19:37]   +5 [partial_knowledge] ; total=3310 ; rate=22/min ; 662/5816 batches
[01:19:43]   +5 [partial_knowledge] ; total=3315 ; rate=22/min ; 663/5816 batches
[01:19:50]   +5 [partial_knowledge] ; total=3320 ; rate=23/min ; 664/5816 batches
[01:20:30]   +5 [partial_knowledge] ; total=3325 ; rate=22/min ; 665/5816 batches
[01:20:38]   +5 [partial_knowledge] ; total=3330 ; rate=22/min ; 666/5816 batches
[01:20:39]   +5 [partial_knowledge] ; total=3335 ; rate=22/min ; 667/5816 batches
[01:20:43]   +5 [partial_knowledge] ; total=3340 ; rate=23/min ; 668/5816 batches
[01:21:19]   +5 [partial_knowledge] ; total=3345 ; rate=22/min ; 669/5816 batches
[01:21:33]   +5 [partial_knowledge] ; total=3350 ; rate=22/min ; 670/5816 batches
[01:21:36]   +5 [partial_knowledge] ; total=3355 ; rate=22/min ; 671/5816 batches
[01:21:37]   +5 [partial_knowledge] ; total=3360 ; rate=23/min ; 672/5816 batches
[01:22:11]   +5 [partial_knowledge] ; total=3365 ; rate=22/min ; 673/5816 batches
[01:22:29]   +5 [partial_knowledge] ; total=3370 ; rate=22/min ; 674/5816 batches
[01:22:32]   +5 [partial_knowledge] ; total=3375 ; rate=22/min ; 675/5816 batches
[01:22:33]   +5 [partial_knowledge] ; total=3380 ; rate=22/min ; 676/5816 batches
[01:23:00]   +5 [partial_knowledge] ; total=3385 ; rate=22/min ; 677/5816 batches
[01:23:23]   +5 [partial_knowledge] ; total=3390 ; rate=22/min ; 678/5816 batches
[01:23:27]   +5 [partial_knowledge] ; total=3395 ; rate=22/min ; 679/5816 batches
[01:23:28]   +5 [partial_knowledge] ; total=3400 ; rate=22/min ; 680/5816 batches
[01:23:56]   +5 [partial_knowledge] ; total=3405 ; rate=22/min ; 681/5816 batches
[01:24:16]   +5 [partial_knowledge] ; total=3410 ; rate=22/min ; 682/5816 batches
[01:24:21]   +5 [partial_knowledge] ; total=3415 ; rate=22/min ; 683/5816 batches
[01:24:22]   +5 [partial_knowledge] ; total=3420 ; rate=22/min ; 684/5816 batches
[01:24:52]   +5 [partial_knowledge] ; total=3425 ; rate=22/min ; 685/5816 batches
[01:25:03]   +5 [partial_knowledge] ; total=3430 ; rate=22/min ; 686/5816 batches
[01:25:19]   +5 [partial_knowledge] ; total=3435 ; rate=22/min ; 687/5816 batches
[01:25:22]   +5 [partial_knowledge] ; total=3440 ; rate=22/min ; 688/5816 batches
[01:25:47]   +5 [partial_knowledge] ; total=3445 ; rate=22/min ; 689/5816 batches
[01:25:57]   +5 [partial_knowledge] ; total=3450 ; rate=22/min ; 690/5816 batches
[01:26:14]   +5 [partial_knowledge] ; total=3455 ; rate=22/min ; 691/5816 batches
[01:26:15]   +5 [partial_knowledge] ; total=3460 ; rate=22/min ; 692/5816 batches
[01:26:34]   +5 [partial_knowledge] ; total=3465 ; rate=22/min ; 693/5816 batches
[01:26:48]   +5 [partial_knowledge] ; total=3470 ; rate=22/min ; 694/5816 batches
[01:27:08]   +5 [partial_knowledge] ; total=3475 ; rate=22/min ; 695/5816 batches
[01:27:12]   +5 [partial_knowledge] ; total=3480 ; rate=22/min ; 696/5816 batches
[01:27:27]   +5 [partial_knowledge] ; total=3485 ; rate=22/min ; 697/5816 batches
[01:27:38]   +5 [partial_knowledge] ; total=3490 ; rate=22/min ; 698/5816 batches
[01:27:57]   +5 [partial_knowledge] ; total=3495 ; rate=22/min ; 699/5816 batches
[01:28:01]   +5 [partial_knowledge] ; total=3500 ; rate=22/min ; 700/5816 batches
[01:28:20]   +5 [partial_knowledge] ; total=3505 ; rate=22/min ; 701/5816 batches
[01:28:23]   +5 [partial_knowledge] ; total=3510 ; rate=22/min ; 702/5816 batches
[01:28:47]   +5 [partial_knowledge] ; total=3515 ; rate=22/min ; 703/5816 batches
[01:28:54]   +5 [partial_knowledge] ; total=3520 ; rate=22/min ; 704/5816 batches
[01:29:12]   +5 [partial_knowledge] ; total=3525 ; rate=22/min ; 705/5816 batches
[01:29:17]   +5 [partial_knowledge] ; total=3530 ; rate=22/min ; 706/5816 batches
[01:29:36]   +5 [partial_knowledge] ; total=3535 ; rate=22/min ; 707/5816 batches
[01:29:47]   +5 [partial_knowledge] ; total=3540 ; rate=22/min ; 708/5816 batches
[01:30:07]   +5 [partial_knowledge] ; total=3545 ; rate=22/min ; 709/5816 batches
[01:30:12]   +5 [partial_knowledge] ; total=3550 ; rate=22/min ; 710/5816 batches
[01:30:31]   +5 [partial_knowledge] ; total=3555 ; rate=22/min ; 711/5816 batches
[01:30:37]   +5 [partial_knowledge] ; total=3560 ; rate=22/min ; 712/5816 batches
[01:31:02]   +5 [partial_knowledge] ; total=3565 ; rate=22/min ; 713/5816 batches
[01:31:03]   +5 [partial_knowledge] ; total=3570 ; rate=22/min ; 714/5816 batches
[01:31:24]   +5 [partial_knowledge] ; total=3575 ; rate=22/min ; 715/5816 batches
[01:31:36]   +5 [partial_knowledge] ; total=3580 ; rate=22/min ; 716/5816 batches
[01:31:55]   +5 [partial_knowledge] ; total=3585 ; rate=22/min ; 717/5816 batches
[01:31:55]   +5 [partial_knowledge] ; total=3590 ; rate=22/min ; 718/5816 batches
[01:32:20]   +5 [partial_knowledge] ; total=3595 ; rate=22/min ; 719/5816 batches
[01:32:25]   +5 [partial_knowledge] ; total=3600 ; rate=22/min ; 720/5816 batches
[01:32:47]   +5 [partial_knowledge] ; total=3605 ; rate=22/min ; 721/5816 batches
[01:32:51]   +5 [partial_knowledge] ; total=3610 ; rate=22/min ; 722/5816 batches
[01:33:15]   +5 [partial_knowledge] ; total=3615 ; rate=22/min ; 723/5816 batches
[01:33:25]   +5 [partial_knowledge] ; total=3620 ; rate=22/min ; 724/5816 batches
[01:33:32]   +5 [partial_knowledge] ; total=3625 ; rate=22/min ; 725/5816 batches
[01:33:45]   +5 [partial_knowledge] ; total=3630 ; rate=22/min ; 726/5816 batches
[01:34:07]   +5 [partial_knowledge] ; total=3635 ; rate=22/min ; 727/5816 batches
[01:34:19]   +5 [partial_knowledge] ; total=3640 ; rate=22/min ; 728/5816 batches
[01:34:23]   +5 [partial_knowledge] ; total=3645 ; rate=22/min ; 729/5816 batches
[01:34:33]   +5 [partial_knowledge] ; total=3650 ; rate=22/min ; 730/5816 batches
[01:34:53]   +5 [partial_knowledge] ; total=3655 ; rate=22/min ; 731/5816 batches
[01:35:12]   +5 [partial_knowledge] ; total=3660 ; rate=22/min ; 732/5816 batches
[01:35:20]   +5 [partial_knowledge] ; total=3665 ; rate=22/min ; 733/5816 batches
[01:35:26]   +5 [partial_knowledge] ; total=3670 ; rate=22/min ; 734/5816 batches
[01:35:46]   +5 [partial_knowledge] ; total=3675 ; rate=22/min ; 735/5816 batches
[01:36:04]   +5 [partial_knowledge] ; total=3680 ; rate=22/min ; 736/5816 batches
[01:36:14]   +5 [partial_knowledge] ; total=3685 ; rate=22/min ; 737/5816 batches
[01:36:26]   +5 [partial_knowledge] ; total=3690 ; rate=22/min ; 738/5816 batches
[01:36:44]   +5 [partial_knowledge] ; total=3695 ; rate=22/min ; 739/5816 batches
[01:36:55]   +5 [partial_knowledge] ; total=3700 ; rate=22/min ; 740/5816 batches
[01:37:07]   +5 [partial_knowledge] ; total=3705 ; rate=22/min ; 741/5816 batches
[01:37:17]   +5 [partial_knowledge] ; total=3710 ; rate=22/min ; 742/5816 batches
[01:37:40]   +5 [partial_knowledge] ; total=3715 ; rate=22/min ; 743/5816 batches
[01:37:42]   +5 [partial_knowledge] ; total=3720 ; rate=22/min ; 744/5816 batches
[01:37:54]   +5 [partial_knowledge] ; total=3725 ; rate=22/min ; 745/5816 batches
[01:38:09]   +5 [partial_knowledge] ; total=3730 ; rate=22/min ; 746/5816 batches
[01:38:29]   +5 [partial_knowledge] ; total=3735 ; rate=22/min ; 747/5816 batches
[01:38:46]   +5 [partial_knowledge] ; total=3740 ; rate=22/min ; 748/5816 batches
[01:38:46]   +5 [partial_knowledge] ; total=3745 ; rate=22/min ; 749/5816 batches
[01:39:03]   +5 [partial_knowledge] ; total=3750 ; rate=22/min ; 750/5816 batches
[01:39:21]   +5 [partial_knowledge] ; total=3755 ; rate=22/min ; 751/5816 batches
[01:39:44]   +5 [partial_knowledge] ; total=3760 ; rate=22/min ; 752/5816 batches
[01:39:50]   +5 [partial_knowledge] ; total=3765 ; rate=22/min ; 753/5816 batches
[01:40:02]   +5 [partial_knowledge] ; total=3770 ; rate=22/min ; 754/5816 batches
[01:40:10]   +5 [partial_knowledge] ; total=3775 ; rate=22/min ; 755/5816 batches
[01:40:41]   +5 [partial_knowledge] ; total=3780 ; rate=22/min ; 756/5816 batches
[01:40:46]   +5 [partial_knowledge] ; total=3785 ; rate=22/min ; 757/5816 batches
[01:40:53]   +5 [partial_knowledge] ; total=3790 ; rate=22/min ; 758/5816 batches
[01:41:00]   +5 [partial_knowledge] ; total=3795 ; rate=22/min ; 759/5816 batches
[01:41:41]   +5 [partial_knowledge] ; total=3800 ; rate=22/min ; 760/5816 batches
[01:41:46]   +5 [partial_knowledge] ; total=3805 ; rate=22/min ; 761/5816 batches
[01:41:49]   +5 [partial_knowledge] ; total=3810 ; rate=22/min ; 762/5816 batches
[01:41:55]   +5 [partial_knowledge] ; total=3815 ; rate=22/min ; 763/5816 batches
[01:42:32]   +5 [partial_knowledge] ; total=3820 ; rate=22/min ; 764/5816 batches
[01:42:44]   +5 [partial_knowledge] ; total=3825 ; rate=22/min ; 765/5816 batches
[01:42:46]   +5 [partial_knowledge] ; total=3830 ; rate=22/min ; 766/5816 batches
[01:42:48]   +5 [partial_knowledge] ; total=3835 ; rate=22/min ; 767/5816 batches
[01:43:25]   +5 [partial_knowledge] ; total=3840 ; rate=22/min ; 768/5816 batches
[01:43:35]   +5 [partial_knowledge] ; total=3845 ; rate=22/min ; 769/5816 batches
[01:43:35]   +5 [partial_knowledge] ; total=3850 ; rate=22/min ; 770/5816 batches
[01:43:40]   +5 [partial_knowledge] ; total=3855 ; rate=22/min ; 771/5816 batches
[01:44:14]   +5 [partial_knowledge] ; total=3860 ; rate=22/min ; 772/5816 batches
[01:44:31]   +5 [partial_knowledge] ; total=3865 ; rate=22/min ; 773/5816 batches
[01:44:35]   +5 [partial_knowledge] ; total=3870 ; rate=22/min ; 774/5816 batches
[01:44:37]   +5 [partial_knowledge] ; total=3875 ; rate=22/min ; 775/5816 batches
[01:45:06]   +5 [partial_knowledge] ; total=3880 ; rate=22/min ; 776/5816 batches
[01:45:24]   +5 [partial_knowledge] ; total=3885 ; rate=22/min ; 777/5816 batches
[01:45:28]   +5 [partial_knowledge] ; total=3890 ; rate=22/min ; 778/5816 batches
[01:45:29]   +5 [partial_knowledge] ; total=3895 ; rate=22/min ; 779/5816 batches
[01:46:01]   +5 [partial_knowledge] ; total=3900 ; rate=22/min ; 780/5816 batches
[01:46:18]   +5 [partial_knowledge] ; total=3905 ; rate=22/min ; 781/5816 batches
[01:46:19]   +5 [partial_knowledge] ; total=3910 ; rate=22/min ; 782/5816 batches
[01:46:19]   +5 [partial_knowledge] ; total=3915 ; rate=22/min ; 783/5816 batches
[01:46:52]   +5 [partial_knowledge] ; total=3920 ; rate=22/min ; 784/5816 batches
[01:47:05]   +5 [partial_knowledge] ; total=3925 ; rate=22/min ; 785/5816 batches
[01:47:06]   +5 [partial_knowledge] ; total=3930 ; rate=22/min ; 786/5816 batches
[01:47:15]   +5 [partial_knowledge] ; total=3935 ; rate=22/min ; 787/5816 batches
[01:47:49]   +5 [partial_knowledge] ; total=3940 ; rate=22/min ; 788/5816 batches
[01:47:59]   +5 [partial_knowledge] ; total=3945 ; rate=22/min ; 789/5816 batches
[01:48:05]   +5 [partial_knowledge] ; total=3950 ; rate=22/min ; 790/5816 batches
[01:48:07]   +5 [partial_knowledge] ; total=3955 ; rate=22/min ; 791/5816 batches
[01:48:39]   +5 [partial_knowledge] ; total=3960 ; rate=22/min ; 792/5816 batches
[01:48:49]   +5 [partial_knowledge] ; total=3965 ; rate=22/min ; 793/5816 batches
[01:48:55]   +5 [partial_knowledge] ; total=3970 ; rate=22/min ; 794/5816 batches
[01:48:56]   +5 [partial_knowledge] ; total=3975 ; rate=23/min ; 795/5816 batches
[01:49:25]   +5 [partial_knowledge] ; total=3980 ; rate=22/min ; 796/5816 batches
[01:49:34]   +5 [partial_knowledge] ; total=3985 ; rate=22/min ; 797/5816 batches
[01:49:49]   +5 [partial_knowledge] ; total=3990 ; rate=22/min ; 798/5816 batches
[01:49:49]   +5 [partial_knowledge] ; total=3995 ; rate=23/min ; 799/5816 batches
[01:50:17]   +5 [partial_knowledge] ; total=4000 ; rate=22/min ; 800/5816 batches
[01:50:27]   +5 [partial_knowledge] ; total=4005 ; rate=22/min ; 801/5816 batches
[01:50:40]   +5 [partial_knowledge] ; total=4010 ; rate=22/min ; 802/5816 batches
[01:50:41]   +5 [partial_knowledge] ; total=4015 ; rate=23/min ; 803/5816 batches
[01:51:09]   +5 [partial_knowledge] ; total=4020 ; rate=22/min ; 804/5816 batches
[01:51:24]   +5 [partial_knowledge] ; total=4025 ; rate=22/min ; 805/5816 batches
[01:51:30]   +5 [partial_knowledge] ; total=4030 ; rate=22/min ; 806/5816 batches
[01:51:37]   +5 [partial_knowledge] ; total=4035 ; rate=23/min ; 807/5816 batches
[01:52:02]   +5 [partial_knowledge] ; total=4040 ; rate=22/min ; 808/5816 batches
[01:52:18]   +5 [partial_knowledge] ; total=4045 ; rate=22/min ; 809/5816 batches
[01:52:27]   +5 [partial_knowledge] ; total=4050 ; rate=22/min ; 810/5816 batches
[01:52:28]   +5 [partial_knowledge] ; total=4055 ; rate=23/min ; 811/5816 batches
[01:52:52]   +5 [partial_knowledge] ; total=4060 ; rate=22/min ; 812/5816 batches
[01:53:12]   +5 [partial_knowledge] ; total=4065 ; rate=22/min ; 813/5816 batches
[01:53:20]   +5 [partial_knowledge] ; total=4070 ; rate=22/min ; 814/5816 batches
[01:53:25]   +5 [partial_knowledge] ; total=4075 ; rate=23/min ; 815/5816 batches
[01:53:41]   +5 [partial_knowledge] ; total=4080 ; rate=22/min ; 816/5816 batches
[01:54:10]   +5 [partial_knowledge] ; total=4085 ; rate=22/min ; 817/5816 batches
[01:54:13]   +5 [partial_knowledge] ; total=4090 ; rate=22/min ; 818/5816 batches
[01:54:14]   +5 [partial_knowledge] ; total=4095 ; rate=23/min ; 819/5816 batches
[01:54:33]   +5 [partial_knowledge] ; total=4100 ; rate=22/min ; 820/5816 batches
[01:54:56]   +5 [partial_knowledge] ; total=4105 ; rate=22/min ; 821/5816 batches
[01:55:02]   +5 [partial_knowledge] ; total=4110 ; rate=22/min ; 822/5816 batches
[01:55:17]   +5 [partial_knowledge] ; total=4115 ; rate=22/min ; 823/5816 batches
[01:55:24]   +5 [partial_knowledge] ; total=4120 ; rate=23/min ; 824/5816 batches
[01:55:38]   +5 [partial_knowledge] ; total=4125 ; rate=23/min ; 825/5816 batches
[01:55:55]   +5 [partial_knowledge] ; total=4130 ; rate=22/min ; 826/5816 batches
[01:56:09]   +5 [partial_knowledge] ; total=4135 ; rate=22/min ; 827/5816 batches
[01:56:12]   +5 [partial_knowledge] ; total=4140 ; rate=23/min ; 828/5816 batches
[01:56:34]   +5 [partial_knowledge] ; total=4145 ; rate=22/min ; 829/5816 batches
[01:56:42]   +5 [partial_knowledge] ; total=4150 ; rate=23/min ; 830/5816 batches
[01:57:01]   +5 [partial_knowledge] ; total=4155 ; rate=22/min ; 831/5816 batches
[01:57:06]   +5 [partial_knowledge] ; total=4160 ; rate=23/min ; 832/5816 batches
[01:57:29]   +5 [partial_knowledge] ; total=4165 ; rate=22/min ; 833/5816 batches
[01:57:38]   +5 [partial_knowledge] ; total=4170 ; rate=23/min ; 834/5816 batches
[01:57:46]   +5 [partial_knowledge] ; total=4175 ; rate=23/min ; 835/5816 batches
[01:57:56]   +5 [partial_knowledge] ; total=4180 ; rate=23/min ; 836/5816 batches
[01:58:17]   +5 [partial_knowledge] ; total=4185 ; rate=23/min ; 837/5816 batches
[01:58:31]   +5 [partial_knowledge] ; total=4190 ; rate=23/min ; 838/5816 batches
[01:58:36]   +5 [partial_knowledge] ; total=4195 ; rate=23/min ; 839/5816 batches
[01:58:49]   +5 [partial_knowledge] ; total=4200 ; rate=23/min ; 840/5816 batches
[01:59:11]   +5 [partial_knowledge] ; total=4205 ; rate=23/min ; 841/5816 batches
[01:59:19]   +5 [partial_knowledge] ; total=4210 ; rate=23/min ; 842/5816 batches
[01:59:25]   +5 [partial_knowledge] ; total=4215 ; rate=23/min ; 843/5816 batches
[01:59:40]   +5 [partial_knowledge] ; total=4220 ; rate=23/min ; 844/5816 batches
[02:00:01]   +5 [partial_knowledge] ; total=4225 ; rate=23/min ; 845/5816 batches
[02:00:12]   +5 [partial_knowledge] ; total=4230 ; rate=23/min ; 846/5816 batches
[02:00:27]   +5 [partial_knowledge] ; total=4235 ; rate=23/min ; 847/5816 batches
[02:00:31]   +5 [partial_knowledge] ; total=4240 ; rate=23/min ; 848/5816 batches
[02:00:52]   +5 [partial_knowledge] ; total=4245 ; rate=23/min ; 849/5816 batches
[02:01:03]   +5 [partial_knowledge] ; total=4250 ; rate=23/min ; 850/5816 batches
[02:01:22]   +5 [partial_knowledge] ; total=4255 ; rate=23/min ; 851/5816 batches
[02:01:26]   +5 [partial_knowledge] ; total=4260 ; rate=23/min ; 852/5816 batches
[02:01:42]   +5 [partial_knowledge] ; total=4265 ; rate=23/min ; 853/5816 batches
[02:01:58]   +5 [partial_knowledge] ; total=4270 ; rate=23/min ; 854/5816 batches
[02:02:12]   +5 [partial_knowledge] ; total=4275 ; rate=23/min ; 855/5816 batches
[02:02:18]   +5 [partial_knowledge] ; total=4280 ; rate=23/min ; 856/5816 batches
[02:02:37]   +5 [partial_knowledge] ; total=4285 ; rate=23/min ; 857/5816 batches
[02:02:54]   +5 [partial_knowledge] ; total=4290 ; rate=23/min ; 858/5816 batches
[02:03:10]   +5 [partial_knowledge] ; total=4295 ; rate=23/min ; 859/5816 batches
[02:03:14]   +5 [partial_knowledge] ; total=4300 ; rate=23/min ; 860/5816 batches
[02:03:26]   +5 [partial_knowledge] ; total=4305 ; rate=23/min ; 861/5816 batches
[02:03:55]   +5 [partial_knowledge] ; total=4310 ; rate=22/min ; 862/5816 batches
[02:04:00]   +5 [partial_knowledge] ; total=4315 ; rate=23/min ; 863/5816 batches
[02:04:09]   +5 [partial_knowledge] ; total=4320 ; rate=23/min ; 864/5816 batches
[02:04:26]   +5 [partial_knowledge] ; total=4325 ; rate=23/min ; 865/5816 batches
[02:04:53]   +5 [partial_knowledge] ; total=4330 ; rate=22/min ; 866/5816 batches
[02:04:59]   +5 [partial_knowledge] ; total=4335 ; rate=22/min ; 867/5816 batches
[02:05:03]   +5 [partial_knowledge] ; total=4340 ; rate=23/min ; 868/5816 batches
[02:05:16]   +5 [partial_knowledge] ; total=4345 ; rate=23/min ; 869/5816 batches
[02:05:44]   +5 [partial_knowledge] ; total=4350 ; rate=22/min ; 870/5816 batches
[02:05:48]   +5 [partial_knowledge] ; total=4355 ; rate=23/min ; 871/5816 batches
[02:05:57]   +5 [partial_knowledge] ; total=4360 ; rate=23/min ; 872/5816 batches
[02:06:08]   +5 [partial_knowledge] ; total=4365 ; rate=23/min ; 873/5816 batches
[02:06:38]   +5 [partial_knowledge] ; total=4370 ; rate=22/min ; 874/5816 batches
[02:06:41]   +5 [partial_knowledge] ; total=4375 ; rate=23/min ; 875/5816 batches
[02:06:46]   +5 [partial_knowledge] ; total=4380 ; rate=23/min ; 876/5816 batches
[02:06:58]   +5 [partial_knowledge] ; total=4385 ; rate=23/min ; 877/5816 batches
[02:07:27]   +5 [partial_knowledge] ; total=4390 ; rate=22/min ; 878/5816 batches
[02:07:33]   +5 [partial_knowledge] ; total=4395 ; rate=23/min ; 879/5816 batches
[02:07:34]   +5 [partial_knowledge] ; total=4400 ; rate=23/min ; 880/5816 batches
[02:07:53]   +5 [partial_knowledge] ; total=4405 ; rate=23/min ; 881/5816 batches
[02:08:21]   +5 [partial_knowledge] ; total=4410 ; rate=22/min ; 882/5816 batches
[02:08:23]   +5 [partial_knowledge] ; total=4415 ; rate=23/min ; 883/5816 batches
[02:08:25]   +5 [partial_knowledge] ; total=4420 ; rate=23/min ; 884/5816 batches
[02:08:49]   +5 [partial_knowledge] ; total=4425 ; rate=23/min ; 885/5816 batches
[02:09:08]   +5 [partial_knowledge] ; total=4430 ; rate=23/min ; 886/5816 batches
[02:09:13]   +5 [partial_knowledge] ; total=4435 ; rate=23/min ; 887/5816 batches
[02:09:19]   +5 [partial_knowledge] ; total=4440 ; rate=23/min ; 888/5816 batches
[02:09:40]   +5 [partial_knowledge] ; total=4445 ; rate=23/min ; 889/5816 batches
[02:10:02]   +5 [partial_knowledge] ; total=4450 ; rate=23/min ; 890/5816 batches
[02:10:07]   +5 [partial_knowledge] ; total=4455 ; rate=23/min ; 891/5816 batches
[02:10:12]   +5 [partial_knowledge] ; total=4460 ; rate=23/min ; 892/5816 batches
[02:10:32]   +5 [partial_knowledge] ; total=4465 ; rate=23/min ; 893/5816 batches
[02:10:51]   +5 [partial_knowledge] ; total=4470 ; rate=23/min ; 894/5816 batches
[02:11:00]   +5 [partial_knowledge] ; total=4475 ; rate=23/min ; 895/5816 batches
[02:11:04]   +5 [partial_knowledge] ; total=4480 ; rate=23/min ; 896/5816 batches
[02:11:27]   +5 [partial_knowledge] ; total=4485 ; rate=23/min ; 897/5816 batches
[02:11:48]   +5 [partial_knowledge] ; total=4490 ; rate=23/min ; 898/5816 batches
[02:11:50]   +5 [partial_knowledge] ; total=4495 ; rate=23/min ; 899/5816 batches
[02:11:57]   +5 [partial_knowledge] ; total=4500 ; rate=23/min ; 900/5816 batches
[02:12:23]   +5 [partial_knowledge] ; total=4505 ; rate=23/min ; 901/5816 batches
[02:12:33]   +5 [partial_knowledge] ; total=4510 ; rate=23/min ; 902/5816 batches
[02:12:43]   +5 [partial_knowledge] ; total=4515 ; rate=23/min ; 903/5816 batches
[02:12:45]   +5 [partial_knowledge] ; total=4520 ; rate=23/min ; 904/5816 batches
[02:13:14]   +5 [partial_knowledge] ; total=4525 ; rate=23/min ; 905/5816 batches
[02:13:24]   +5 [partial_knowledge] ; total=4530 ; rate=23/min ; 906/5816 batches
[02:13:37]   +5 [partial_knowledge] ; total=4535 ; rate=23/min ; 907/5816 batches
[02:13:38]   +5 [partial_knowledge] ; total=4540 ; rate=23/min ; 908/5816 batches
[02:14:06]   +5 [partial_knowledge] ; total=4545 ; rate=23/min ; 909/5816 batches
[02:14:07]   +5 [partial_knowledge] ; total=4550 ; rate=23/min ; 910/5816 batches
[02:14:25]   +5 [partial_knowledge] ; total=4555 ; rate=23/min ; 911/5816 batches
[02:14:29]   +5 [partial_knowledge] ; total=4560 ; rate=23/min ; 912/5816 batches
[02:14:58]   +5 [partial_knowledge] ; total=4565 ; rate=23/min ; 913/5816 batches
[02:15:04]   +5 [partial_knowledge] ; total=4570 ; rate=23/min ; 914/5816 batches
[02:15:13]   +5 [partial_knowledge] ; total=4575 ; rate=23/min ; 915/5816 batches
[02:15:18]   +5 [partial_knowledge] ; total=4580 ; rate=23/min ; 916/5816 batches
[02:15:51]   +5 [partial_knowledge] ; total=4585 ; rate=23/min ; 917/5816 batches
[02:15:57]   +5 [partial_knowledge] ; total=4590 ; rate=23/min ; 918/5816 batches
[02:16:04]   +5 [partial_knowledge] ; total=4595 ; rate=23/min ; 919/5816 batches
[02:16:06]   +5 [partial_knowledge] ; total=4600 ; rate=23/min ; 920/5816 batches
[02:16:42]   +5 [partial_knowledge] ; total=4605 ; rate=23/min ; 921/5816 batches
[02:16:54]   +5 [partial_knowledge] ; total=4610 ; rate=23/min ; 922/5816 batches
[02:16:56]   +5 [partial_knowledge] ; total=4615 ; rate=23/min ; 923/5816 batches
[02:16:57]   +5 [partial_knowledge] ; total=4620 ; rate=23/min ; 924/5816 batches
[02:17:31]   +5 [partial_knowledge] ; total=4625 ; rate=23/min ; 925/5816 batches
[02:17:36]   +5 [partial_knowledge] ; total=4630 ; rate=23/min ; 926/5816 batches
[02:17:40]   +5 [partial_knowledge] ; total=4635 ; rate=23/min ; 927/5816 batches
[02:17:47]   +5 [partial_knowledge] ; total=4640 ; rate=23/min ; 928/5816 batches
[02:18:25]   +5 [partial_knowledge] ; total=4645 ; rate=23/min ; 929/5816 batches
[02:18:27]   +5 [partial_knowledge] ; total=4650 ; rate=23/min ; 930/5816 batches
[02:18:37]   +5 [partial_knowledge] ; total=4655 ; rate=23/min ; 931/5816 batches
[02:18:42]   +5 [partial_knowledge] ; total=4660 ; rate=23/min ; 932/5816 batches
[02:19:14]   +5 [partial_knowledge] ; total=4665 ; rate=23/min ; 933/5816 batches
[02:19:19]   +5 [partial_knowledge] ; total=4670 ; rate=23/min ; 934/5816 batches
[02:19:27]   +5 [partial_knowledge] ; total=4675 ; rate=23/min ; 935/5816 batches
[02:19:33]   +5 [partial_knowledge] ; total=4680 ; rate=23/min ; 936/5816 batches
[02:20:09]   +5 [partial_knowledge] ; total=4685 ; rate=23/min ; 937/5816 batches
[02:20:13]   +5 [partial_knowledge] ; total=4690 ; rate=23/min ; 938/5816 batches
[02:20:20]   +5 [partial_knowledge] ; total=4695 ; rate=23/min ; 939/5816 batches
[02:20:22]   +5 [partial_knowledge] ; total=4700 ; rate=23/min ; 940/5816 batches
[02:20:49]   +5 [partial_knowledge] ; total=4705 ; rate=23/min ; 941/5816 batches
[02:21:01]   +5 [partial_knowledge] ; total=4710 ; rate=23/min ; 942/5816 batches
[02:21:12]   +5 [partial_knowledge] ; total=4715 ; rate=23/min ; 943/5816 batches
[02:21:13]   +5 [partial_knowledge] ; total=4720 ; rate=23/min ; 944/5816 batches
[02:21:37]   +5 [partial_knowledge] ; total=4725 ; rate=23/min ; 945/5816 batches
[02:21:55]   +5 [partial_knowledge] ; total=4730 ; rate=23/min ; 946/5816 batches
[02:22:00]   +5 [partial_knowledge] ; total=4735 ; rate=23/min ; 947/5816 batches
[02:22:03]   +5 [partial_knowledge] ; total=4740 ; rate=23/min ; 948/5816 batches
[02:22:25]   +5 [partial_knowledge] ; total=4745 ; rate=23/min ; 949/5816 batches
[02:22:44]   +5 [partial_knowledge] ; total=4750 ; rate=23/min ; 950/5816 batches
[02:22:50]   +5 [partial_knowledge] ; total=4755 ; rate=23/min ; 951/5816 batches
[02:22:50]   +5 [partial_knowledge] ; total=4760 ; rate=23/min ; 952/5816 batches
[02:23:15]   +5 [partial_knowledge] ; total=4765 ; rate=23/min ; 953/5816 batches
[02:23:28]   +5 [partial_knowledge] ; total=4770 ; rate=23/min ; 954/5816 batches
[02:23:40]   +5 [partial_knowledge] ; total=4775 ; rate=23/min ; 955/5816 batches
[02:23:48]   +5 [partial_knowledge] ; total=4780 ; rate=23/min ; 956/5816 batches
[02:24:05]   +5 [partial_knowledge] ; total=4785 ; rate=23/min ; 957/5816 batches
[02:24:20]   +5 [partial_knowledge] ; total=4790 ; rate=23/min ; 958/5816 batches
[02:24:24]   +5 [partial_knowledge] ; total=4795 ; rate=23/min ; 959/5816 batches
[02:24:41]   +5 [partial_knowledge] ; total=4800 ; rate=23/min ; 960/5816 batches
[02:24:54]   +5 [partial_knowledge] ; total=4805 ; rate=23/min ; 961/5816 batches
[02:25:12]   +5 [partial_knowledge] ; total=4810 ; rate=23/min ; 962/5816 batches
[02:25:17]   +5 [partial_knowledge] ; total=4815 ; rate=23/min ; 963/5816 batches
[02:25:28]   +5 [partial_knowledge] ; total=4820 ; rate=23/min ; 964/5816 batches
[02:25:41]   +5 [partial_knowledge] ; total=4825 ; rate=23/min ; 965/5816 batches
[02:25:58]   +5 [partial_knowledge] ; total=4830 ; rate=23/min ; 966/5816 batches
[02:26:04]   +5 [partial_knowledge] ; total=4835 ; rate=23/min ; 967/5816 batches
[02:26:20]   +5 [partial_knowledge] ; total=4840 ; rate=23/min ; 968/5816 batches
[02:26:31]   +5 [partial_knowledge] ; total=4845 ; rate=23/min ; 969/5816 batches
[02:26:50]   +5 [partial_knowledge] ; total=4850 ; rate=23/min ; 970/5816 batches
[02:26:55]   +5 [partial_knowledge] ; total=4855 ; rate=23/min ; 971/5816 batches
[02:27:09]   +5 [partial_knowledge] ; total=4860 ; rate=23/min ; 972/5816 batches
[02:27:21]   +5 [partial_knowledge] ; total=4865 ; rate=23/min ; 973/5816 batches
[02:27:35]   +5 [partial_knowledge] ; total=4870 ; rate=23/min ; 974/5816 batches
[02:27:42]   +5 [partial_knowledge] ; total=4875 ; rate=23/min ; 975/5816 batches
[02:27:57]   +5 [partial_knowledge] ; total=4880 ; rate=23/min ; 976/5816 batches
[02:28:10]   +5 [partial_knowledge] ; total=4885 ; rate=23/min ; 977/5816 batches
[02:28:28]   +5 [partial_knowledge] ; total=4890 ; rate=23/min ; 978/5816 batches
[02:28:33]   +5 [partial_knowledge] ; total=4895 ; rate=23/min ; 979/5816 batches
[02:28:46]   +5 [partial_knowledge] ; total=4900 ; rate=23/min ; 980/5816 batches
[02:28:58]   +5 [partial_knowledge] ; total=4905 ; rate=23/min ; 981/5816 batches
[02:29:16]   +5 [partial_knowledge] ; total=4910 ; rate=23/min ; 982/5816 batches
[02:29:18]   +5 [partial_knowledge] ; total=4915 ; rate=23/min ; 983/5816 batches
[02:29:36]   +5 [partial_knowledge] ; total=4920 ; rate=23/min ; 984/5816 batches
[02:29:45]   +5 [partial_knowledge] ; total=4925 ; rate=23/min ; 985/5816 batches
[02:30:07]   +5 [partial_knowledge] ; total=4930 ; rate=23/min ; 986/5816 batches
[02:30:08]   +5 [partial_knowledge] ; total=4935 ; rate=23/min ; 987/5816 batches
[02:30:23]   +5 [partial_knowledge] ; total=4940 ; rate=23/min ; 988/5816 batches
[02:30:40]   +5 [partial_knowledge] ; total=4945 ; rate=23/min ; 989/5816 batches
[02:30:54]   +5 [partial_knowledge] ; total=4950 ; rate=23/min ; 990/5816 batches
[02:31:06]   +5 [partial_knowledge] ; total=4955 ; rate=23/min ; 991/5816 batches
[02:31:22]   +5 [partial_knowledge] ; total=4960 ; rate=23/min ; 992/5816 batches
[02:31:25]   +5 [partial_knowledge] ; total=4965 ; rate=23/min ; 993/5816 batches
[02:31:46]   +5 [partial_knowledge] ; total=4970 ; rate=23/min ; 994/5816 batches
[02:31:58]   +5 [partial_knowledge] ; total=4975 ; rate=23/min ; 995/5816 batches
[02:32:13]   +5 [partial_knowledge] ; total=4980 ; rate=23/min ; 996/5816 batches
[02:32:15]   +5 [partial_knowledge] ; total=4985 ; rate=23/min ; 997/5816 batches
[02:32:38]   +5 [partial_knowledge] ; total=4990 ; rate=23/min ; 998/5816 batches
[02:32:48]   +5 [partial_knowledge] ; total=4995 ; rate=23/min ; 999/5816 batches
[02:33:01]   +5 [partial_knowledge] ; total=5000 ; rate=23/min ; 1000/5816 batches
[02:33:01]   +5 [partial_knowledge] ; total=5005 ; rate=23/min ; 1001/5816 batches
[02:33:32]   +5 [partial_knowledge] ; total=5010 ; rate=23/min ; 1002/5816 batches
[02:33:38]   +5 [partial_knowledge] ; total=5015 ; rate=23/min ; 1003/5816 batches
[02:33:49]   +5 [partial_knowledge] ; total=5020 ; rate=23/min ; 1004/5816 batches
[02:33:54]   +5 [partial_knowledge] ; total=5025 ; rate=23/min ; 1005/5816 batches
[02:34:18]   +5 [partial_knowledge] ; total=5030 ; rate=23/min ; 1006/5816 batches
[02:34:28]   +5 [partial_knowledge] ; total=5035 ; rate=23/min ; 1007/5816 batches
[02:34:42]   +5 [partial_knowledge] ; total=5040 ; rate=23/min ; 1008/5816 batches
[02:34:43]   +5 [partial_knowledge] ; total=5045 ; rate=23/min ; 1009/5816 batches
[02:35:08]   +5 [partial_knowledge] ; total=5050 ; rate=23/min ; 1010/5816 batches
[02:35:12]   +5 [partial_knowledge] ; total=5055 ; rate=23/min ; 1011/5816 batches
[02:35:32]   +5 [partial_knowledge] ; total=5060 ; rate=23/min ; 1012/5816 batches
[02:35:35]   +5 [partial_knowledge] ; total=5065 ; rate=23/min ; 1013/5816 batches
[02:35:56]   +5 [partial_knowledge] ; total=5070 ; rate=23/min ; 1014/5816 batches
[02:36:02]   +5 [partial_knowledge] ; total=5075 ; rate=23/min ; 1015/5816 batches
[02:36:18]   +5 [partial_knowledge] ; total=5080 ; rate=23/min ; 1016/5816 batches
[02:36:21]   +5 [partial_knowledge] ; total=5085 ; rate=23/min ; 1017/5816 batches
[02:36:49]   +5 [partial_knowledge] ; total=5090 ; rate=23/min ; 1018/5816 batches
[02:36:50]   +5 [partial_knowledge] ; total=5095 ; rate=23/min ; 1019/5816 batches
[02:37:06]   +5 [partial_knowledge] ; total=5100 ; rate=23/min ; 1020/5816 batches
[02:37:13]   +5 [partial_knowledge] ; total=5105 ; rate=23/min ; 1021/5816 batches
[02:37:35]   +5 [partial_knowledge] ; total=5110 ; rate=23/min ; 1022/5816 batches
[02:37:42]   +5 [partial_knowledge] ; total=5115 ; rate=23/min ; 1023/5816 batches
[02:37:52]   +5 [partial_knowledge] ; total=5120 ; rate=23/min ; 1024/5816 batches
[02:37:59]   +5 [partial_knowledge] ; total=5125 ; rate=23/min ; 1025/5816 batches
[02:38:26]   +5 [partial_knowledge] ; total=5130 ; rate=23/min ; 1026/5816 batches
[02:38:29]   +5 [partial_knowledge] ; total=5135 ; rate=23/min ; 1027/5816 batches
[02:38:41]   +5 [partial_knowledge] ; total=5140 ; rate=23/min ; 1028/5816 batches
[02:38:47]   +5 [partial_knowledge] ; total=5145 ; rate=23/min ; 1029/5816 batches
[02:39:13]   +5 [partial_knowledge] ; total=5150 ; rate=23/min ; 1030/5816 batches
[02:39:23]   +5 [partial_knowledge] ; total=5155 ; rate=23/min ; 1031/5816 batches
[02:39:31]   +5 [partial_knowledge] ; total=5160 ; rate=23/min ; 1032/5816 batches
[02:39:46]   +5 [partial_knowledge] ; total=5165 ; rate=23/min ; 1033/5816 batches
[02:40:06]   +5 [partial_knowledge] ; total=5170 ; rate=23/min ; 1034/5816 batches
[02:40:11]   +5 [partial_knowledge] ; total=5175 ; rate=23/min ; 1035/5816 batches
[02:40:20]   +5 [partial_knowledge] ; total=5180 ; rate=23/min ; 1036/5816 batches
[02:40:32]   +5 [partial_knowledge] ; total=5185 ; rate=23/min ; 1037/5816 batches
[02:40:57]   +5 [partial_knowledge] ; total=5190 ; rate=23/min ; 1038/5816 batches
[02:40:59]   +5 [partial_knowledge] ; total=5195 ; rate=23/min ; 1039/5816 batches
[02:41:05]   +5 [partial_knowledge] ; total=5200 ; rate=23/min ; 1040/5816 batches
[02:41:34]   +5 [partial_knowledge] ; total=5205 ; rate=23/min ; 1041/5816 batches
[02:41:43]   +5 [partial_knowledge] ; total=5210 ; rate=23/min ; 1042/5816 batches
[02:41:51]   +5 [partial_knowledge] ; total=5215 ; rate=23/min ; 1043/5816 batches
[02:41:56]   +5 [partial_knowledge] ; total=5220 ; rate=23/min ; 1044/5816 batches
[02:42:23]   +5 [partial_knowledge] ; total=5225 ; rate=23/min ; 1045/5816 batches
[02:42:35]   +5 [partial_knowledge] ; total=5230 ; rate=23/min ; 1046/5816 batches
[02:42:36]   +5 [partial_knowledge] ; total=5235 ; rate=23/min ; 1047/5816 batches
[02:42:46]   +5 [partial_knowledge] ; total=5240 ; rate=23/min ; 1048/5816 batches
[02:43:14]   +5 [partial_knowledge] ; total=5245 ; rate=23/min ; 1049/5816 batches
[02:43:20]   +5 [partial_knowledge] ; total=5250 ; rate=23/min ; 1050/5816 batches
[02:43:30]   +5 [partial_knowledge] ; total=5255 ; rate=23/min ; 1051/5816 batches
[02:43:35]   +5 [partial_knowledge] ; total=5260 ; rate=23/min ; 1052/5816 batches
[02:44:02]   +5 [partial_knowledge] ; total=5265 ; rate=23/min ; 1053/5816 batches
[02:44:11]   +5 [partial_knowledge] ; total=5270 ; rate=23/min ; 1054/5816 batches
[02:44:15]   +5 [partial_knowledge] ; total=5275 ; rate=23/min ; 1055/5816 batches
[02:44:38]   +5 [partial_knowledge] ; total=5280 ; rate=23/min ; 1056/5816 batches
[02:44:51]   +5 [partial_knowledge] ; total=5285 ; rate=23/min ; 1057/5816 batches
[02:44:53]   +5 [partial_knowledge] ; total=5290 ; rate=23/min ; 1058/5816 batches
[02:45:00]   +5 [partial_knowledge] ; total=5295 ; rate=23/min ; 1059/5816 batches
[02:45:25]   +5 [partial_knowledge] ; total=5300 ; rate=23/min ; 1060/5816 batches
[02:45:38]   +5 [partial_knowledge] ; total=5305 ; rate=23/min ; 1061/5816 batches
[02:45:39]   +5 [partial_knowledge] ; total=5310 ; rate=23/min ; 1062/5816 batches
[02:45:54]   +5 [partial_knowledge] ; total=5315 ; rate=23/min ; 1063/5816 batches
[02:46:18]   +5 [partial_knowledge] ; total=5320 ; rate=23/min ; 1064/5816 batches
[02:46:25]   +5 [partial_knowledge] ; total=5325 ; rate=23/min ; 1065/5816 batches
[02:46:27]   +5 [partial_knowledge] ; total=5330 ; rate=23/min ; 1066/5816 batches
[02:46:40]   +5 [partial_knowledge] ; total=5335 ; rate=23/min ; 1067/5816 batches
[02:47:03]   +5 [partial_knowledge] ; total=5340 ; rate=23/min ; 1068/5816 batches
[02:47:09]   +5 [partial_knowledge] ; total=5345 ; rate=23/min ; 1069/5816 batches
[02:47:13]   +5 [partial_knowledge] ; total=5350 ; rate=23/min ; 1070/5816 batches
[02:47:26]   +5 [partial_knowledge] ; total=5355 ; rate=23/min ; 1071/5816 batches
[02:47:57]   +5 [partial_knowledge] ; total=5360 ; rate=23/min ; 1072/5816 batches
[02:47:58]   +5 [partial_knowledge] ; total=5365 ; rate=23/min ; 1073/5816 batches
[02:47:58]   +5 [partial_knowledge] ; total=5370 ; rate=23/min ; 1074/5816 batches
[02:48:13]   +5 [partial_knowledge] ; total=5375 ; rate=23/min ; 1075/5816 batches
[02:48:44]   +5 [partial_knowledge] ; total=5380 ; rate=23/min ; 1076/5816 batches
[02:48:45]   +5 [partial_knowledge] ; total=5385 ; rate=23/min ; 1077/5816 batches
[02:48:55]   +5 [partial_knowledge] ; total=5390 ; rate=23/min ; 1078/5816 batches
[02:48:58]   +5 [partial_knowledge] ; total=5395 ; rate=23/min ; 1079/5816 batches
[02:49:33]   +5 [partial_knowledge] ; total=5400 ; rate=23/min ; 1080/5816 batches
[02:49:35]   +5 [partial_knowledge] ; total=5405 ; rate=23/min ; 1081/5816 batches
[02:49:36]   +5 [partial_knowledge] ; total=5410 ; rate=23/min ; 1082/5816 batches
[02:49:51]   +5 [partial_knowledge] ; total=5415 ; rate=23/min ; 1083/5816 batches
[02:50:16]   +5 [partial_knowledge] ; total=5420 ; rate=23/min ; 1084/5816 batches
[02:50:22]   +5 [partial_knowledge] ; total=5425 ; rate=23/min ; 1085/5816 batches
[02:50:25]   +5 [partial_knowledge] ; total=5430 ; rate=23/min ; 1086/5816 batches
[02:50:42]   +5 [partial_knowledge] ; total=5435 ; rate=23/min ; 1087/5816 batches
[02:51:04]   +5 [partial_knowledge] ; total=5440 ; rate=23/min ; 1088/5816 batches
[02:51:07]   +5 [partial_knowledge] ; total=5445 ; rate=23/min ; 1089/5816 batches
[02:51:11]   +5 [partial_knowledge] ; total=5450 ; rate=23/min ; 1090/5816 batches
[02:51:31]   +5 [partial_knowledge] ; total=5455 ; rate=23/min ; 1091/5816 batches
[02:51:52]   +5 [partial_knowledge] ; total=5460 ; rate=23/min ; 1092/5816 batches
[02:51:55]   +5 [partial_knowledge] ; total=5465 ; rate=23/min ; 1093/5816 batches
[02:52:00]   +5 [partial_knowledge] ; total=5470 ; rate=23/min ; 1094/5816 batches
[02:52:17]   +5 [partial_knowledge] ; total=5475 ; rate=23/min ; 1095/5816 batches
[02:52:43]   +5 [partial_knowledge] ; total=5480 ; rate=23/min ; 1096/5816 batches
[02:52:43]   +5 [partial_knowledge] ; total=5485 ; rate=23/min ; 1097/5816 batches
[02:52:44]   +5 [partial_knowledge] ; total=5490 ; rate=23/min ; 1098/5816 batches
[02:53:04]   +5 [partial_knowledge] ; total=5495 ; rate=23/min ; 1099/5816 batches
[02:53:28]   +5 [partial_knowledge] ; total=5500 ; rate=23/min ; 1100/5816 batches
[02:53:32]   +5 [partial_knowledge] ; total=5505 ; rate=23/min ; 1101/5816 batches
[02:53:33]   +5 [partial_knowledge] ; total=5510 ; rate=23/min ; 1102/5816 batches
[02:54:07]   +5 [partial_knowledge] ; total=5515 ; rate=23/min ; 1103/5816 batches
[02:54:17]   +5 [partial_knowledge] ; total=5520 ; rate=23/min ; 1104/5816 batches
[02:54:21]   +5 [partial_knowledge] ; total=5525 ; rate=23/min ; 1105/5816 batches
[02:54:27]   +5 [partial_knowledge] ; total=5530 ; rate=23/min ; 1106/5816 batches
[02:54:48]   +5 [partial_knowledge] ; total=5535 ; rate=23/min ; 1107/5816 batches
[02:55:12]   +5 [partial_knowledge] ; total=5540 ; rate=23/min ; 1108/5816 batches
[02:55:14]   +5 [partial_knowledge] ; total=5545 ; rate=23/min ; 1109/5816 batches
[02:55:16]   +5 [partial_knowledge] ; total=5550 ; rate=23/min ; 1110/5816 batches
[02:55:40]   +5 [partial_knowledge] ; total=5555 ; rate=23/min ; 1111/5816 batches
[02:55:58]   +5 [partial_knowledge] ; total=5560 ; rate=23/min ; 1112/5816 batches
[02:56:01]   +5 [partial_knowledge] ; total=5565 ; rate=23/min ; 1113/5816 batches
[02:56:04]   +5 [partial_knowledge] ; total=5570 ; rate=23/min ; 1114/5816 batches
[02:56:25]   +5 [partial_knowledge] ; total=5575 ; rate=23/min ; 1115/5816 batches
[02:56:44]   +5 [partial_knowledge] ; total=5580 ; rate=23/min ; 1116/5816 batches
[02:56:49]   +5 [partial_knowledge] ; total=5585 ; rate=23/min ; 1117/5816 batches
[02:56:50]   +5 [partial_knowledge] ; total=5590 ; rate=23/min ; 1118/5816 batches
[02:57:13]   +5 [partial_knowledge] ; total=5595 ; rate=23/min ; 1119/5816 batches
[02:57:27]   +5 [partial_knowledge] ; total=5600 ; rate=23/min ; 1120/5816 batches
[02:57:38]   +5 [partial_knowledge] ; total=5605 ; rate=23/min ; 1121/5816 batches
[02:57:46]   +5 [partial_knowledge] ; total=5610 ; rate=23/min ; 1122/5816 batches
[02:57:58]   +5 [partial_knowledge] ; total=5615 ; rate=23/min ; 1123/5816 batches
[02:58:20]   +5 [partial_knowledge] ; total=5620 ; rate=23/min ; 1124/5816 batches
[02:58:31]   +5 [partial_knowledge] ; total=5625 ; rate=23/min ; 1125/5816 batches
[02:58:38]   +5 [partial_knowledge] ; total=5630 ; rate=23/min ; 1126/5816 batches
[02:58:47]   +5 [partial_knowledge] ; total=5635 ; rate=23/min ; 1127/5816 batches
[02:59:10]   +5 [partial_knowledge] ; total=5640 ; rate=23/min ; 1128/5816 batches
[02:59:26]   +5 [partial_knowledge] ; total=5645 ; rate=23/min ; 1129/5816 batches
[02:59:29]   +5 [partial_knowledge] ; total=5650 ; rate=23/min ; 1130/5816 batches
[02:59:30]   +5 [partial_knowledge] ; total=5655 ; rate=23/min ; 1131/5816 batches
[02:59:58]   +5 [partial_knowledge] ; total=5660 ; rate=23/min ; 1132/5816 batches
[03:00:15]   +5 [partial_knowledge] ; total=5665 ; rate=23/min ; 1133/5816 batches
[03:00:18]   +5 [partial_knowledge] ; total=5670 ; rate=23/min ; 1134/5816 batches
[03:00:25]   +5 [partial_knowledge] ; total=5675 ; rate=23/min ; 1135/5816 batches
[03:00:45]   +5 [partial_knowledge] ; total=5680 ; rate=23/min ; 1136/5816 batches
[03:01:08]   +5 [partial_knowledge] ; total=5685 ; rate=23/min ; 1137/5816 batches
[03:01:10]   +5 [partial_knowledge] ; total=5690 ; rate=23/min ; 1138/5816 batches
[03:01:15]   +5 [partial_knowledge] ; total=5695 ; rate=23/min ; 1139/5816 batches
[03:01:37]   +5 [partial_knowledge] ; total=5700 ; rate=23/min ; 1140/5816 batches
[03:02:00]   +5 [partial_knowledge] ; total=5705 ; rate=23/min ; 1141/5816 batches
[03:02:02]   +5 [partial_knowledge] ; total=5710 ; rate=23/min ; 1142/5816 batches
[03:02:05]   +5 [partial_knowledge] ; total=5715 ; rate=23/min ; 1143/5816 batches
[03:02:21]   +5 [partial_knowledge] ; total=5720 ; rate=23/min ; 1144/5816 batches
[03:02:51]   +5 [partial_knowledge] ; total=5725 ; rate=23/min ; 1145/5816 batches
[03:02:53]   +5 [partial_knowledge] ; total=5730 ; rate=23/min ; 1146/5816 batches
[03:02:54]   +5 [partial_knowledge] ; total=5735 ; rate=23/min ; 1147/5816 batches
[03:03:07]   +5 [partial_knowledge] ; total=5740 ; rate=23/min ; 1148/5816 batches
[03:03:44]   +5 [partial_knowledge] ; total=5745 ; rate=23/min ; 1149/5816 batches
[03:03:46]   +5 [partial_knowledge] ; total=5750 ; rate=23/min ; 1150/5816 batches
[03:03:46]   +5 [partial_knowledge] ; total=5755 ; rate=23/min ; 1151/5816 batches
[03:03:56]   +5 [partial_knowledge] ; total=5760 ; rate=23/min ; 1152/5816 batches
[03:04:29]   +5 [partial_knowledge] ; total=5765 ; rate=23/min ; 1153/5816 batches
[03:04:31]   +5 [partial_knowledge] ; total=5770 ; rate=23/min ; 1154/5816 batches
[03:04:32]   +5 [partial_knowledge] ; total=5775 ; rate=23/min ; 1155/5816 batches
[03:04:50]   +5 [partial_knowledge] ; total=5780 ; rate=23/min ; 1156/5816 batches
[03:05:13]   +5 [partial_knowledge] ; total=5785 ; rate=23/min ; 1157/5816 batches
[03:05:17]   +5 [partial_knowledge] ; total=5790 ; rate=23/min ; 1158/5816 batches
[03:05:21]   +5 [partial_knowledge] ; total=5795 ; rate=23/min ; 1159/5816 batches
[03:05:40]   +5 [partial_knowledge] ; total=5800 ; rate=23/min ; 1160/5816 batches
[03:06:05]   +5 [partial_knowledge] ; total=5805 ; rate=23/min ; 1161/5816 batches
[03:06:09]   +5 [partial_knowledge] ; total=5810 ; rate=23/min ; 1162/5816 batches
[03:06:10]   +5 [partial_knowledge] ; total=5815 ; rate=23/min ; 1163/5816 batches
[03:06:33]   +5 [partial_knowledge] ; total=5820 ; rate=23/min ; 1164/5816 batches
[03:06:52]   +5 [partial_knowledge] ; total=5825 ; rate=23/min ; 1165/5816 batches
[03:06:54]   +5 [partial_knowledge] ; total=5830 ; rate=23/min ; 1166/5816 batches
[03:06:59]   +5 [partial_knowledge] ; total=5835 ; rate=23/min ; 1167/5816 batches
[03:07:22]   +5 [partial_knowledge] ; total=5840 ; rate=23/min ; 1168/5816 batches
[03:07:40]   +5 [partial_knowledge] ; total=5845 ; rate=23/min ; 1169/5816 batches
[03:07:48]   +5 [partial_knowledge] ; total=5850 ; rate=23/min ; 1170/5816 batches
[03:07:48]   +5 [partial_knowledge] ; total=5855 ; rate=23/min ; 1171/5816 batches
[03:08:12]   +5 [partial_knowledge] ; total=5860 ; rate=23/min ; 1172/5816 batches
[03:08:26]   +5 [partial_knowledge] ; total=5865 ; rate=23/min ; 1173/5816 batches
[03:08:34]   +5 [partial_knowledge] ; total=5870 ; rate=23/min ; 1174/5816 batches
[03:08:43]   +5 [partial_knowledge] ; total=5875 ; rate=23/min ; 1175/5816 batches
[03:09:01]   +5 [partial_knowledge] ; total=5880 ; rate=23/min ; 1176/5816 batches
[03:09:16]   +5 [partial_knowledge] ; total=5885 ; rate=23/min ; 1177/5816 batches
[03:09:21]   +5 [partial_knowledge] ; total=5890 ; rate=23/min ; 1178/5816 batches
[03:09:28]   +5 [partial_knowledge] ; total=5895 ; rate=23/min ; 1179/5816 batches
[03:09:43]   +5 [partial_knowledge] ; total=5900 ; rate=23/min ; 1180/5816 batches
[03:10:06]   +5 [partial_knowledge] ; total=5905 ; rate=23/min ; 1181/5816 batches
[03:10:09]   +5 [partial_knowledge] ; total=5910 ; rate=23/min ; 1182/5816 batches
[03:10:15]   +5 [partial_knowledge] ; total=5915 ; rate=23/min ; 1183/5816 batches
[03:10:39]   +5 [partial_knowledge] ; total=5920 ; rate=23/min ; 1184/5816 batches
[03:10:52]   +5 [partial_knowledge] ; total=5925 ; rate=23/min ; 1185/5816 batches
[03:11:00]   +5 [partial_knowledge] ; total=5930 ; rate=23/min ; 1186/5816 batches
[03:11:12]   +5 [partial_knowledge] ; total=5935 ; rate=23/min ; 1187/5816 batches
[03:11:26]   +5 [partial_knowledge] ; total=5940 ; rate=23/min ; 1188/5816 batches
[03:11:42]   +5 [partial_knowledge] ; total=5945 ; rate=23/min ; 1189/5816 batches
[03:11:53]   +5 [partial_knowledge] ; total=5950 ; rate=23/min ; 1190/5816 batches
[03:12:03]   +5 [partial_knowledge] ; total=5955 ; rate=23/min ; 1191/5816 batches
[03:12:08]   +5 [partial_knowledge] ; total=5960 ; rate=23/min ; 1192/5816 batches
[03:12:33]   +5 [partial_knowledge] ; total=5965 ; rate=23/min ; 1193/5816 batches
[03:12:43]   +5 [partial_knowledge] ; total=5970 ; rate=23/min ; 1194/5816 batches
[03:12:55]   +5 [partial_knowledge] ; total=5975 ; rate=23/min ; 1195/5816 batches
[03:13:02]   +5 [partial_knowledge] ; total=5980 ; rate=23/min ; 1196/5816 batches
[03:13:23]   +5 [partial_knowledge] ; total=5985 ; rate=23/min ; 1197/5816 batches
[03:13:34]   +5 [partial_knowledge] ; total=5990 ; rate=23/min ; 1198/5816 batches
[03:13:45]   +5 [partial_knowledge] ; total=5995 ; rate=23/min ; 1199/5816 batches
[03:13:49]   +5 [partial_knowledge] ; total=6000 ; rate=23/min ; 1200/5816 batches
[03:14:12]   +5 [partial_knowledge] ; total=6005 ; rate=23/min ; 1201/5816 batches
[03:14:24]   +5 [partial_knowledge] ; total=6010 ; rate=23/min ; 1202/5816 batches
[03:14:36]   +5 [partial_knowledge] ; total=6015 ; rate=23/min ; 1203/5816 batches
[03:14:46]   +5 [partial_knowledge] ; total=6020 ; rate=23/min ; 1204/5816 batches
[03:14:56]   +5 [partial_knowledge] ; total=6025 ; rate=23/min ; 1205/5816 batches
[03:15:14]   +5 [partial_knowledge] ; total=6030 ; rate=23/min ; 1206/5816 batches
[03:15:26]   +5 [partial_knowledge] ; total=6035 ; rate=23/min ; 1207/5816 batches
[03:15:33]   +5 [partial_knowledge] ; total=6040 ; rate=23/min ; 1208/5816 batches
[03:15:44]   +5 [partial_knowledge] ; total=6045 ; rate=23/min ; 1209/5816 batches
[03:16:01]   +5 [partial_knowledge] ; total=6050 ; rate=23/min ; 1210/5816 batches
[03:16:19]   +5 [partial_knowledge] ; total=6055 ; rate=23/min ; 1211/5816 batches
[03:16:20]   +5 [partial_knowledge] ; total=6060 ; rate=23/min ; 1212/5816 batches
[03:16:34]   +5 [partial_knowledge] ; total=6065 ; rate=23/min ; 1213/5816 batches
[03:16:49]   +5 [partial_knowledge] ; total=6070 ; rate=23/min ; 1214/5816 batches
[03:17:06]   +5 [partial_knowledge] ; total=6075 ; rate=23/min ; 1215/5816 batches
[03:17:11]   +5 [partial_knowledge] ; total=6080 ; rate=23/min ; 1216/5816 batches
[03:17:22]   +5 [partial_knowledge] ; total=6085 ; rate=23/min ; 1217/5816 batches
[03:17:39]   +5 [partial_knowledge] ; total=6090 ; rate=23/min ; 1218/5816 batches
[03:18:00]   +5 [partial_knowledge] ; total=6095 ; rate=23/min ; 1219/5816 batches
[03:18:03]   +5 [partial_knowledge] ; total=6100 ; rate=23/min ; 1220/5816 batches
[03:18:06]   +5 [partial_knowledge] ; total=6105 ; rate=23/min ; 1221/5816 batches
[03:18:29]   +5 [partial_knowledge] ; total=6110 ; rate=23/min ; 1222/5816 batches
[03:18:48]   +5 [partial_knowledge] ; total=6115 ; rate=23/min ; 1223/5816 batches
[03:18:52]   +5 [partial_knowledge] ; total=6120 ; rate=23/min ; 1224/5816 batches
[03:18:53]   +5 [partial_knowledge] ; total=6125 ; rate=23/min ; 1225/5816 batches
[03:19:27]   +5 [partial_knowledge] ; total=6130 ; rate=23/min ; 1226/5816 batches
[03:19:34]   +5 [partial_knowledge] ; total=6135 ; rate=23/min ; 1227/5816 batches
[03:19:42]   +5 [partial_knowledge] ; total=6140 ; rate=23/min ; 1228/5816 batches
[03:19:42]   +5 [partial_knowledge] ; total=6145 ; rate=23/min ; 1229/5816 batches
[03:20:13]   +5 [partial_knowledge] ; total=6150 ; rate=23/min ; 1230/5816 batches
[03:20:19]   +5 [partial_knowledge] ; total=6155 ; rate=23/min ; 1231/5816 batches
[03:20:26]   +5 [partial_knowledge] ; total=6160 ; rate=23/min ; 1232/5816 batches
[03:20:32]   +5 [partial_knowledge] ; total=6165 ; rate=23/min ; 1233/5816 batches
[03:21:00]   +5 [partial_knowledge] ; total=6170 ; rate=23/min ; 1234/5816 batches
[03:21:06]   +5 [partial_knowledge] ; total=6175 ; rate=23/min ; 1235/5816 batches
[03:21:09]   +5 [partial_knowledge] ; total=6180 ; rate=23/min ; 1236/5816 batches
[03:21:25]   +5 [partial_knowledge] ; total=6185 ; rate=23/min ; 1237/5816 batches
[03:21:53]   +5 [partial_knowledge] ; total=6190 ; rate=23/min ; 1238/5816 batches
[03:21:56]   +5 [partial_knowledge] ; total=6195 ; rate=23/min ; 1239/5816 batches
[03:21:57]   +5 [partial_knowledge] ; total=6200 ; rate=23/min ; 1240/5816 batches
[03:22:21]   +5 [partial_knowledge] ; total=6205 ; rate=23/min ; 1241/5816 batches
[03:22:42]   +5 [partial_knowledge] ; total=6210 ; rate=23/min ; 1242/5816 batches
[03:22:42]   +5 [partial_knowledge] ; total=6215 ; rate=23/min ; 1243/5816 batches
[03:22:48]   +5 [partial_knowledge] ; total=6220 ; rate=23/min ; 1244/5816 batches
[03:23:11]   +5 [partial_knowledge] ; total=6225 ; rate=23/min ; 1245/5816 batches
[03:23:30]   +5 [partial_knowledge] ; total=6230 ; rate=23/min ; 1246/5816 batches
[03:23:32]   +5 [partial_knowledge] ; total=6235 ; rate=23/min ; 1247/5816 batches
[03:23:38]   +5 [partial_knowledge] ; total=6240 ; rate=23/min ; 1248/5816 batches
[03:23:57]   +5 [partial_knowledge] ; total=6245 ; rate=23/min ; 1249/5816 batches
[03:24:17]   +5 [partial_knowledge] ; total=6250 ; rate=23/min ; 1250/5816 batches
[03:24:22]   +5 [partial_knowledge] ; total=6255 ; rate=23/min ; 1251/5816 batches
[03:24:31]   +5 [partial_knowledge] ; total=6260 ; rate=23/min ; 1252/5816 batches
[03:24:44]   +5 [partial_knowledge] ; total=6265 ; rate=23/min ; 1253/5816 batches
[03:25:10]   +5 [partial_knowledge] ; total=6270 ; rate=23/min ; 1254/5816 batches
[03:25:14]   +5 [partial_knowledge] ; total=6275 ; rate=23/min ; 1255/5816 batches
[03:25:25]   +5 [partial_knowledge] ; total=6280 ; rate=23/min ; 1256/5816 batches
[03:25:38]   +5 [partial_knowledge] ; total=6285 ; rate=23/min ; 1257/5816 batches
[03:25:57]   +5 [partial_knowledge] ; total=6290 ; rate=23/min ; 1258/5816 batches
[03:26:03]   +5 [partial_knowledge] ; total=6295 ; rate=23/min ; 1259/5816 batches
[03:26:12]   +5 [partial_knowledge] ; total=6300 ; rate=23/min ; 1260/5816 batches
[03:26:19]   +5 [partial_knowledge] ; total=6305 ; rate=23/min ; 1261/5816 batches
[03:26:47]   +5 [partial_knowledge] ; total=6310 ; rate=23/min ; 1262/5816 batches
[03:26:57]   +5 [partial_knowledge] ; total=6315 ; rate=23/min ; 1263/5816 batches
[03:27:02]   +5 [partial_knowledge] ; total=6320 ; rate=23/min ; 1264/5816 batches
[03:27:07]   +5 [partial_knowledge] ; total=6325 ; rate=23/min ; 1265/5816 batches
[03:27:31]   +5 [partial_knowledge] ; total=6330 ; rate=23/min ; 1266/5816 batches
[03:27:52]   +5 [partial_knowledge] ; total=6335 ; rate=23/min ; 1267/5816 batches
[03:27:52]   +5 [partial_knowledge] ; total=6340 ; rate=23/min ; 1268/5816 batches
[03:27:53]   +5 [partial_knowledge] ; total=6345 ; rate=23/min ; 1269/5816 batches
[03:28:25]   +5 [partial_knowledge] ; total=6350 ; rate=23/min ; 1270/5816 batches
[03:28:40]   +5 [partial_knowledge] ; total=6355 ; rate=23/min ; 1271/5816 batches
[03:28:44]   +5 [partial_knowledge] ; total=6360 ; rate=23/min ; 1272/5816 batches
[03:28:52]   +5 [partial_knowledge] ; total=6365 ; rate=23/min ; 1273/5816 batches
[03:29:17]   +5 [partial_knowledge] ; total=6370 ; rate=23/min ; 1274/5816 batches
[03:29:30]   +5 [partial_knowledge] ; total=6375 ; rate=23/min ; 1275/5816 batches
[03:29:35]   +5 [partial_knowledge] ; total=6380 ; rate=23/min ; 1276/5816 batches
[03:29:53]   +5 [partial_knowledge] ; total=6385 ; rate=23/min ; 1277/5816 batches
[03:30:08]   +5 [partial_knowledge] ; total=6390 ; rate=23/min ; 1278/5816 batches
[03:30:19]   +5 [partial_knowledge] ; total=6395 ; rate=23/min ; 1279/5816 batches
[03:30:27]   +5 [partial_knowledge] ; total=6400 ; rate=23/min ; 1280/5816 batches
[03:30:44]   +5 [partial_knowledge] ; total=6405 ; rate=23/min ; 1281/5816 batches
[03:30:49]   +5 [partial_knowledge] ; total=6410 ; rate=23/min ; 1282/5816 batches
[03:31:16]   +5 [partial_knowledge] ; total=6415 ; rate=23/min ; 1283/5816 batches
[03:31:18]   +5 [partial_knowledge] ; total=6420 ; rate=23/min ; 1284/5816 batches
[03:31:31]   +5 [partial_knowledge] ; total=6425 ; rate=23/min ; 1285/5816 batches
[03:31:44]   +5 [partial_knowledge] ; total=6430 ; rate=23/min ; 1286/5816 batches
[03:32:08]   +5 [partial_knowledge] ; total=6435 ; rate=23/min ; 1287/5816 batches
[03:32:11]   +5 [partial_knowledge] ; total=6440 ; rate=23/min ; 1288/5816 batches
[03:32:22]   +5 [partial_knowledge] ; total=6445 ; rate=23/min ; 1289/5816 batches
[03:32:31]   +5 [partial_knowledge] ; total=6450 ; rate=23/min ; 1290/5816 batches
[03:33:01]   +5 [partial_knowledge] ; total=6455 ; rate=23/min ; 1291/5816 batches
[03:33:03]   +5 [partial_knowledge] ; total=6460 ; rate=23/min ; 1292/5816 batches
[03:33:13]   +5 [partial_knowledge] ; total=6465 ; rate=23/min ; 1293/5816 batches
[03:33:24]   +5 [partial_knowledge] ; total=6470 ; rate=23/min ; 1294/5816 batches
[03:33:50]   +5 [partial_knowledge] ; total=6475 ; rate=23/min ; 1295/5816 batches
[03:34:02]   +5 [partial_knowledge] ; total=6480 ; rate=23/min ; 1296/5816 batches
[03:34:14]   +5 [partial_knowledge] ; total=6485 ; rate=23/min ; 1297/5816 batches
[03:34:17]   +5 [partial_knowledge] ; total=6490 ; rate=23/min ; 1298/5816 batches
[03:34:43]   +5 [partial_knowledge] ; total=6495 ; rate=23/min ; 1299/5816 batches
[03:34:53]   +5 [partial_knowledge] ; total=6500 ; rate=23/min ; 1300/5816 batches
[03:35:06]   +5 [partial_knowledge] ; total=6505 ; rate=23/min ; 1301/5816 batches
[03:35:09]   +5 [partial_knowledge] ; total=6510 ; rate=23/min ; 1302/5816 batches
[03:35:28]   +5 [partial_knowledge] ; total=6515 ; rate=23/min ; 1303/5816 batches
[03:35:40]   +5 [partial_knowledge] ; total=6520 ; rate=23/min ; 1304/5816 batches
[03:35:57]   +5 [partial_knowledge] ; total=6525 ; rate=23/min ; 1305/5816 batches
[03:36:04]   +5 [partial_knowledge] ; total=6530 ; rate=23/min ; 1306/5816 batches
[03:36:21]   +5 [partial_knowledge] ; total=6535 ; rate=23/min ; 1307/5816 batches
[03:36:27]   +5 [partial_knowledge] ; total=6540 ; rate=23/min ; 1308/5816 batches
[03:36:44]   +5 [partial_knowledge] ; total=6545 ; rate=23/min ; 1309/5816 batches
[03:36:53]   +5 [partial_knowledge] ; total=6550 ; rate=23/min ; 1310/5816 batches
[03:37:14]   +5 [partial_knowledge] ; total=6555 ; rate=23/min ; 1311/5816 batches
[03:37:27]   +5 [partial_knowledge] ; total=6560 ; rate=23/min ; 1312/5816 batches
[03:37:35]   +5 [partial_knowledge] ; total=6565 ; rate=23/min ; 1313/5816 batches
[03:37:41]   +5 [partial_knowledge] ; total=6570 ; rate=23/min ; 1314/5816 batches
[03:38:07]   +5 [partial_knowledge] ; total=6575 ; rate=23/min ; 1315/5816 batches
[03:38:14]   +5 [partial_knowledge] ; total=6580 ; rate=23/min ; 1316/5816 batches
[03:38:33]   +5 [matter_file_grounded] ; total=6585 ; rate=23/min ; 1317/5816 batches
[03:38:41]   +5 [matter_file_grounded] ; total=6590 ; rate=23/min ; 1318/5816 batches
[03:39:23]   +5 [matter_file_grounded] ; total=6595 ; rate=23/min ; 1319/5816 batches
[03:39:24]   +5 [matter_file_grounded] ; total=6600 ; rate=23/min ; 1320/5816 batches
[03:39:35]   +5 [matter_file_grounded] ; total=6605 ; rate=23/min ; 1321/5816 batches
[03:39:51]   +5 [matter_file_grounded] ; total=6610 ; rate=23/min ; 1322/5816 batches
[03:40:26]   +5 [matter_file_grounded] ; total=6615 ; rate=23/min ; 1323/5816 batches
[03:40:26]   +5 [matter_file_grounded] ; total=6620 ; rate=23/min ; 1324/5816 batches
[03:40:43]   +5 [matter_file_grounded] ; total=6625 ; rate=23/min ; 1325/5816 batches
[03:40:52]   +5 [matter_file_grounded] ; total=6630 ; rate=23/min ; 1326/5816 batches
[03:41:25]   +5 [matter_file_grounded] ; total=6635 ; rate=23/min ; 1327/5816 batches
[03:41:26]   +5 [matter_file_grounded] ; total=6640 ; rate=23/min ; 1328/5816 batches
[03:41:46]   +5 [matter_file_grounded] ; total=6645 ; rate=23/min ; 1329/5816 batches
[03:41:48]   +5 [matter_file_grounded] ; total=6650 ; rate=23/min ; 1330/5816 batches
[03:42:35]   +5 [matter_file_grounded] ; total=6655 ; rate=23/min ; 1331/5816 batches
[03:42:35]   +5 [matter_file_grounded] ; total=6660 ; rate=23/min ; 1332/5816 batches
[03:42:48]   +5 [matter_file_grounded] ; total=6665 ; rate=23/min ; 1333/5816 batches
[03:42:52]   +5 [matter_file_grounded] ; total=6670 ; rate=23/min ; 1334/5816 batches
[03:43:38]   +5 [matter_file_grounded] ; total=6675 ; rate=23/min ; 1335/5816 batches
[03:43:43]   +5 [matter_file_grounded] ; total=6680 ; rate=23/min ; 1336/5816 batches
[03:43:58]   +5 [matter_file_grounded] ; total=6685 ; rate=23/min ; 1337/5816 batches
[03:43:59]   +5 [matter_file_grounded] ; total=6690 ; rate=23/min ; 1338/5816 batches
[03:44:41]   +5 [matter_file_grounded] ; total=6695 ; rate=23/min ; 1339/5816 batches
[03:44:57]   +5 [matter_file_grounded] ; total=6700 ; rate=23/min ; 1340/5816 batches
[03:45:01]   +5 [matter_file_grounded] ; total=6705 ; rate=23/min ; 1341/5816 batches
[03:45:14]   +5 [matter_file_grounded] ; total=6710 ; rate=23/min ; 1342/5816 batches
[03:45:40]   +5 [matter_file_grounded] ; total=6715 ; rate=23/min ; 1343/5816 batches
[03:46:07]   +5 [matter_file_grounded] ; total=6720 ; rate=23/min ; 1344/5816 batches
[03:46:15]   +5 [matter_file_grounded] ; total=6725 ; rate=23/min ; 1345/5816 batches
[03:46:19]   +5 [matter_file_grounded] ; total=6730 ; rate=23/min ; 1346/5816 batches
[03:46:45]   +5 [matter_file_grounded] ; total=6735 ; rate=23/min ; 1347/5816 batches
[03:47:15]   +5 [matter_file_grounded] ; total=6740 ; rate=23/min ; 1348/5816 batches
[03:47:23]   +5 [matter_file_grounded] ; total=6745 ; rate=23/min ; 1349/5816 batches
[03:47:41]   +5 [matter_file_grounded] ; total=6750 ; rate=23/min ; 1350/5816 batches
[03:47:54]   +5 [matter_file_grounded] ; total=6755 ; rate=23/min ; 1351/5816 batches
[03:48:20]   +5 [matter_file_grounded] ; total=6760 ; rate=23/min ; 1352/5816 batches
[03:48:25]   +5 [matter_file_grounded] ; total=6765 ; rate=23/min ; 1353/5816 batches
[03:48:46]   +5 [matter_file_grounded] ; total=6770 ; rate=23/min ; 1354/5816 batches
[03:48:55]   +5 [matter_file_grounded] ; total=6775 ; rate=23/min ; 1355/5816 batches
[03:49:23]   +5 [matter_file_grounded] ; total=6780 ; rate=23/min ; 1356/5816 batches
[03:49:24]   +5 [matter_file_grounded] ; total=6785 ; rate=23/min ; 1357/5816 batches
[03:49:50]   +5 [matter_file_grounded] ; total=6790 ; rate=23/min ; 1358/5816 batches
[03:49:58]   +5 [matter_file_grounded] ; total=6795 ; rate=23/min ; 1359/5816 batches
[03:50:27]   +5 [matter_file_grounded] ; total=6800 ; rate=23/min ; 1360/5816 batches
[03:50:43]   +5 [matter_file_grounded] ; total=6805 ; rate=23/min ; 1361/5816 batches
[03:50:46]   +5 [matter_file_grounded] ; total=6810 ; rate=23/min ; 1362/5816 batches
[03:51:00]   +5 [matter_file_grounded] ; total=6815 ; rate=23/min ; 1363/5816 batches
[03:51:32]   +5 [matter_file_grounded] ; total=6820 ; rate=23/min ; 1364/5816 batches
[03:51:47]   +5 [matter_file_grounded] ; total=6825 ; rate=23/min ; 1365/5816 batches
[03:51:55]   +5 [matter_file_grounded] ; total=6830 ; rate=23/min ; 1366/5816 batches
[03:52:13]   +5 [matter_file_grounded] ; total=6835 ; rate=23/min ; 1367/5816 batches
[03:52:37]   +5 [matter_file_grounded] ; total=6840 ; rate=23/min ; 1368/5816 batches
[03:52:48]   +5 [matter_file_grounded] ; total=6845 ; rate=23/min ; 1369/5816 batches
[03:52:57]   +5 [matter_file_grounded] ; total=6850 ; rate=23/min ; 1370/5816 batches
[03:53:16]   +5 [matter_file_grounded] ; total=6855 ; rate=23/min ; 1371/5816 batches
[03:53:44]   +5 [matter_file_grounded] ; total=6860 ; rate=23/min ; 1372/5816 batches
[03:53:56]   +5 [matter_file_grounded] ; total=6865 ; rate=23/min ; 1373/5816 batches
[03:53:58]   +5 [matter_file_grounded] ; total=6870 ; rate=23/min ; 1374/5816 batches
[03:54:14]   +5 [matter_file_grounded] ; total=6875 ; rate=23/min ; 1375/5816 batches
[03:54:52]   +5 [matter_file_grounded] ; total=6880 ; rate=23/min ; 1376/5816 batches
[03:55:00]   +5 [matter_file_grounded] ; total=6885 ; rate=23/min ; 1377/5816 batches
[03:55:01]   +5 [matter_file_grounded] ; total=6890 ; rate=23/min ; 1378/5816 batches
[03:55:15]   +5 [matter_file_grounded] ; total=6895 ; rate=23/min ; 1379/5816 batches
[03:56:00]   +5 [matter_file_grounded] ; total=6900 ; rate=23/min ; 1380/5816 batches
[03:56:03]   +5 [matter_file_grounded] ; total=6905 ; rate=23/min ; 1381/5816 batches
[03:56:06]   +5 [matter_file_grounded] ; total=6910 ; rate=23/min ; 1382/5816 batches
[03:56:20]   +5 [matter_file_grounded] ; total=6915 ; rate=23/min ; 1383/5816 batches
[03:57:07]   +5 [matter_file_grounded] ; total=6920 ; rate=23/min ; 1384/5816 batches
[03:57:09]   +5 [matter_file_grounded] ; total=6925 ; rate=23/min ; 1385/5816 batches
[03:57:14]   +5 [matter_file_grounded] ; total=6930 ; rate=23/min ; 1386/5816 batches
[03:57:35]   +5 [matter_file_grounded] ; total=6935 ; rate=23/min ; 1387/5816 batches
[03:58:17]   +5 [matter_file_grounded] ; total=6940 ; rate=23/min ; 1388/5816 batches
[03:58:17]   +5 [matter_file_grounded] ; total=6945 ; rate=23/min ; 1389/5816 batches
[03:58:23]   +5 [matter_file_grounded] ; total=6950 ; rate=23/min ; 1390/5816 batches
[03:58:39]   +5 [matter_file_grounded] ; total=6955 ; rate=23/min ; 1391/5816 batches
[03:59:15]   +5 [matter_file_grounded] ; total=6960 ; rate=23/min ; 1392/5816 batches
[03:59:20]   +5 [matter_file_grounded] ; total=6965 ; rate=23/min ; 1393/5816 batches
[03:59:41]   +5 [matter_file_grounded] ; total=6970 ; rate=23/min ; 1394/5816 batches
[03:59:49]   +5 [matter_file_grounded] ; total=6975 ; rate=23/min ; 1395/5816 batches
[04:00:20]   +5 [matter_file_grounded] ; total=6980 ; rate=23/min ; 1396/5816 batches
[04:00:34]   +5 [matter_file_grounded] ; total=6985 ; rate=23/min ; 1397/5816 batches
[04:00:49]   +5 [matter_file_grounded] ; total=6990 ; rate=23/min ; 1398/5816 batches
[04:00:54]   +5 [matter_file_grounded] ; total=6995 ; rate=23/min ; 1399/5816 batches
[04:01:36]   +5 [matter_file_grounded] ; total=7000 ; rate=23/min ; 1400/5816 batches
[04:01:51]   +5 [matter_file_grounded] ; total=7005 ; rate=23/min ; 1401/5816 batches
[04:01:55]   +5 [matter_file_grounded] ; total=7010 ; rate=23/min ; 1402/5816 batches
[04:01:56]   +5 [matter_file_grounded] ; total=7015 ; rate=23/min ; 1403/5816 batches
[04:02:40]   +5 [matter_file_grounded] ; total=7020 ; rate=23/min ; 1404/5816 batches
[04:02:56]   +5 [matter_file_grounded] ; total=7025 ; rate=23/min ; 1405/5816 batches
[04:03:03]   +5 [matter_file_grounded] ; total=7030 ; rate=23/min ; 1406/5816 batches
[04:03:06]   +5 [matter_file_grounded] ; total=7035 ; rate=23/min ; 1407/5816 batches
[04:03:46]   +5 [matter_file_grounded] ; total=7040 ; rate=23/min ; 1408/5816 batches
[04:03:50]   +5 [matter_file_grounded] ; total=7045 ; rate=23/min ; 1409/5816 batches
[04:04:14]   +5 [matter_file_grounded] ; total=7050 ; rate=23/min ; 1410/5816 batches
[04:04:16]   +5 [matter_file_grounded] ; total=7055 ; rate=23/min ; 1411/5816 batches
[04:04:41]   +5 [matter_file_grounded] ; total=7060 ; rate=23/min ; 1412/5816 batches
[04:04:58]   +5 [matter_file_grounded] ; total=7065 ; rate=23/min ; 1413/5816 batches
[04:05:20]   +5 [matter_file_grounded] ; total=7070 ; rate=23/min ; 1414/5816 batches
[04:05:27]   +5 [matter_file_grounded] ; total=7075 ; rate=23/min ; 1415/5816 batches
[04:05:51]   +5 [matter_file_grounded] ; total=7080 ; rate=23/min ; 1416/5816 batches
[04:06:04]   +5 [matter_file_grounded] ; total=7085 ; rate=23/min ; 1417/5816 batches
[04:06:27]   +5 [matter_file_grounded] ; total=7090 ; rate=23/min ; 1418/5816 batches
[04:06:29]   +5 [matter_file_grounded] ; total=7095 ; rate=23/min ; 1419/5816 batches
[04:07:03]   +5 [matter_file_grounded] ; total=7100 ; rate=23/min ; 1420/5816 batches
[04:07:09]   +5 [matter_file_grounded] ; total=7105 ; rate=23/min ; 1421/5816 batches
[04:07:34]   +5 [matter_file_grounded] ; total=7110 ; rate=23/min ; 1422/5816 batches
[04:07:34]   +5 [matter_file_grounded] ; total=7115 ; rate=23/min ; 1423/5816 batches
[04:08:04]   +5 [matter_file_grounded] ; total=7120 ; rate=23/min ; 1424/5816 batches
[04:08:09]   +5 [matter_file_grounded] ; total=7125 ; rate=23/min ; 1425/5816 batches
[04:08:32]   +5 [matter_file_grounded] ; total=7130 ; rate=23/min ; 1426/5816 batches
[04:08:39]   +5 [matter_file_grounded] ; total=7135 ; rate=23/min ; 1427/5816 batches
[04:09:10]   +5 [matter_file_grounded] ; total=7140 ; rate=23/min ; 1428/5816 batches
[04:09:11]   +5 [matter_file_grounded] ; total=7145 ; rate=23/min ; 1429/5816 batches
[04:09:33]   +5 [matter_file_grounded] ; total=7150 ; rate=23/min ; 1430/5816 batches
[04:09:42]   +5 [matter_file_grounded] ; total=7155 ; rate=23/min ; 1431/5816 batches
[04:10:11]   +5 [matter_file_grounded] ; total=7160 ; rate=23/min ; 1432/5816 batches
[04:10:22]   +5 [matter_file_grounded] ; total=7165 ; rate=23/min ; 1433/5816 batches
[04:10:38]   +5 [matter_file_grounded] ; total=7170 ; rate=23/min ; 1434/5816 batches
[04:10:41]   +5 [matter_file_grounded] ; total=7175 ; rate=23/min ; 1435/5816 batches
[04:11:21]   +5 [matter_file_grounded] ; total=7180 ; rate=23/min ; 1436/5816 batches
[04:11:29]   +5 [matter_file_grounded] ; total=7185 ; rate=23/min ; 1437/5816 batches
[04:11:42]   +5 [matter_file_grounded] ; total=7190 ; rate=23/min ; 1438/5816 batches
[04:11:46]   +5 [matter_file_grounded] ; total=7195 ; rate=23/min ; 1439/5816 batches
[04:12:23]   +5 [matter_file_grounded] ; total=7200 ; rate=22/min ; 1440/5816 batches
[04:12:34]   +5 [matter_file_grounded] ; total=7205 ; rate=22/min ; 1441/5816 batches
[04:12:46]   +5 [matter_file_grounded] ; total=7210 ; rate=22/min ; 1442/5816 batches
[04:12:50]   +5 [matter_file_grounded] ; total=7215 ; rate=23/min ; 1443/5816 batches
[04:13:29]   +5 [matter_file_grounded] ; total=7220 ; rate=22/min ; 1444/5816 batches
[04:13:37]   +5 [matter_file_grounded] ; total=7225 ; rate=22/min ; 1445/5816 batches
[04:13:49]   +5 [matter_file_grounded] ; total=7230 ; rate=22/min ; 1446/5816 batches
[04:13:53]   +5 [matter_file_grounded] ; total=7235 ; rate=22/min ; 1447/5816 batches
[04:14:39]   +5 [matter_file_grounded] ; total=7240 ; rate=22/min ; 1448/5816 batches
[04:14:40]   +5 [matter_file_grounded] ; total=7245 ; rate=22/min ; 1449/5816 batches
[04:14:55]   +5 [matter_file_grounded] ; total=7250 ; rate=22/min ; 1450/5816 batches
[04:14:57]   +5 [matter_file_grounded] ; total=7255 ; rate=22/min ; 1451/5816 batches
[04:15:41]   +5 [matter_file_grounded] ; total=7260 ; rate=22/min ; 1452/5816 batches
[04:15:50]   +5 [matter_file_grounded] ; total=7265 ; rate=22/min ; 1453/5816 batches
[04:15:55]   +5 [matter_file_grounded] ; total=7270 ; rate=22/min ; 1454/5816 batches
[04:16:01]   +5 [matter_file_grounded] ; total=7275 ; rate=22/min ; 1455/5816 batches
[04:16:42]   +5 [matter_file_grounded] ; total=7280 ; rate=22/min ; 1456/5816 batches
[04:16:56]   +5 [matter_file_grounded] ; total=7285 ; rate=22/min ; 1457/5816 batches
[04:17:00]   +5 [matter_file_grounded] ; total=7290 ; rate=22/min ; 1458/5816 batches
[04:17:00]   +5 [matter_file_grounded] ; total=7295 ; rate=22/min ; 1459/5816 batches
[04:17:40]   +5 [matter_file_grounded] ; total=7300 ; rate=22/min ; 1460/5816 batches
[04:18:07]   +5 [matter_file_grounded] ; total=7305 ; rate=22/min ; 1461/5816 batches
[04:18:12]   +5 [matter_file_grounded] ; total=7310 ; rate=22/min ; 1462/5816 batches
[04:18:13]   +5 [matter_file_grounded] ; total=7315 ; rate=22/min ; 1463/5816 batches
[04:18:46]   +5 [matter_file_grounded] ; total=7320 ; rate=22/min ; 1464/5816 batches
[04:19:22]   +5 [matter_file_grounded] ; total=7325 ; rate=22/min ; 1465/5816 batches
[04:19:26]   +5 [matter_file_grounded] ; total=7330 ; rate=22/min ; 1466/5816 batches
[04:19:27]   +5 [matter_file_grounded] ; total=7335 ; rate=22/min ; 1467/5816 batches
[04:20:13]   +5 [matter_file_grounded] ; total=7340 ; rate=22/min ; 1468/5816 batches
[04:20:42]   +5 [matter_file_grounded] ; total=7345 ; rate=22/min ; 1469/5816 batches
[04:20:46]   +5 [matter_file_grounded] ; total=7350 ; rate=22/min ; 1470/5816 batches
[04:20:53]   +5 [matter_file_grounded] ; total=7355 ; rate=22/min ; 1471/5816 batches
[04:21:37]   +5 [matter_file_grounded] ; total=7360 ; rate=22/min ; 1472/5816 batches
[04:21:57]   +5 [matter_file_grounded] ; total=7365 ; rate=22/min ; 1473/5816 batches
[04:22:08]   +5 [matter_file_grounded] ; total=7370 ; rate=22/min ; 1474/5816 batches
[04:22:17]   +5 [matter_file_grounded] ; total=7375 ; rate=22/min ; 1475/5816 batches
[04:23:06]   +5 [matter_file_grounded] ; total=7380 ; rate=22/min ; 1476/5816 batches
[04:23:26]   +5 [matter_file_grounded] ; total=7385 ; rate=22/min ; 1477/5816 batches
[04:23:38]   +5 [matter_file_grounded] ; total=7390 ; rate=22/min ; 1478/5816 batches
[04:23:43]   +5 [matter_file_grounded] ; total=7395 ; rate=22/min ; 1479/5816 batches
[04:24:27]   +5 [matter_file_grounded] ; total=7400 ; rate=22/min ; 1480/5816 batches
[04:24:56]   +5 [matter_file_grounded] ; total=7405 ; rate=22/min ; 1481/5816 batches
[04:24:58]   +5 [matter_file_grounded] ; total=7410 ; rate=22/min ; 1482/5816 batches
[04:25:04]   +5 [matter_file_grounded] ; total=7415 ; rate=22/min ; 1483/5816 batches
[04:25:48]   +5 [matter_file_grounded] ; total=7420 ; rate=22/min ; 1484/5816 batches
[04:26:16]   +5 [matter_file_grounded] ; total=7425 ; rate=22/min ; 1485/5816 batches
[04:26:16]   +5 [matter_file_grounded] ; total=7430 ; rate=22/min ; 1486/5816 batches
[04:26:20]   +5 [matter_file_grounded] ; total=7435 ; rate=22/min ; 1487/5816 batches
[04:27:06]   +5 [matter_file_grounded] ; total=7440 ; rate=22/min ; 1488/5816 batches
[04:27:29]   +5 [matter_file_grounded] ; total=7445 ; rate=22/min ; 1489/5816 batches
[04:27:43]   +5 [matter_file_grounded] ; total=7450 ; rate=22/min ; 1490/5816 batches
[04:27:54]   +5 [matter_file_grounded] ; total=7455 ; rate=22/min ; 1491/5816 batches
[04:28:24]   +5 [matter_file_grounded] ; total=7460 ; rate=22/min ; 1492/5816 batches
[04:28:43]   +5 [matter_file_grounded] ; total=7465 ; rate=22/min ; 1493/5816 batches
[04:28:56]   +5 [matter_file_grounded] ; total=7470 ; rate=22/min ; 1494/5816 batches
[04:29:07]   +5 [matter_file_grounded] ; total=7475 ; rate=22/min ; 1495/5816 batches
[04:29:41]   +5 [matter_file_grounded] ; total=7480 ; rate=22/min ; 1496/5816 batches
[04:29:53]   +5 [matter_file_grounded] ; total=7485 ; rate=22/min ; 1497/5816 batches
[04:30:05]   +5 [matter_file_grounded] ; total=7490 ; rate=22/min ; 1498/5816 batches
[04:30:19]   +5 [matter_file_grounded] ; total=7495 ; rate=22/min ; 1499/5816 batches
[04:30:42]   +5 [matter_file_grounded] ; total=7500 ; rate=22/min ; 1500/5816 batches
[04:31:03]   +5 [matter_file_grounded] ; total=7505 ; rate=22/min ; 1501/5816 batches
[04:31:10]   +5 [matter_file_grounded] ; total=7510 ; rate=22/min ; 1502/5816 batches
[04:31:16]   +5 [matter_file_grounded] ; total=7515 ; rate=22/min ; 1503/5816 batches
[04:31:45]   +5 [matter_file_grounded] ; total=7520 ; rate=22/min ; 1504/5816 batches
[04:32:09]   +5 [matter_file_grounded] ; total=7525 ; rate=22/min ; 1505/5816 batches
[04:32:14]   +5 [matter_file_grounded] ; total=7530 ; rate=22/min ; 1506/5816 batches
[04:32:29]   +5 [matter_file_grounded] ; total=7535 ; rate=22/min ; 1507/5816 batches
[04:32:57]   +5 [matter_file_grounded] ; total=7540 ; rate=22/min ; 1508/5816 batches
[04:33:21]   +5 [matter_file_grounded] ; total=7545 ; rate=22/min ; 1509/5816 batches
[04:33:22]   +5 [matter_file_grounded] ; total=7550 ; rate=22/min ; 1510/5816 batches
[04:33:41]   +5 [matter_file_grounded] ; total=7555 ; rate=22/min ; 1511/5816 batches
[04:34:00]   +5 [matter_file_grounded] ; total=7560 ; rate=22/min ; 1512/5816 batches
[04:34:30]   +5 [matter_file_grounded] ; total=7565 ; rate=22/min ; 1513/5816 batches
[04:34:45]   +5 [matter_file_grounded] ; total=7570 ; rate=22/min ; 1514/5816 batches
[04:34:48]   +5 [matter_file_grounded] ; total=7575 ; rate=22/min ; 1515/5816 batches
[04:35:11]   +5 [matter_file_grounded] ; total=7580 ; rate=22/min ; 1516/5816 batches
[04:35:33]   +5 [matter_file_grounded] ; total=7585 ; rate=22/min ; 1517/5816 batches
[04:35:47]   +5 [matter_file_grounded] ; total=7590 ; rate=22/min ; 1518/5816 batches
[04:35:58]   +5 [matter_file_grounded] ; total=7595 ; rate=22/min ; 1519/5816 batches
[04:36:21]   +5 [matter_file_grounded] ; total=7600 ; rate=22/min ; 1520/5816 batches
[04:36:45]   +5 [matter_file_grounded] ; total=7605 ; rate=22/min ; 1521/5816 batches
[04:36:50]   +5 [matter_file_grounded] ; total=7610 ; rate=22/min ; 1522/5816 batches
[04:37:04]   +5 [matter_file_grounded] ; total=7615 ; rate=22/min ; 1523/5816 batches
[04:37:25]   +5 [matter_file_grounded] ; total=7620 ; rate=22/min ; 1524/5816 batches
[04:37:45]   +5 [matter_file_grounded] ; total=7625 ; rate=22/min ; 1525/5816 batches
[04:37:54]   +5 [matter_file_grounded] ; total=7630 ; rate=22/min ; 1526/5816 batches
[04:38:10]   +5 [matter_file_grounded] ; total=7635 ; rate=22/min ; 1527/5816 batches
[04:38:31]   +5 [matter_file_grounded] ; total=7640 ; rate=22/min ; 1528/5816 batches
[04:38:49]   +5 [matter_file_grounded] ; total=7645 ; rate=22/min ; 1529/5816 batches
[04:38:54]   +5 [matter_file_grounded] ; total=7650 ; rate=22/min ; 1530/5816 batches
[04:39:03]   +5 [matter_file_grounded] ; total=7655 ; rate=22/min ; 1531/5816 batches
[04:39:40]   +5 [matter_file_grounded] ; total=7660 ; rate=22/min ; 1532/5816 batches
[04:39:47]   +5 [matter_file_grounded] ; total=7665 ; rate=22/min ; 1533/5816 batches
[04:39:47]   +5 [matter_file_grounded] ; total=7670 ; rate=22/min ; 1534/5816 batches
[04:40:07]   +5 [matter_file_grounded] ; total=7675 ; rate=22/min ; 1535/5816 batches
[04:40:47]   +5 [matter_file_grounded] ; total=7680 ; rate=22/min ; 1536/5816 batches
[04:40:48]   +5 [matter_file_grounded] ; total=7685 ; rate=22/min ; 1537/5816 batches
[04:40:49]   +5 [matter_file_grounded] ; total=7690 ; rate=22/min ; 1538/5816 batches
[04:41:01]   +5 [matter_file_grounded] ; total=7695 ; rate=22/min ; 1539/5816 batches
[04:41:44]   +5 [matter_file_grounded] ; total=7700 ; rate=22/min ; 1540/5816 batches
[04:41:48]   +5 [matter_file_grounded] ; total=7705 ; rate=22/min ; 1541/5816 batches
[04:42:02]   +5 [matter_file_grounded] ; total=7710 ; rate=22/min ; 1542/5816 batches
[04:42:05]   +5 [matter_file_grounded] ; total=7715 ; rate=22/min ; 1543/5816 batches
[04:42:45]   +5 [matter_file_grounded] ; total=7720 ; rate=22/min ; 1544/5816 batches
[04:42:47]   +5 [matter_file_grounded] ; total=7725 ; rate=22/min ; 1545/5816 batches
[04:43:02]   +5 [matter_file_grounded] ; total=7730 ; rate=22/min ; 1546/5816 batches
[04:43:03]   +5 [matter_file_grounded] ; total=7735 ; rate=22/min ; 1547/5816 batches
[04:43:45]   +5 [matter_file_grounded] ; total=7740 ; rate=22/min ; 1548/5816 batches
[04:43:57]   +5 [matter_file_grounded] ; total=7745 ; rate=22/min ; 1549/5816 batches
[04:44:00]   +5 [matter_file_grounded] ; total=7750 ; rate=22/min ; 1550/5816 batches
[04:44:11]   +5 [matter_file_grounded] ; total=7755 ; rate=22/min ; 1551/5816 batches
[04:44:47]   +5 [matter_file_grounded] ; total=7760 ; rate=22/min ; 1552/5816 batches
[04:45:00]   +5 [matter_file_grounded] ; total=7765 ; rate=22/min ; 1553/5816 batches
[04:45:06]   +5 [matter_file_grounded] ; total=7770 ; rate=22/min ; 1554/5816 batches
[04:45:07]   +5 [matter_file_grounded] ; total=7775 ; rate=22/min ; 1555/5816 batches
[04:45:47]   +5 [matter_file_grounded] ; total=7780 ; rate=22/min ; 1556/5816 batches
[04:45:59]   +5 [matter_file_grounded] ; total=7785 ; rate=22/min ; 1557/5816 batches
[04:46:08]   +5 [matter_file_grounded] ; total=7790 ; rate=22/min ; 1558/5816 batches
[04:46:10]   +5 [matter_file_grounded] ; total=7795 ; rate=22/min ; 1559/5816 batches
[04:46:50]   +5 [matter_file_grounded] ; total=7800 ; rate=22/min ; 1560/5816 batches
[04:46:54]   +5 [matter_file_grounded] ; total=7805 ; rate=22/min ; 1561/5816 batches
[04:47:00]   +5 [matter_file_grounded] ; total=7810 ; rate=22/min ; 1562/5816 batches
[04:47:11]   +5 [matter_file_grounded] ; total=7815 ; rate=22/min ; 1563/5816 batches
[04:47:54]   +5 [matter_file_grounded] ; total=7820 ; rate=22/min ; 1564/5816 batches
[04:47:58]   +5 [matter_file_grounded] ; total=7825 ; rate=22/min ; 1565/5816 batches
[04:48:05]   +5 [matter_file_grounded] ; total=7830 ; rate=22/min ; 1566/5816 batches
[04:48:13]   +5 [matter_file_grounded] ; total=7835 ; rate=22/min ; 1567/5816 batches
[04:48:54]   +5 [matter_file_grounded] ; total=7840 ; rate=22/min ; 1568/5816 batches
[04:48:58]   +5 [matter_file_grounded] ; total=7845 ; rate=22/min ; 1569/5816 batches
[04:49:04]   +5 [matter_file_grounded] ; total=7850 ; rate=22/min ; 1570/5816 batches
[04:49:19]   +5 [matter_file_grounded] ; total=7855 ; rate=22/min ; 1571/5816 batches
[04:49:56]   +5 [matter_file_grounded] ; total=7860 ; rate=22/min ; 1572/5816 batches
[04:50:03]   +5 [matter_file_grounded] ; total=7865 ; rate=22/min ; 1573/5816 batches
[04:50:05]   +5 [matter_file_grounded] ; total=7870 ; rate=22/min ; 1574/5816 batches
[04:50:22]   +5 [matter_file_grounded] ; total=7875 ; rate=22/min ; 1575/5816 batches
[04:50:59]   +5 [matter_file_grounded] ; total=7880 ; rate=22/min ; 1576/5816 batches
[04:51:07]   +5 [matter_file_grounded] ; total=7885 ; rate=22/min ; 1577/5816 batches
[04:51:09]   +5 [matter_file_grounded] ; total=7890 ; rate=22/min ; 1578/5816 batches
[04:51:27]   +5 [matter_file_grounded] ; total=7895 ; rate=22/min ; 1579/5816 batches
[04:52:00]   +5 [matter_file_grounded] ; total=7900 ; rate=22/min ; 1580/5816 batches
[04:52:09]   +5 [matter_file_grounded] ; total=7905 ; rate=22/min ; 1581/5816 batches
[04:52:17]   +5 [matter_file_grounded] ; total=7910 ; rate=22/min ; 1582/5816 batches
[04:52:25]   +5 [matter_file_grounded] ; total=7915 ; rate=22/min ; 1583/5816 batches
[04:52:57]   +5 [matter_file_grounded] ; total=7920 ; rate=22/min ; 1584/5816 batches
[04:53:13]   +5 [matter_file_grounded] ; total=7925 ; rate=22/min ; 1585/5816 batches
[04:53:21]   +5 [matter_file_grounded] ; total=7930 ; rate=22/min ; 1586/5816 batches
[04:53:26]   +5 [matter_file_grounded] ; total=7935 ; rate=22/min ; 1587/5816 batches
[04:54:01]   +5 [matter_file_grounded] ; total=7940 ; rate=22/min ; 1588/5816 batches
[04:54:17]   +5 [matter_file_grounded] ; total=7945 ; rate=22/min ; 1589/5816 batches
[04:54:18]   +5 [matter_file_grounded] ; total=7950 ; rate=22/min ; 1590/5816 batches
[04:54:19]   +5 [matter_file_grounded] ; total=7955 ; rate=22/min ; 1591/5816 batches
[04:55:05]   +5 [matter_file_grounded] ; total=7960 ; rate=22/min ; 1592/5816 batches
[04:55:11]   +5 [matter_file_grounded] ; total=7965 ; rate=22/min ; 1593/5816 batches
[04:55:15]   +5 [matter_file_grounded] ; total=7970 ; rate=22/min ; 1594/5816 batches
[04:55:16]   +5 [matter_file_grounded] ; total=7975 ; rate=22/min ; 1595/5816 batches
[04:56:09]   +5 [matter_file_grounded] ; total=7980 ; rate=22/min ; 1596/5816 batches
[04:56:12]   +5 [matter_file_grounded] ; total=7985 ; rate=22/min ; 1597/5816 batches
[04:56:13]   +5 [matter_file_grounded] ; total=7990 ; rate=22/min ; 1598/5816 batches
[04:56:19]   +5 [matter_file_grounded] ; total=7995 ; rate=22/min ; 1599/5816 batches
[04:57:06]   +5 [matter_file_grounded] ; total=8000 ; rate=22/min ; 1600/5816 batches
[04:57:08]   +5 [matter_file_grounded] ; total=8005 ; rate=22/min ; 1601/5816 batches
[04:57:11]   +5 [matter_file_grounded] ; total=8010 ; rate=22/min ; 1602/5816 batches
[04:57:22]   +5 [matter_file_grounded] ; total=8015 ; rate=22/min ; 1603/5816 batches
[04:58:08]   +5 [matter_file_grounded] ; total=8020 ; rate=22/min ; 1604/5816 batches
[04:58:12]   +5 [matter_file_grounded] ; total=8025 ; rate=22/min ; 1605/5816 batches
[04:58:13]   +5 [matter_file_grounded] ; total=8030 ; rate=22/min ; 1606/5816 batches
[04:58:15]   +5 [matter_file_grounded] ; total=8035 ; rate=22/min ; 1607/5816 batches
[04:59:06]   +5 [matter_file_grounded] ; total=8040 ; rate=22/min ; 1608/5816 batches
[04:59:12]   +5 [matter_file_grounded] ; total=8045 ; rate=22/min ; 1609/5816 batches
[04:59:15]   +5 [matter_file_grounded] ; total=8050 ; rate=22/min ; 1610/5816 batches
[04:59:15]   +5 [matter_file_grounded] ; total=8055 ; rate=22/min ; 1611/5816 batches
[05:00:02]   +5 [matter_file_grounded] ; total=8060 ; rate=22/min ; 1612/5816 batches
[05:00:08]   +5 [matter_file_grounded] ; total=8065 ; rate=22/min ; 1613/5816 batches
[05:00:14]   +5 [matter_file_grounded] ; total=8070 ; rate=22/min ; 1614/5816 batches
[05:00:22]   +5 [matter_file_grounded] ; total=8075 ; rate=22/min ; 1615/5816 batches
[05:01:07]   +5 [matter_file_grounded] ; total=8080 ; rate=22/min ; 1616/5816 batches
[05:01:08]   +5 [matter_file_grounded] ; total=8085 ; rate=22/min ; 1617/5816 batches
[05:01:18]   +5 [matter_file_grounded] ; total=8090 ; rate=22/min ; 1618/5816 batches
[05:01:27]   +5 [matter_file_grounded] ; total=8095 ; rate=22/min ; 1619/5816 batches
[05:02:06]   +5 [matter_file_grounded] ; total=8100 ; rate=22/min ; 1620/5816 batches
[05:02:16]   +5 [matter_file_grounded] ; total=8105 ; rate=22/min ; 1621/5816 batches
[05:02:18]   +5 [matter_file_grounded] ; total=8110 ; rate=22/min ; 1622/5816 batches
[05:02:33]   +5 [matter_file_grounded] ; total=8115 ; rate=22/min ; 1623/5816 batches
[05:03:16]   +5 [matter_file_grounded] ; total=8120 ; rate=22/min ; 1624/5816 batches
[05:03:19]   +5 [matter_file_grounded] ; total=8125 ; rate=22/min ; 1625/5816 batches
[05:03:25]   +5 [matter_file_grounded] ; total=8130 ; rate=22/min ; 1626/5816 batches
[05:03:29]   +5 [matter_file_grounded] ; total=8135 ; rate=22/min ; 1627/5816 batches
[05:04:16]   +5 [matter_file_grounded] ; total=8140 ; rate=22/min ; 1628/5816 batches
[05:04:21]   +5 [matter_file_grounded] ; total=8145 ; rate=22/min ; 1629/5816 batches
[05:04:27]   +5 [matter_file_grounded] ; total=8150 ; rate=22/min ; 1630/5816 batches
[05:04:28]   +5 [matter_file_grounded] ; total=8155 ; rate=22/min ; 1631/5816 batches
[05:05:16]   +5 [matter_file_grounded] ; total=8160 ; rate=22/min ; 1632/5816 batches
[05:05:20]   +5 [matter_file_grounded] ; total=8165 ; rate=22/min ; 1633/5816 batches
[05:05:35]   +5 [matter_file_grounded] ; total=8170 ; rate=22/min ; 1634/5816 batches
[05:05:42]   +5 [matter_file_grounded] ; total=8175 ; rate=22/min ; 1635/5816 batches
[05:06:19]   +5 [matter_file_grounded] ; total=8180 ; rate=22/min ; 1636/5816 batches
[05:06:22]   +5 [matter_file_grounded] ; total=8185 ; rate=22/min ; 1637/5816 batches
[05:06:35]   +5 [matter_file_grounded] ; total=8190 ; rate=22/min ; 1638/5816 batches
[05:06:46]   +5 [matter_file_grounded] ; total=8195 ; rate=22/min ; 1639/5816 batches
[05:07:18]   +5 [matter_file_grounded] ; total=8200 ; rate=22/min ; 1640/5816 batches
[05:07:24]   +5 [matter_file_grounded] ; total=8205 ; rate=22/min ; 1641/5816 batches
[05:07:37]   +5 [matter_file_grounded] ; total=8210 ; rate=22/min ; 1642/5816 batches
[05:07:45]   +5 [matter_file_grounded] ; total=8215 ; rate=22/min ; 1643/5816 batches
[05:08:23]   +5 [matter_file_grounded] ; total=8220 ; rate=22/min ; 1644/5816 batches
[05:08:33]   +5 [matter_file_grounded] ; total=8225 ; rate=22/min ; 1645/5816 batches
[05:08:35]   +5 [matter_file_grounded] ; total=8230 ; rate=22/min ; 1646/5816 batches
[05:08:51]   +5 [matter_file_grounded] ; total=8235 ; rate=22/min ; 1647/5816 batches
[05:09:25]   +5 [matter_file_grounded] ; total=8240 ; rate=22/min ; 1648/5816 batches
[05:09:38]   +5 [matter_file_grounded] ; total=8245 ; rate=22/min ; 1649/5816 batches
[05:09:39]   +5 [matter_file_grounded] ; total=8250 ; rate=22/min ; 1650/5816 batches
[05:09:50]   +5 [matter_file_grounded] ; total=8255 ; rate=22/min ; 1651/5816 batches
[05:10:36]   +5 [matter_file_grounded] ; total=8260 ; rate=22/min ; 1652/5816 batches
[05:10:39]   +5 [matter_file_grounded] ; total=8265 ; rate=22/min ; 1653/5816 batches
[05:10:41]   +5 [matter_file_grounded] ; total=8270 ; rate=22/min ; 1654/5816 batches
[05:10:56]   +5 [matter_file_grounded] ; total=8275 ; rate=22/min ; 1655/5816 batches
[05:11:37]   +5 [matter_file_grounded] ; total=8280 ; rate=22/min ; 1656/5816 batches
[05:11:42]   +5 [matter_file_grounded] ; total=8285 ; rate=22/min ; 1657/5816 batches
[05:11:49]   +5 [matter_file_grounded] ; total=8290 ; rate=22/min ; 1658/5816 batches
[05:11:54]   +5 [matter_file_grounded] ; total=8295 ; rate=22/min ; 1659/5816 batches
[05:12:39]   +5 [matter_file_grounded] ; total=8300 ; rate=22/min ; 1660/5816 batches
[05:12:45]   +5 [matter_file_grounded] ; total=8305 ; rate=22/min ; 1661/5816 batches
[05:12:48]   +5 [matter_file_grounded] ; total=8310 ; rate=22/min ; 1662/5816 batches
[05:13:07]   +5 [matter_file_grounded] ; total=8315 ; rate=22/min ; 1663/5816 batches
[05:13:41]   +5 [matter_file_grounded] ; total=8320 ; rate=22/min ; 1664/5816 batches
[05:13:46]   +5 [matter_file_grounded] ; total=8325 ; rate=22/min ; 1665/5816 batches
[05:13:48]   +5 [matter_file_grounded] ; total=8330 ; rate=22/min ; 1666/5816 batches
[05:14:17]   +5 [matter_file_grounded] ; total=8335 ; rate=22/min ; 1667/5816 batches
[05:14:43]   +5 [matter_file_grounded] ; total=8340 ; rate=22/min ; 1668/5816 batches
[05:14:44]   +5 [matter_file_grounded] ; total=8345 ; rate=22/min ; 1669/5816 batches
[05:14:57]   +5 [matter_file_grounded] ; total=8350 ; rate=22/min ; 1670/5816 batches
[05:15:18]   +5 [matter_file_grounded] ; total=8355 ; rate=22/min ; 1671/5816 batches
[05:15:40]   +5 [matter_file_grounded] ; total=8360 ; rate=22/min ; 1672/5816 batches
[05:15:48]   +5 [matter_file_grounded] ; total=8365 ; rate=22/min ; 1673/5816 batches
[05:15:50]   +5 [matter_file_grounded] ; total=8370 ; rate=22/min ; 1674/5816 batches
[05:16:16]   +5 [matter_file_grounded] ; total=8375 ; rate=22/min ; 1675/5816 batches
[05:16:43]   +5 [matter_file_grounded] ; total=8380 ; rate=22/min ; 1676/5816 batches
[05:16:45]   +5 [matter_file_grounded] ; total=8385 ; rate=22/min ; 1677/5816 batches
[05:16:58]   +5 [matter_file_grounded] ; total=8390 ; rate=22/min ; 1678/5816 batches
[05:17:17]   +5 [matter_file_grounded] ; total=8395 ; rate=22/min ; 1679/5816 batches
[05:17:40]   +5 [matter_file_grounded] ; total=8400 ; rate=22/min ; 1680/5816 batches
[05:17:44]   +5 [matter_file_grounded] ; total=8405 ; rate=22/min ; 1681/5816 batches
[05:17:58]   +5 [matter_file_grounded] ; total=8410 ; rate=22/min ; 1682/5816 batches
[05:18:20]   +5 [matter_file_grounded] ; total=8415 ; rate=22/min ; 1683/5816 batches
[05:18:43]   +5 [matter_file_grounded] ; total=8420 ; rate=22/min ; 1684/5816 batches
[05:18:46]   +5 [matter_file_grounded] ; total=8425 ; rate=22/min ; 1685/5816 batches
[05:18:57]   +5 [matter_file_grounded] ; total=8430 ; rate=22/min ; 1686/5816 batches
[05:19:25]   +5 [matter_file_grounded] ; total=8435 ; rate=22/min ; 1687/5816 batches
[05:19:45]   +5 [matter_file_grounded] ; total=8440 ; rate=22/min ; 1688/5816 batches
[05:19:47]   +5 [matter_file_grounded] ; total=8445 ; rate=22/min ; 1689/5816 batches
[05:19:55]   +5 [matter_file_grounded] ; total=8450 ; rate=22/min ; 1690/5816 batches
[05:20:26]   +5 [matter_file_grounded] ; total=8455 ; rate=22/min ; 1691/5816 batches
[05:20:44]   +5 [matter_file_grounded] ; total=8460 ; rate=22/min ; 1692/5816 batches
[05:20:49]   +5 [matter_file_grounded] ; total=8465 ; rate=22/min ; 1693/5816 batches
[05:20:50]   +5 [matter_file_grounded] ; total=8470 ; rate=22/min ; 1694/5816 batches
[05:21:31]   +5 [matter_file_grounded] ; total=8475 ; rate=22/min ; 1695/5816 batches
[05:21:46]   +5 [matter_file_grounded] ; total=8480 ; rate=22/min ; 1696/5816 batches
[05:21:49]   +5 [matter_file_grounded] ; total=8485 ; rate=22/min ; 1697/5816 batches
[05:21:52]   +5 [matter_file_grounded] ; total=8490 ; rate=22/min ; 1698/5816 batches
[05:22:37]   +5 [matter_file_grounded] ; total=8495 ; rate=22/min ; 1699/5816 batches
[05:22:47]   +5 [matter_file_grounded] ; total=8500 ; rate=22/min ; 1700/5816 batches
[05:22:49]   +5 [matter_file_grounded] ; total=8505 ; rate=22/min ; 1701/5816 batches
[05:22:54]   +5 [matter_file_grounded] ; total=8510 ; rate=22/min ; 1702/5816 batches
[05:23:32]   +5 [matter_file_grounded] ; total=8515 ; rate=22/min ; 1703/5816 batches
[05:23:47]   +5 [matter_file_grounded] ; total=8520 ; rate=22/min ; 1704/5816 batches
[05:23:51]   +5 [matter_file_grounded] ; total=8525 ; rate=22/min ; 1705/5816 batches
[05:23:51]   +5 [matter_file_grounded] ; total=8530 ; rate=22/min ; 1706/5816 batches
[05:24:29]   +5 [matter_file_grounded] ; total=8535 ; rate=22/min ; 1707/5816 batches
[05:24:47]   +5 [matter_file_grounded] ; total=8540 ; rate=22/min ; 1708/5816 batches
[05:24:48]   +5 [matter_file_grounded] ; total=8545 ; rate=22/min ; 1709/5816 batches
[05:24:58]   +5 [matter_file_grounded] ; total=8550 ; rate=22/min ; 1710/5816 batches
[05:25:26]   +5 [matter_file_grounded] ; total=8555 ; rate=22/min ; 1711/5816 batches
[05:25:43]   +5 [matter_file_grounded] ; total=8560 ; rate=22/min ; 1712/5816 batches
[05:25:50]   +5 [matter_file_grounded] ; total=8565 ; rate=22/min ; 1713/5816 batches
[05:26:03]   +5 [matter_file_grounded] ; total=8570 ; rate=22/min ; 1714/5816 batches
[05:26:35]   +5 [matter_file_grounded] ; total=8575 ; rate=22/min ; 1715/5816 batches
[05:26:45]   +5 [matter_file_grounded] ; total=8580 ; rate=22/min ; 1716/5816 batches
[05:26:59]   +5 [matter_file_grounded] ; total=8585 ; rate=22/min ; 1717/5816 batches
[05:27:04]   +5 [matter_file_grounded] ; total=8590 ; rate=22/min ; 1718/5816 batches
[05:27:38]   +5 [matter_file_grounded] ; total=8595 ; rate=22/min ; 1719/5816 batches
[05:27:41]   +5 [matter_file_grounded] ; total=8600 ; rate=22/min ; 1720/5816 batches
[05:27:59]   +5 [matter_file_grounded] ; total=8605 ; rate=22/min ; 1721/5816 batches
[05:28:07]   +5 [matter_file_grounded] ; total=8610 ; rate=22/min ; 1722/5816 batches
[05:28:41]   +5 [matter_file_grounded] ; total=8615 ; rate=22/min ; 1723/5816 batches
[05:28:49]   +5 [matter_file_grounded] ; total=8620 ; rate=22/min ; 1724/5816 batches
[05:29:06]   +5 [matter_file_grounded] ; total=8625 ; rate=22/min ; 1725/5816 batches
[05:29:08]   +5 [matter_file_grounded] ; total=8630 ; rate=22/min ; 1726/5816 batches
[05:29:40]   +5 [matter_file_grounded] ; total=8635 ; rate=22/min ; 1727/5816 batches
[05:29:50]   +5 [matter_file_grounded] ; total=8640 ; rate=22/min ; 1728/5816 batches
[05:30:01]   +5 [matter_file_grounded] ; total=8645 ; rate=22/min ; 1729/5816 batches
[05:30:15]   +5 [matter_file_grounded] ; total=8650 ; rate=22/min ; 1730/5816 batches
[05:30:37]   +5 [matter_file_grounded] ; total=8655 ; rate=22/min ; 1731/5816 batches
[05:30:43]   +5 [matter_file_grounded] ; total=8660 ; rate=22/min ; 1732/5816 batches
[05:31:00]   +5 [matter_file_grounded] ; total=8665 ; rate=22/min ; 1733/5816 batches
[05:31:13]   +5 [matter_file_grounded] ; total=8670 ; rate=22/min ; 1734/5816 batches
[05:31:45]   +5 [matter_file_grounded] ; total=8675 ; rate=22/min ; 1735/5816 batches
[05:31:45]   +5 [matter_file_grounded] ; total=8680 ; rate=22/min ; 1736/5816 batches
[05:31:58]   +5 [matter_file_grounded] ; total=8685 ; rate=22/min ; 1737/5816 batches
[05:32:16]   +5 [matter_file_grounded] ; total=8690 ; rate=22/min ; 1738/5816 batches
[05:32:41]   +5 [matter_file_grounded] ; total=8695 ; rate=22/min ; 1739/5816 batches
[05:32:43]   +5 [matter_file_grounded] ; total=8700 ; rate=22/min ; 1740/5816 batches
[05:33:02]   +5 [matter_file_grounded] ; total=8705 ; rate=22/min ; 1741/5816 batches
[05:33:09]   +5 [matter_file_grounded] ; total=8710 ; rate=22/min ; 1742/5816 batches
[05:33:40]   +5 [matter_file_grounded] ; total=8715 ; rate=22/min ; 1743/5816 batches
[05:33:41]   +5 [matter_file_grounded] ; total=8720 ; rate=22/min ; 1744/5816 batches
[05:34:03]   +5 [matter_file_grounded] ; total=8725 ; rate=22/min ; 1745/5816 batches
[05:34:10]   +5 [matter_file_grounded] ; total=8730 ; rate=22/min ; 1746/5816 batches
[05:34:42]   +5 [matter_file_grounded] ; total=8735 ; rate=22/min ; 1747/5816 batches
[05:34:48]   +5 [matter_file_grounded] ; total=8740 ; rate=22/min ; 1748/5816 batches
[05:34:57]   +5 [matter_file_grounded] ; total=8745 ; rate=22/min ; 1749/5816 batches
[05:35:06]   +5 [matter_file_grounded] ; total=8750 ; rate=22/min ; 1750/5816 batches
[05:35:45]   +5 [matter_file_grounded] ; total=8755 ; rate=22/min ; 1751/5816 batches
[05:35:49]   +5 [matter_file_grounded] ; total=8760 ; rate=22/min ; 1752/5816 batches
[05:35:58]   +5 [matter_file_grounded] ; total=8765 ; rate=22/min ; 1753/5816 batches
[05:36:02]   +5 [matter_file_grounded] ; total=8770 ; rate=22/min ; 1754/5816 batches
[05:36:50]   +5 [matter_file_grounded] ; total=8775 ; rate=22/min ; 1755/5816 batches
[05:36:51]   +5 [matter_file_grounded] ; total=8780 ; rate=22/min ; 1756/5816 batches
[05:37:00]   +5 [matter_file_grounded] ; total=8785 ; rate=22/min ; 1757/5816 batches
[05:37:04]   +5 [matter_file_grounded] ; total=8790 ; rate=22/min ; 1758/5816 batches
[05:37:43]   +5 [matter_file_grounded] ; total=8795 ; rate=22/min ; 1759/5816 batches
[05:37:51]   +5 [matter_file_grounded] ; total=8800 ; rate=22/min ; 1760/5816 batches
[05:38:05]   +5 [matter_file_grounded] ; total=8805 ; rate=22/min ; 1761/5816 batches
[05:38:11]   +5 [matter_file_grounded] ; total=8810 ; rate=22/min ; 1762/5816 batches
[05:38:40]   +5 [matter_file_grounded] ; total=8815 ; rate=22/min ; 1763/5816 batches
[05:38:57]   +5 [matter_file_grounded] ; total=8820 ; rate=22/min ; 1764/5816 batches
[05:39:07]   +5 [matter_file_grounded] ; total=8825 ; rate=22/min ; 1765/5816 batches
[05:39:12]   +5 [matter_file_grounded] ; total=8830 ; rate=22/min ; 1766/5816 batches
[05:39:44]   +5 [matter_file_grounded] ; total=8835 ; rate=22/min ; 1767/5816 batches
[05:39:52]   +5 [matter_file_grounded] ; total=8840 ; rate=22/min ; 1768/5816 batches
[05:40:10]   +5 [matter_file_grounded] ; total=8845 ; rate=22/min ; 1769/5816 batches
[05:40:14]   +5 [matter_file_grounded] ; total=8850 ; rate=22/min ; 1770/5816 batches
[05:40:44]   +5 [matter_file_grounded] ; total=8855 ; rate=22/min ; 1771/5816 batches
[05:40:47]   +5 [matter_file_grounded] ; total=8860 ; rate=22/min ; 1772/5816 batches
[05:41:10]   +5 [matter_file_grounded] ; total=8865 ; rate=22/min ; 1773/5816 batches
[05:41:18]   +5 [matter_file_grounded] ; total=8870 ; rate=22/min ; 1774/5816 batches
[05:41:43]   +5 [matter_file_grounded] ; total=8875 ; rate=22/min ; 1775/5816 batches
[05:41:47]   +5 [matter_file_grounded] ; total=8880 ; rate=22/min ; 1776/5816 batches
[05:42:13]   +5 [matter_file_grounded] ; total=8885 ; rate=22/min ; 1777/5816 batches
[05:42:13]   +5 [matter_file_grounded] ; total=8890 ; rate=22/min ; 1778/5816 batches
[05:42:46]   +5 [matter_file_grounded] ; total=8895 ; rate=22/min ; 1779/5816 batches
[05:42:47]   +5 [matter_file_grounded] ; total=8900 ; rate=22/min ; 1780/5816 batches
[05:43:06]   +5 [matter_file_grounded] ; total=8905 ; rate=22/min ; 1781/5816 batches
[05:43:08]   +5 [matter_file_grounded] ; total=8910 ; rate=22/min ; 1782/5816 batches
[05:43:49]   +5 [matter_file_grounded] ; total=8915 ; rate=22/min ; 1783/5816 batches
[05:43:54]   +5 [matter_file_grounded] ; total=8920 ; rate=22/min ; 1784/5816 batches
[05:44:01]   +5 [matter_file_grounded] ; total=8925 ; rate=22/min ; 1785/5816 batches
[05:44:12]   +5 [matter_file_grounded] ; total=8930 ; rate=22/min ; 1786/5816 batches
[05:44:53]   +5 [matter_file_grounded] ; total=8935 ; rate=22/min ; 1787/5816 batches
[05:44:58]   +5 [matter_file_grounded] ; total=8940 ; rate=22/min ; 1788/5816 batches
[05:44:58]   +5 [matter_file_grounded] ; total=8945 ; rate=22/min ; 1789/5816 batches
[05:45:24]   +5 [matter_file_grounded] ; total=8950 ; rate=22/min ; 1790/5816 batches
[05:45:55]   +5 [matter_file_grounded] ; total=8955 ; rate=22/min ; 1791/5816 batches
[05:45:59]   +5 [matter_file_grounded] ; total=8960 ; rate=22/min ; 1792/5816 batches
[05:46:03]   +5 [matter_file_grounded] ; total=8965 ; rate=22/min ; 1793/5816 batches
[05:46:20]   +5 [matter_file_grounded] ; total=8970 ; rate=22/min ; 1794/5816 batches
[05:46:51]   +5 [matter_file_grounded] ; total=8975 ; rate=22/min ; 1795/5816 batches
[05:47:01]   +5 [matter_file_grounded] ; total=8980 ; rate=22/min ; 1796/5816 batches
[05:47:04]   +5 [matter_file_grounded] ; total=8985 ; rate=22/min ; 1797/5816 batches
[05:47:19]   +5 [matter_file_grounded] ; total=8990 ; rate=22/min ; 1798/5816 batches
[05:47:47]   +5 [matter_file_grounded] ; total=8995 ; rate=22/min ; 1799/5816 batches
[05:48:00]   +5 [matter_file_grounded] ; total=9000 ; rate=22/min ; 1800/5816 batches
[05:48:09]   +5 [matter_file_grounded] ; total=9005 ; rate=22/min ; 1801/5816 batches
[05:48:28]   +5 [matter_file_grounded] ; total=9010 ; rate=22/min ; 1802/5816 batches
[05:48:59]   +5 [matter_file_grounded] ; total=9015 ; rate=22/min ; 1803/5816 batches
[05:49:04]   +5 [matter_file_grounded] ; total=9020 ; rate=22/min ; 1804/5816 batches
[05:49:14]   +5 [matter_file_grounded] ; total=9025 ; rate=22/min ; 1805/5816 batches
[05:49:36]   +5 [matter_file_grounded] ; total=9030 ; rate=22/min ; 1806/5816 batches
[05:50:06]   +5 [matter_file_grounded] ; total=9035 ; rate=22/min ; 1807/5816 batches
[05:50:10]   +5 [matter_file_grounded] ; total=9040 ; rate=22/min ; 1808/5816 batches
[05:50:15]   +5 [matter_file_grounded] ; total=9045 ; rate=22/min ; 1809/5816 batches
[05:50:44]   +5 [matter_file_grounded] ; total=9050 ; rate=22/min ; 1810/5816 batches
[05:51:04]   +5 [matter_file_grounded] ; total=9055 ; rate=22/min ; 1811/5816 batches
[05:51:05]   +5 [matter_file_grounded] ; total=9060 ; rate=22/min ; 1812/5816 batches
[05:51:16]   +5 [matter_file_grounded] ; total=9065 ; rate=22/min ; 1813/5816 batches
[05:51:49]   +5 [matter_file_grounded] ; total=9070 ; rate=22/min ; 1814/5816 batches
[05:52:08]   +5 [matter_file_grounded] ; total=9075 ; rate=22/min ; 1815/5816 batches
[05:52:11]   +5 [matter_file_grounded] ; total=9080 ; rate=22/min ; 1816/5816 batches
[05:52:17]   +5 [matter_file_grounded] ; total=9085 ; rate=22/min ; 1817/5816 batches
[05:52:55]   +5 [matter_file_grounded] ; total=9090 ; rate=22/min ; 1818/5816 batches
[05:53:16]   +5 [matter_file_grounded] ; total=9095 ; rate=22/min ; 1819/5816 batches
[05:53:17]   +5 [matter_file_grounded] ; total=9100 ; rate=22/min ; 1820/5816 batches
[05:53:20]   +5 [matter_file_grounded] ; total=9105 ; rate=22/min ; 1821/5816 batches
[05:53:58]   +5 [matter_file_grounded] ; total=9110 ; rate=22/min ; 1822/5816 batches
[05:54:14]   +5 [matter_file_grounded] ; total=9115 ; rate=22/min ; 1823/5816 batches
[05:54:23]   +5 [matter_file_grounded] ; total=9120 ; rate=22/min ; 1824/5816 batches
[05:54:25]   +5 [matter_file_grounded] ; total=9125 ; rate=22/min ; 1825/5816 batches
[05:54:42] === bulk seed generation starting (target=60000, workers=4, batch=5) ===
[05:54:42] existing accepted seeds: 10045 | {'partial_knowledge': 7500, 'matter_file_grounded': 2545}
[05:54:42] prepared 9991 batches across categories
[05:55:25]   +5 [partial_knowledge] ; total=5 ; rate=7/min ; 1/9991 batches
[05:55:26]   +5 [partial_knowledge] ; total=10 ; rate=14/min ; 2/9991 batches
[05:55:28]   +5 [partial_knowledge] ; total=15 ; rate=20/min ; 3/9991 batches
[05:55:33]   +5 [partial_knowledge] ; total=20 ; rate=24/min ; 4/9991 batches
[05:56:11]   +5 [partial_knowledge] ; total=25 ; rate=17/min ; 5/9991 batches
[05:56:15]   +5 [partial_knowledge] ; total=30 ; rate=19/min ; 6/9991 batches
[05:56:21]   +5 [partial_knowledge] ; total=35 ; rate=21/min ; 7/9991 batches
[05:56:24]   +5 [partial_knowledge] ; total=40 ; rate=24/min ; 8/9991 batches
[05:56:52]   +5 [partial_knowledge] ; total=45 ; rate=21/min ; 9/9991 batches
[05:57:06]   +5 [partial_knowledge] ; total=50 ; rate=21/min ; 10/9991 batches
[05:57:06]   +5 [partial_knowledge] ; total=55 ; rate=23/min ; 11/9991 batches
[05:57:17]   +5 [partial_knowledge] ; total=60 ; rate=23/min ; 12/9991 batches
[05:57:39]   +5 [partial_knowledge] ; total=65 ; rate=22/min ; 13/9991 batches
[05:57:49]   +5 [partial_knowledge] ; total=70 ; rate=23/min ; 14/9991 batches
[05:57:52]   +5 [partial_knowledge] ; total=75 ; rate=24/min ; 15/9991 batches
[05:58:02]   +5 [partial_knowledge] ; total=80 ; rate=24/min ; 16/9991 batches
[05:58:21]   +5 [partial_knowledge] ; total=85 ; rate=23/min ; 17/9991 batches
[05:58:40]   +5 [partial_knowledge] ; total=90 ; rate=23/min ; 18/9991 batches
[05:58:41]   +5 [partial_knowledge] ; total=95 ; rate=24/min ; 19/9991 batches
[05:58:46]   +5 [partial_knowledge] ; total=100 ; rate=25/min ; 20/9991 batches
[05:59:08]   +5 [partial_knowledge] ; total=105 ; rate=24/min ; 21/9991 batches
[05:59:24]   +5 [partial_knowledge] ; total=110 ; rate=23/min ; 22/9991 batches
[05:59:32]   +5 [partial_knowledge] ; total=115 ; rate=24/min ; 23/9991 batches
[05:59:39]   +5 [partial_knowledge] ; total=120 ; rate=24/min ; 24/9991 batches
[05:59:55]   +5 [partial_knowledge] ; total=125 ; rate=24/min ; 25/9991 batches
[06:00:06]   +5 [partial_knowledge] ; total=130 ; rate=24/min ; 26/9991 batches
[06:00:18]   +5 [partial_knowledge] ; total=135 ; rate=24/min ; 27/9991 batches
[06:00:20]   +5 [partial_knowledge] ; total=140 ; rate=25/min ; 28/9991 batches
[06:00:45]   +5 [partial_knowledge] ; total=145 ; rate=24/min ; 29/9991 batches
[06:00:58]   +5 [partial_knowledge] ; total=150 ; rate=24/min ; 30/9991 batches
[06:01:00]   +5 [partial_knowledge] ; total=155 ; rate=25/min ; 31/9991 batches
[06:01:08]   +5 [partial_knowledge] ; total=160 ; rate=25/min ; 32/9991 batches
[06:01:33]   +5 [partial_knowledge] ; total=165 ; rate=24/min ; 33/9991 batches
[06:01:49]   +5 [partial_knowledge] ; total=170 ; rate=24/min ; 34/9991 batches
[06:01:57]   +5 [partial_knowledge] ; total=175 ; rate=24/min ; 35/9991 batches
[06:01:57]   +5 [partial_knowledge] ; total=180 ; rate=25/min ; 36/9991 batches
[06:02:25]   +5 [partial_knowledge] ; total=185 ; rate=24/min ; 37/9991 batches
[06:02:44]   +5 [partial_knowledge] ; total=190 ; rate=24/min ; 38/9991 batches
[06:02:46]   +5 [partial_knowledge] ; total=195 ; rate=24/min ; 39/9991 batches
[06:02:51]   +5 [partial_knowledge] ; total=200 ; rate=25/min ; 40/9991 batches
[06:03:14]   +5 [partial_knowledge] ; total=205 ; rate=24/min ; 41/9991 batches
[06:03:37]   +5 [partial_knowledge] ; total=210 ; rate=24/min ; 42/9991 batches
[06:03:38]   +5 [partial_knowledge] ; total=215 ; rate=24/min ; 43/9991 batches
[06:03:40]   +5 [partial_knowledge] ; total=220 ; rate=25/min ; 44/9991 batches
[06:04:04]   +5 [partial_knowledge] ; total=225 ; rate=24/min ; 45/9991 batches
[06:04:24]   +5 [partial_knowledge] ; total=230 ; rate=24/min ; 46/9991 batches
[06:04:24]   +5 [partial_knowledge] ; total=235 ; rate=24/min ; 47/9991 batches
[06:04:26]   +5 [partial_knowledge] ; total=240 ; rate=25/min ; 48/9991 batches
[06:04:59]   +5 [partial_knowledge] ; total=245 ; rate=24/min ; 49/9991 batches
[06:05:07]   +5 [partial_knowledge] ; total=250 ; rate=24/min ; 50/9991 batches
[06:05:13]   +5 [partial_knowledge] ; total=255 ; rate=24/min ; 51/9991 batches
[06:05:17]   +5 [partial_knowledge] ; total=260 ; rate=25/min ; 52/9991 batches
[06:05:46]   +5 [partial_knowledge] ; total=265 ; rate=24/min ; 53/9991 batches
[06:05:51]   +5 [partial_knowledge] ; total=270 ; rate=24/min ; 54/9991 batches
[06:06:04]   +5 [partial_knowledge] ; total=275 ; rate=24/min ; 55/9991 batches
[06:06:05]   +5 [partial_knowledge] ; total=280 ; rate=25/min ; 56/9991 batches
[06:06:36]   +5 [partial_knowledge] ; total=285 ; rate=24/min ; 57/9991 batches
[06:06:36]   +5 [partial_knowledge] ; total=290 ; rate=24/min ; 58/9991 batches
[06:06:48]   +5 [partial_knowledge] ; total=295 ; rate=24/min ; 59/9991 batches
[06:07:03]   +5 [partial_knowledge] ; total=300 ; rate=24/min ; 60/9991 batches
[06:07:19]   +5 [partial_knowledge] ; total=305 ; rate=24/min ; 61/9991 batches
[06:07:20]   +5 [partial_knowledge] ; total=310 ; rate=25/min ; 62/9991 batches
[06:07:39]   +5 [partial_knowledge] ; total=315 ; rate=24/min ; 63/9991 batches
[06:07:48]   +5 [partial_knowledge] ; total=320 ; rate=24/min ; 64/9991 batches
[06:08:03]   +5 [partial_knowledge] ; total=325 ; rate=24/min ; 65/9991 batches
[06:08:12]   +5 [partial_knowledge] ; total=330 ; rate=24/min ; 66/9991 batches
[06:08:34]   +5 [partial_knowledge] ; total=335 ; rate=24/min ; 67/9991 batches
[06:08:37]   +5 [partial_knowledge] ; total=340 ; rate=24/min ; 68/9991 batches
[06:08:57]   +5 [partial_knowledge] ; total=345 ; rate=24/min ; 69/9991 batches
[06:09:00]   +5 [partial_knowledge] ; total=350 ; rate=24/min ; 70/9991 batches
[06:09:19]   +5 [partial_knowledge] ; total=355 ; rate=24/min ; 71/9991 batches
[06:09:24]   +5 [partial_knowledge] ; total=360 ; rate=25/min ; 72/9991 batches
[06:09:41]   +5 [partial_knowledge] ; total=365 ; rate=24/min ; 73/9991 batches
[06:09:44]   +5 [partial_knowledge] ; total=370 ; rate=25/min ; 74/9991 batches
[06:09:59]   +5 [partial_knowledge] ; total=375 ; rate=25/min ; 75/9991 batches
[06:10:06]   +5 [partial_knowledge] ; total=380 ; rate=25/min ; 76/9991 batches
[06:10:30]   +5 [partial_knowledge] ; total=385 ; rate=24/min ; 77/9991 batches
[06:10:33]   +5 [partial_knowledge] ; total=390 ; rate=25/min ; 78/9991 batches
[06:10:39]   +5 [partial_knowledge] ; total=395 ; rate=25/min ; 79/9991 batches
[06:10:56]   +5 [partial_knowledge] ; total=400 ; rate=25/min ; 80/9991 batches
[06:11:15]   +5 [partial_knowledge] ; total=405 ; rate=24/min ; 81/9991 batches
[06:11:24]   +5 [partial_knowledge] ; total=410 ; rate=25/min ; 82/9991 batches
[06:11:25]   +5 [partial_knowledge] ; total=415 ; rate=25/min ; 83/9991 batches
[06:11:44]   +5 [partial_knowledge] ; total=420 ; rate=25/min ; 84/9991 batches
[06:11:58]   +5 [partial_knowledge] ; total=425 ; rate=25/min ; 85/9991 batches
[06:12:08]   +5 [partial_knowledge] ; total=430 ; rate=25/min ; 86/9991 batches
[06:12:15]   +5 [partial_knowledge] ; total=435 ; rate=25/min ; 87/9991 batches
[06:12:37]   +5 [partial_knowledge] ; total=440 ; rate=25/min ; 88/9991 batches
[06:12:46]   +5 [partial_knowledge] ; total=445 ; rate=25/min ; 89/9991 batches
[06:12:58]   +5 [partial_knowledge] ; total=450 ; rate=25/min ; 90/9991 batches
[06:12:59]   +5 [partial_knowledge] ; total=455 ; rate=25/min ; 91/9991 batches
[06:13:22]   +5 [partial_knowledge] ; total=460 ; rate=25/min ; 92/9991 batches
[06:13:29]   +5 [partial_knowledge] ; total=465 ; rate=25/min ; 93/9991 batches
[06:13:41]   +5 [partial_knowledge] ; total=470 ; rate=25/min ; 94/9991 batches
[06:13:48]   +5 [partial_knowledge] ; total=475 ; rate=25/min ; 95/9991 batches
[06:14:04]   +5 [partial_knowledge] ; total=480 ; rate=25/min ; 96/9991 batches
[06:14:16]   +5 [partial_knowledge] ; total=485 ; rate=25/min ; 97/9991 batches
[06:14:29]   +5 [partial_knowledge] ; total=490 ; rate=25/min ; 98/9991 batches
[06:14:37]   +5 [partial_knowledge] ; total=495 ; rate=25/min ; 99/9991 batches
[06:14:51]   +5 [partial_knowledge] ; total=500 ; rate=25/min ; 100/9991 batches
[06:15:02]   +5 [partial_knowledge] ; total=505 ; rate=25/min ; 101/9991 batches
[06:15:15]   +5 [partial_knowledge] ; total=510 ; rate=25/min ; 102/9991 batches
[06:15:24]   +5 [partial_knowledge] ; total=515 ; rate=25/min ; 103/9991 batches
[06:15:49]   +5 [partial_knowledge] ; total=520 ; rate=25/min ; 104/9991 batches
[06:15:56]   +5 [partial_knowledge] ; total=525 ; rate=25/min ; 105/9991 batches
[06:16:00]   +5 [partial_knowledge] ; total=530 ; rate=25/min ; 106/9991 batches
[06:16:14]   +5 [partial_knowledge] ; total=535 ; rate=25/min ; 107/9991 batches
[06:16:38]   +5 [partial_knowledge] ; total=540 ; rate=25/min ; 108/9991 batches
[06:16:43]   +5 [partial_knowledge] ; total=545 ; rate=25/min ; 109/9991 batches
[06:16:56]   +5 [partial_knowledge] ; total=550 ; rate=25/min ; 110/9991 batches
[06:16:59]   +5 [partial_knowledge] ; total=555 ; rate=25/min ; 111/9991 batches
[06:17:24]   +5 [partial_knowledge] ; total=560 ; rate=25/min ; 112/9991 batches
[06:17:30]   +5 [partial_knowledge] ; total=565 ; rate=25/min ; 113/9991 batches
[06:17:40]   +5 [partial_knowledge] ; total=570 ; rate=25/min ; 114/9991 batches
[06:17:49]   +5 [partial_knowledge] ; total=575 ; rate=25/min ; 115/9991 batches
[06:18:16]   +5 [partial_knowledge] ; total=580 ; rate=25/min ; 116/9991 batches
[06:18:17]   +5 [partial_knowledge] ; total=585 ; rate=25/min ; 117/9991 batches
[06:18:27]   +5 [partial_knowledge] ; total=590 ; rate=25/min ; 118/9991 batches
[06:18:29]   +5 [partial_knowledge] ; total=595 ; rate=25/min ; 119/9991 batches
[06:19:03]   +5 [partial_knowledge] ; total=600 ; rate=25/min ; 120/9991 batches
[06:19:04]   +5 [partial_knowledge] ; total=605 ; rate=25/min ; 121/9991 batches
[06:19:14]   +5 [partial_knowledge] ; total=610 ; rate=25/min ; 122/9991 batches
[06:19:19]   +5 [partial_knowledge] ; total=615 ; rate=25/min ; 123/9991 batches
[06:19:46]   +5 [partial_knowledge] ; total=620 ; rate=25/min ; 124/9991 batches
[06:19:49]   +5 [partial_knowledge] ; total=625 ; rate=25/min ; 125/9991 batches
[06:19:59]   +5 [partial_knowledge] ; total=630 ; rate=25/min ; 126/9991 batches
[06:20:12]   +5 [partial_knowledge] ; total=635 ; rate=25/min ; 127/9991 batches
[06:20:36]   +5 [partial_knowledge] ; total=640 ; rate=25/min ; 128/9991 batches
[06:20:39]   +5 [partial_knowledge] ; total=645 ; rate=25/min ; 129/9991 batches
[06:20:47]   +5 [partial_knowledge] ; total=650 ; rate=25/min ; 130/9991 batches
[06:20:57]   +5 [partial_knowledge] ; total=655 ; rate=25/min ; 131/9991 batches
[06:21:19]   +5 [partial_knowledge] ; total=660 ; rate=25/min ; 132/9991 batches
[06:21:27]   +5 [partial_knowledge] ; total=665 ; rate=25/min ; 133/9991 batches
[06:21:32]   +5 [partial_knowledge] ; total=670 ; rate=25/min ; 134/9991 batches
[06:21:44]   +5 [partial_knowledge] ; total=675 ; rate=25/min ; 135/9991 batches
[06:22:00]   +5 [partial_knowledge] ; total=680 ; rate=25/min ; 136/9991 batches
[06:22:12]   +5 [partial_knowledge] ; total=685 ; rate=25/min ; 137/9991 batches
[06:22:20]   +5 [partial_knowledge] ; total=690 ; rate=25/min ; 138/9991 batches
[06:22:26]   +5 [partial_knowledge] ; total=695 ; rate=25/min ; 139/9991 batches
[06:22:44]   +5 [partial_knowledge] ; total=700 ; rate=25/min ; 140/9991 batches
[06:22:58]   +5 [partial_knowledge] ; total=705 ; rate=25/min ; 141/9991 batches
[06:23:07]   +5 [partial_knowledge] ; total=710 ; rate=25/min ; 142/9991 batches
[06:23:21]   +5 [partial_knowledge] ; total=715 ; rate=25/min ; 143/9991 batches
[06:23:36]   +5 [partial_knowledge] ; total=720 ; rate=25/min ; 144/9991 batches
[06:23:39]   +5 [partial_knowledge] ; total=725 ; rate=25/min ; 145/9991 batches
[06:23:57]   +5 [partial_knowledge] ; total=730 ; rate=25/min ; 146/9991 batches
[06:24:08]   +5 [partial_knowledge] ; total=735 ; rate=25/min ; 147/9991 batches
[06:24:24]   +5 [partial_knowledge] ; total=740 ; rate=25/min ; 148/9991 batches
[06:24:26]   +5 [partial_knowledge] ; total=745 ; rate=25/min ; 149/9991 batches
[06:24:44]   +5 [partial_knowledge] ; total=750 ; rate=25/min ; 150/9991 batches
[06:25:06]   +5 [partial_knowledge] ; total=755 ; rate=25/min ; 151/9991 batches
[06:25:08]   +5 [partial_knowledge] ; total=760 ; rate=25/min ; 152/9991 batches
[06:25:09]   +5 [partial_knowledge] ; total=765 ; rate=25/min ; 153/9991 batches
[06:25:29]   +5 [partial_knowledge] ; total=770 ; rate=25/min ; 154/9991 batches
[06:25:51]   +5 [partial_knowledge] ; total=775 ; rate=25/min ; 155/9991 batches
[06:26:02]   +5 [partial_knowledge] ; total=780 ; rate=25/min ; 156/9991 batches
[06:26:04]   +5 [partial_knowledge] ; total=785 ; rate=25/min ; 157/9991 batches
[06:26:17]   +5 [partial_knowledge] ; total=790 ; rate=25/min ; 158/9991 batches
[06:26:39]   +5 [partial_knowledge] ; total=795 ; rate=25/min ; 159/9991 batches
[06:26:51]   +5 [partial_knowledge] ; total=800 ; rate=25/min ; 160/9991 batches
[06:26:52]   +5 [partial_knowledge] ; total=805 ; rate=25/min ; 161/9991 batches
[06:27:00]   +5 [partial_knowledge] ; total=810 ; rate=25/min ; 162/9991 batches
[06:27:21]   +5 [partial_knowledge] ; total=815 ; rate=25/min ; 163/9991 batches
[06:27:42]   +5 [partial_knowledge] ; total=820 ; rate=25/min ; 164/9991 batches
[06:27:44]   +5 [partial_knowledge] ; total=825 ; rate=25/min ; 165/9991 batches
[06:27:45]   +5 [partial_knowledge] ; total=830 ; rate=25/min ; 166/9991 batches
[06:28:08]   +5 [partial_knowledge] ; total=835 ; rate=25/min ; 167/9991 batches
[06:28:31]   +5 [partial_knowledge] ; total=840 ; rate=25/min ; 168/9991 batches
[06:28:33]   +5 [partial_knowledge] ; total=845 ; rate=25/min ; 169/9991 batches
[06:28:33]   +5 [partial_knowledge] ; total=850 ; rate=25/min ; 170/9991 batches
[06:28:54]   +5 [partial_knowledge] ; total=855 ; rate=25/min ; 171/9991 batches
[06:29:16]   +5 [partial_knowledge] ; total=860 ; rate=25/min ; 172/9991 batches
[06:29:18]   +5 [partial_knowledge] ; total=865 ; rate=25/min ; 173/9991 batches
[06:29:22]   +5 [partial_knowledge] ; total=870 ; rate=25/min ; 174/9991 batches
[06:29:40]   +5 [partial_knowledge] ; total=875 ; rate=25/min ; 175/9991 batches
[06:30:03]   +5 [partial_knowledge] ; total=880 ; rate=25/min ; 176/9991 batches
[06:30:03]   +5 [partial_knowledge] ; total=885 ; rate=25/min ; 177/9991 batches
[06:30:14]   +5 [partial_knowledge] ; total=890 ; rate=25/min ; 178/9991 batches
[06:30:31]   +5 [partial_knowledge] ; total=895 ; rate=25/min ; 179/9991 batches
[06:30:50]   +5 [partial_knowledge] ; total=900 ; rate=25/min ; 180/9991 batches
[06:30:52]   +5 [partial_knowledge] ; total=905 ; rate=25/min ; 181/9991 batches
[06:30:58]   +5 [partial_knowledge] ; total=910 ; rate=25/min ; 182/9991 batches
[06:31:19]   +5 [partial_knowledge] ; total=915 ; rate=25/min ; 183/9991 batches
[06:31:35]   +5 [partial_knowledge] ; total=920 ; rate=25/min ; 184/9991 batches
[06:31:39]   +5 [partial_knowledge] ; total=925 ; rate=25/min ; 185/9991 batches
[06:31:43]   +5 [partial_knowledge] ; total=930 ; rate=25/min ; 186/9991 batches
[06:32:03]   +5 [partial_knowledge] ; total=935 ; rate=25/min ; 187/9991 batches
[06:32:17]   +5 [partial_knowledge] ; total=940 ; rate=25/min ; 188/9991 batches
[06:32:25]   +5 [partial_knowledge] ; total=945 ; rate=25/min ; 189/9991 batches
[06:32:33]   +5 [partial_knowledge] ; total=950 ; rate=25/min ; 190/9991 batches
[06:32:43]   +5 [partial_knowledge] ; total=955 ; rate=25/min ; 191/9991 batches
[06:32:56]   +5 [partial_knowledge] ; total=960 ; rate=25/min ; 192/9991 batches
[06:33:12]   +5 [partial_knowledge] ; total=965 ; rate=25/min ; 193/9991 batches
[06:33:21]   +5 [partial_knowledge] ; total=970 ; rate=25/min ; 194/9991 batches
[06:33:24]   +5 [partial_knowledge] ; total=975 ; rate=25/min ; 195/9991 batches
[06:33:45]   +5 [partial_knowledge] ; total=980 ; rate=25/min ; 196/9991 batches
[06:33:57]   +5 [partial_knowledge] ; total=985 ; rate=25/min ; 197/9991 batches
[06:34:03]   +5 [partial_knowledge] ; total=990 ; rate=25/min ; 198/9991 batches
[06:34:05]   +5 [partial_knowledge] ; total=995 ; rate=25/min ; 199/9991 batches
[06:34:37]   +5 [partial_knowledge] ; total=1000 ; rate=25/min ; 200/9991 batches
[06:34:39]   +5 [partial_knowledge] ; total=1005 ; rate=25/min ; 201/9991 batches
[06:34:46]   +5 [partial_knowledge] ; total=1010 ; rate=25/min ; 202/9991 batches
[06:34:48]   +5 [partial_knowledge] ; total=1015 ; rate=25/min ; 203/9991 batches
[06:35:23]   +5 [partial_knowledge] ; total=1020 ; rate=25/min ; 204/9991 batches
[06:35:35]   +5 [partial_knowledge] ; total=1025 ; rate=25/min ; 205/9991 batches
[06:35:36]   +5 [partial_knowledge] ; total=1030 ; rate=25/min ; 206/9991 batches
[06:35:37]   +5 [partial_knowledge] ; total=1035 ; rate=25/min ; 207/9991 batches
[06:36:12]   +5 [partial_knowledge] ; total=1040 ; rate=25/min ; 208/9991 batches
[06:36:24]   +5 [partial_knowledge] ; total=1045 ; rate=25/min ; 209/9991 batches
[06:36:27]   +5 [partial_knowledge] ; total=1050 ; rate=25/min ; 210/9991 batches
[06:36:35]   +5 [partial_knowledge] ; total=1055 ; rate=25/min ; 211/9991 batches
[06:37:01]   +5 [partial_knowledge] ; total=1060 ; rate=25/min ; 212/9991 batches
[06:37:09]   +5 [partial_knowledge] ; total=1065 ; rate=25/min ; 213/9991 batches
[06:37:16]   +5 [partial_knowledge] ; total=1070 ; rate=25/min ; 214/9991 batches
[06:37:20]   +5 [partial_knowledge] ; total=1075 ; rate=25/min ; 215/9991 batches
[06:37:54]   +5 [partial_knowledge] ; total=1080 ; rate=25/min ; 216/9991 batches
[06:37:55]   +5 [partial_knowledge] ; total=1085 ; rate=25/min ; 217/9991 batches
[06:38:02]   +5 [partial_knowledge] ; total=1090 ; rate=25/min ; 218/9991 batches
[06:38:08]   +5 [partial_knowledge] ; total=1095 ; rate=25/min ; 219/9991 batches
[06:38:45]   +5 [partial_knowledge] ; total=1100 ; rate=25/min ; 220/9991 batches
[06:38:47]   +5 [partial_knowledge] ; total=1105 ; rate=25/min ; 221/9991 batches
[06:38:53]   +5 [partial_knowledge] ; total=1110 ; rate=25/min ; 222/9991 batches
[06:38:55]   +5 [partial_knowledge] ; total=1115 ; rate=25/min ; 223/9991 batches
[06:39:29]   +5 [partial_knowledge] ; total=1120 ; rate=25/min ; 224/9991 batches
[06:39:30]   +5 [partial_knowledge] ; total=1125 ; rate=25/min ; 225/9991 batches
[06:39:43]   +5 [partial_knowledge] ; total=1130 ; rate=25/min ; 226/9991 batches
[06:39:44]   +5 [partial_knowledge] ; total=1135 ; rate=25/min ; 227/9991 batches
[06:40:13]   +5 [partial_knowledge] ; total=1140 ; rate=25/min ; 228/9991 batches
[06:40:16]   +5 [partial_knowledge] ; total=1145 ; rate=25/min ; 229/9991 batches
[06:40:24]   +5 [partial_knowledge] ; total=1150 ; rate=25/min ; 230/9991 batches
[06:40:30]   +5 [partial_knowledge] ; total=1155 ; rate=25/min ; 231/9991 batches
[06:41:03]   +5 [partial_knowledge] ; total=1160 ; rate=25/min ; 232/9991 batches
[06:41:04]   +5 [partial_knowledge] ; total=1165 ; rate=25/min ; 233/9991 batches
[06:41:07]   +5 [partial_knowledge] ; total=1170 ; rate=25/min ; 234/9991 batches
[06:41:14]   +5 [partial_knowledge] ; total=1175 ; rate=25/min ; 235/9991 batches
[06:41:45]   +5 [partial_knowledge] ; total=1180 ; rate=25/min ; 236/9991 batches
[06:41:47]   +5 [partial_knowledge] ; total=1185 ; rate=25/min ; 237/9991 batches
[06:41:49]   +5 [partial_knowledge] ; total=1190 ; rate=25/min ; 238/9991 batches
[06:41:58]   +5 [partial_knowledge] ; total=1195 ; rate=25/min ; 239/9991 batches
[06:42:27]   +5 [partial_knowledge] ; total=1200 ; rate=25/min ; 240/9991 batches
[06:42:32]   +5 [partial_knowledge] ; total=1205 ; rate=25/min ; 241/9991 batches
[06:42:38]   +5 [partial_knowledge] ; total=1210 ; rate=25/min ; 242/9991 batches
[06:42:58]   +5 [partial_knowledge] ; total=1215 ; rate=25/min ; 243/9991 batches
[06:43:15]   +5 [partial_knowledge] ; total=1220 ; rate=25/min ; 244/9991 batches
[06:43:21]   +5 [partial_knowledge] ; total=1225 ; rate=25/min ; 245/9991 batches
[06:43:27]   +5 [partial_knowledge] ; total=1230 ; rate=25/min ; 246/9991 batches
[06:43:45]   +5 [partial_knowledge] ; total=1235 ; rate=25/min ; 247/9991 batches
[06:44:01]   +5 [partial_knowledge] ; total=1240 ; rate=25/min ; 248/9991 batches
[06:44:05]   +5 [partial_knowledge] ; total=1245 ; rate=25/min ; 249/9991 batches
[06:44:12]   +5 [partial_knowledge] ; total=1250 ; rate=25/min ; 250/9991 batches
[06:44:32]   +5 [partial_knowledge] ; total=1255 ; rate=25/min ; 251/9991 batches
[06:44:45]   +5 [partial_knowledge] ; total=1260 ; rate=25/min ; 252/9991 batches
[06:44:52]   +5 [partial_knowledge] ; total=1265 ; rate=25/min ; 253/9991 batches
[06:44:59]   +5 [partial_knowledge] ; total=1270 ; rate=25/min ; 254/9991 batches
[06:45:26]   +5 [partial_knowledge] ; total=1275 ; rate=25/min ; 255/9991 batches
[06:45:26]   +5 [partial_knowledge] ; total=1280 ; rate=25/min ; 256/9991 batches
[06:45:34]   +5 [partial_knowledge] ; total=1285 ; rate=25/min ; 257/9991 batches
[06:45:48]   +5 [partial_knowledge] ; total=1290 ; rate=25/min ; 258/9991 batches
[06:46:11]   +5 [partial_knowledge] ; total=1295 ; rate=25/min ; 259/9991 batches
[06:46:11]   +5 [partial_knowledge] ; total=1300 ; rate=25/min ; 260/9991 batches
[06:46:21]   +5 [partial_knowledge] ; total=1305 ; rate=25/min ; 261/9991 batches
[06:46:28]   +5 [partial_knowledge] ; total=1310 ; rate=25/min ; 262/9991 batches
[06:46:58]   +5 [partial_knowledge] ; total=1315 ; rate=25/min ; 263/9991 batches
[06:47:04]   +5 [partial_knowledge] ; total=1320 ; rate=25/min ; 264/9991 batches
[06:47:07]   +5 [partial_knowledge] ; total=1325 ; rate=25/min ; 265/9991 batches
[06:47:15]   +5 [partial_knowledge] ; total=1330 ; rate=25/min ; 266/9991 batches
[06:47:47]   +5 [partial_knowledge] ; total=1335 ; rate=25/min ; 267/9991 batches
[06:47:49]   +5 [partial_knowledge] ; total=1340 ; rate=25/min ; 268/9991 batches
[06:47:51]   +5 [partial_knowledge] ; total=1345 ; rate=25/min ; 269/9991 batches
[06:47:57]   +5 [partial_knowledge] ; total=1350 ; rate=25/min ; 270/9991 batches
[06:48:32]   +5 [partial_knowledge] ; total=1355 ; rate=25/min ; 271/9991 batches
[06:48:37]   +5 [partial_knowledge] ; total=1360 ; rate=25/min ; 272/9991 batches
[06:48:40]   +5 [partial_knowledge] ; total=1365 ; rate=25/min ; 273/9991 batches
[06:48:46]   +5 [partial_knowledge] ; total=1370 ; rate=25/min ; 274/9991 batches
[06:49:14]   +5 [partial_knowledge] ; total=1375 ; rate=25/min ; 275/9991 batches
[06:49:21]   +5 [partial_knowledge] ; total=1380 ; rate=25/min ; 276/9991 batches
[06:49:22]   +5 [partial_knowledge] ; total=1385 ; rate=25/min ; 277/9991 batches
[06:49:30]   +5 [partial_knowledge] ; total=1390 ; rate=25/min ; 278/9991 batches
[06:50:01]   +5 [partial_knowledge] ; total=1395 ; rate=25/min ; 279/9991 batches
[06:50:06]   +5 [partial_knowledge] ; total=1400 ; rate=25/min ; 280/9991 batches
[06:50:09]   +5 [partial_knowledge] ; total=1405 ; rate=25/min ; 281/9991 batches
[06:50:22]   +5 [partial_knowledge] ; total=1410 ; rate=25/min ; 282/9991 batches
[06:50:47]   +5 [partial_knowledge] ; total=1415 ; rate=25/min ; 283/9991 batches
[06:50:54]   +5 [partial_knowledge] ; total=1420 ; rate=25/min ; 284/9991 batches
[06:50:55]   +5 [partial_knowledge] ; total=1425 ; rate=25/min ; 285/9991 batches
[06:51:10]   +5 [partial_knowledge] ; total=1430 ; rate=25/min ; 286/9991 batches
[06:51:29]   +5 [partial_knowledge] ; total=1435 ; rate=25/min ; 287/9991 batches
[06:51:37]   +5 [partial_knowledge] ; total=1440 ; rate=25/min ; 288/9991 batches
[06:51:41]   +5 [partial_knowledge] ; total=1445 ; rate=25/min ; 289/9991 batches
[06:51:56]   +5 [partial_knowledge] ; total=1450 ; rate=25/min ; 290/9991 batches
[06:52:17]   +5 [partial_knowledge] ; total=1455 ; rate=25/min ; 291/9991 batches
[06:52:25]   +5 [partial_knowledge] ; total=1460 ; rate=25/min ; 292/9991 batches
[06:52:29]   +5 [partial_knowledge] ; total=1465 ; rate=25/min ; 293/9991 batches
[06:52:46]   +5 [partial_knowledge] ; total=1470 ; rate=25/min ; 294/9991 batches
[06:53:04]   +5 [partial_knowledge] ; total=1475 ; rate=25/min ; 295/9991 batches
[06:53:09]   +5 [partial_knowledge] ; total=1480 ; rate=25/min ; 296/9991 batches
[06:53:13]   +5 [partial_knowledge] ; total=1485 ; rate=25/min ; 297/9991 batches
[06:53:30]   +5 [partial_knowledge] ; total=1490 ; rate=25/min ; 298/9991 batches
[06:53:51]   +5 [partial_knowledge] ; total=1495 ; rate=25/min ; 299/9991 batches
[06:53:52]   +5 [partial_knowledge] ; total=1500 ; rate=25/min ; 300/9991 batches
[06:53:54]   +5 [partial_knowledge] ; total=1505 ; rate=25/min ; 301/9991 batches
[06:54:15]   +5 [partial_knowledge] ; total=1510 ; rate=25/min ; 302/9991 batches
[06:54:39]   +5 [partial_knowledge] ; total=1515 ; rate=25/min ; 303/9991 batches
[06:54:40]   +5 [partial_knowledge] ; total=1520 ; rate=25/min ; 304/9991 batches
[06:54:44]   +5 [partial_knowledge] ; total=1525 ; rate=25/min ; 305/9991 batches
[06:55:07]   +5 [partial_knowledge] ; total=1530 ; rate=25/min ; 306/9991 batches
[06:55:25]   +5 [partial_knowledge] ; total=1535 ; rate=25/min ; 307/9991 batches
[06:55:27]   +5 [partial_knowledge] ; total=1540 ; rate=25/min ; 308/9991 batches
[06:55:37]   +5 [partial_knowledge] ; total=1545 ; rate=25/min ; 309/9991 batches
[06:55:51]   +5 [partial_knowledge] ; total=1550 ; rate=25/min ; 310/9991 batches
[06:56:09]   +5 [partial_knowledge] ; total=1555 ; rate=25/min ; 311/9991 batches
[06:56:12]   +5 [partial_knowledge] ; total=1560 ; rate=25/min ; 312/9991 batches
[06:56:27]   +5 [partial_knowledge] ; total=1565 ; rate=25/min ; 313/9991 batches
[06:56:33]   +5 [partial_knowledge] ; total=1570 ; rate=25/min ; 314/9991 batches
[06:56:52]   +5 [partial_knowledge] ; total=1575 ; rate=25/min ; 315/9991 batches
[06:56:52]   +5 [partial_knowledge] ; total=1580 ; rate=25/min ; 316/9991 batches
[06:57:11]   +5 [partial_knowledge] ; total=1585 ; rate=25/min ; 317/9991 batches
[06:57:18]   +5 [partial_knowledge] ; total=1590 ; rate=25/min ; 318/9991 batches
[06:57:34]   +5 [partial_knowledge] ; total=1595 ; rate=25/min ; 319/9991 batches
[06:57:41]   +5 [partial_knowledge] ; total=1600 ; rate=25/min ; 320/9991 batches
[06:57:58]   +5 [partial_knowledge] ; total=1605 ; rate=25/min ; 321/9991 batches
[06:58:01]   +5 [partial_knowledge] ; total=1610 ; rate=25/min ; 322/9991 batches
[06:58:18]   +5 [partial_knowledge] ; total=1615 ; rate=25/min ; 323/9991 batches
[06:58:36]   +5 [partial_knowledge] ; total=1620 ; rate=25/min ; 324/9991 batches
[06:58:39]   +5 [partial_knowledge] ; total=1625 ; rate=25/min ; 325/9991 batches
[06:58:48]   +5 [partial_knowledge] ; total=1630 ; rate=25/min ; 326/9991 batches
[06:59:03]   +5 [partial_knowledge] ; total=1635 ; rate=25/min ; 327/9991 batches
[06:59:27]   +5 [partial_knowledge] ; total=1640 ; rate=25/min ; 328/9991 batches
[06:59:33]   +5 [partial_knowledge] ; total=1645 ; rate=25/min ; 329/9991 batches
[06:59:36]   +5 [partial_knowledge] ; total=1650 ; rate=25/min ; 330/9991 batches
[06:59:59]   +5 [partial_knowledge] ; total=1655 ; rate=25/min ; 331/9991 batches
[07:00:16]   +5 [partial_knowledge] ; total=1660 ; rate=25/min ; 332/9991 batches
[07:00:18]   +5 [partial_knowledge] ; total=1665 ; rate=25/min ; 333/9991 batches
[07:00:27]   +5 [partial_knowledge] ; total=1670 ; rate=25/min ; 334/9991 batches
[07:00:51]   +5 [partial_knowledge] ; total=1675 ; rate=25/min ; 335/9991 batches
[07:00:59]   +5 [partial_knowledge] ; total=1680 ; rate=25/min ; 336/9991 batches
[07:01:06]   +5 [partial_knowledge] ; total=1685 ; rate=25/min ; 337/9991 batches
[07:01:10]   +5 [partial_knowledge] ; total=1690 ; rate=25/min ; 338/9991 batches
[07:01:38]   +5 [partial_knowledge] ; total=1695 ; rate=25/min ; 339/9991 batches
[07:01:43]   +5 [partial_knowledge] ; total=1700 ; rate=25/min ; 340/9991 batches
[07:01:51]   +5 [partial_knowledge] ; total=1705 ; rate=25/min ; 341/9991 batches
[07:01:54]   +5 [partial_knowledge] ; total=1710 ; rate=25/min ; 342/9991 batches
[07:02:29]   +5 [partial_knowledge] ; total=1715 ; rate=25/min ; 343/9991 batches
[07:02:30]   +5 [partial_knowledge] ; total=1720 ; rate=25/min ; 344/9991 batches
[07:02:43]   +5 [partial_knowledge] ; total=1725 ; rate=25/min ; 345/9991 batches
[07:02:46]   +5 [partial_knowledge] ; total=1730 ; rate=25/min ; 346/9991 batches
[07:03:11]   +5 [partial_knowledge] ; total=1735 ; rate=25/min ; 347/9991 batches
[07:03:17]   +5 [partial_knowledge] ; total=1740 ; rate=25/min ; 348/9991 batches
[07:03:33]   +5 [partial_knowledge] ; total=1745 ; rate=25/min ; 349/9991 batches
[07:03:41]   +5 [partial_knowledge] ; total=1750 ; rate=25/min ; 350/9991 batches
[07:03:56]   +5 [partial_knowledge] ; total=1755 ; rate=25/min ; 351/9991 batches
[07:04:02]   +5 [partial_knowledge] ; total=1760 ; rate=25/min ; 352/9991 batches
[07:04:21]   +5 [partial_knowledge] ; total=1765 ; rate=25/min ; 353/9991 batches
[07:04:32]   +5 [partial_knowledge] ; total=1770 ; rate=25/min ; 354/9991 batches
[07:04:46]   +5 [partial_knowledge] ; total=1775 ; rate=25/min ; 355/9991 batches
[07:04:48]   +5 [partial_knowledge] ; total=1780 ; rate=25/min ; 356/9991 batches
[07:05:05]   +5 [partial_knowledge] ; total=1785 ; rate=25/min ; 357/9991 batches
[07:05:17]   +5 [partial_knowledge] ; total=1790 ; rate=25/min ; 358/9991 batches
[07:05:35]   +5 [partial_knowledge] ; total=1795 ; rate=25/min ; 359/9991 batches
[07:05:37]   +5 [partial_knowledge] ; total=1800 ; rate=25/min ; 360/9991 batches
[07:06:04]   +5 [partial_knowledge] ; total=1805 ; rate=25/min ; 361/9991 batches
[07:06:08]   +5 [partial_knowledge] ; total=1810 ; rate=25/min ; 362/9991 batches
[07:06:25]   +5 [partial_knowledge] ; total=1815 ; rate=25/min ; 363/9991 batches
[07:06:26]   +5 [partial_knowledge] ; total=1820 ; rate=25/min ; 364/9991 batches
[07:06:52]   +5 [partial_knowledge] ; total=1825 ; rate=25/min ; 365/9991 batches
[07:06:55]   +5 [partial_knowledge] ; total=1830 ; rate=25/min ; 366/9991 batches
[07:07:14]   +5 [partial_knowledge] ; total=1835 ; rate=25/min ; 367/9991 batches
[07:07:15]   +5 [partial_knowledge] ; total=1840 ; rate=25/min ; 368/9991 batches
[07:07:42]   +5 [partial_knowledge] ; total=1845 ; rate=25/min ; 369/9991 batches
[07:07:45]   +5 [partial_knowledge] ; total=1850 ; rate=25/min ; 370/9991 batches
[07:08:00]   +5 [partial_knowledge] ; total=1855 ; rate=25/min ; 371/9991 batches
[07:08:01]   +5 [partial_knowledge] ; total=1860 ; rate=25/min ; 372/9991 batches
[07:08:30]   +5 [partial_knowledge] ; total=1865 ; rate=25/min ; 373/9991 batches
[07:08:33]   +5 [partial_knowledge] ; total=1870 ; rate=25/min ; 374/9991 batches
[07:08:46]   +5 [partial_knowledge] ; total=1875 ; rate=25/min ; 375/9991 batches
[07:08:50]   +5 [partial_knowledge] ; total=1880 ; rate=25/min ; 376/9991 batches
[07:09:20]   +5 [partial_knowledge] ; total=1885 ; rate=25/min ; 377/9991 batches
[07:09:29]   +5 [partial_knowledge] ; total=1890 ; rate=25/min ; 378/9991 batches
[07:09:33]   +5 [partial_knowledge] ; total=1895 ; rate=25/min ; 379/9991 batches
[07:09:41]   +5 [partial_knowledge] ; total=1900 ; rate=25/min ; 380/9991 batches
[07:10:11]   +5 [partial_knowledge] ; total=1905 ; rate=25/min ; 381/9991 batches
[07:10:15]   +5 [partial_knowledge] ; total=1910 ; rate=25/min ; 382/9991 batches
[07:10:21]   +5 [partial_knowledge] ; total=1915 ; rate=25/min ; 383/9991 batches
[07:10:28]   +5 [partial_knowledge] ; total=1920 ; rate=25/min ; 384/9991 batches
[07:11:00]   +5 [partial_knowledge] ; total=1925 ; rate=25/min ; 385/9991 batches
[07:11:01]   +5 [partial_knowledge] ; total=1930 ; rate=25/min ; 386/9991 batches
[07:11:04]   +5 [partial_knowledge] ; total=1935 ; rate=25/min ; 387/9991 batches
[07:11:19]   +5 [partial_knowledge] ; total=1940 ; rate=25/min ; 388/9991 batches
[07:11:45]   +5 [partial_knowledge] ; total=1945 ; rate=25/min ; 389/9991 batches
[07:11:45]   +5 [partial_knowledge] ; total=1950 ; rate=25/min ; 390/9991 batches
[07:11:48]   +5 [partial_knowledge] ; total=1955 ; rate=25/min ; 391/9991 batches
[07:12:02]   +5 [partial_knowledge] ; total=1960 ; rate=25/min ; 392/9991 batches
[07:12:34]   +5 [partial_knowledge] ; total=1965 ; rate=25/min ; 393/9991 batches
[07:12:35]   +5 [partial_knowledge] ; total=1970 ; rate=25/min ; 394/9991 batches
[07:12:38]   +5 [partial_knowledge] ; total=1975 ; rate=25/min ; 395/9991 batches
[07:12:53]   +5 [partial_knowledge] ; total=1980 ; rate=25/min ; 396/9991 batches
[07:13:27]   +5 [partial_knowledge] ; total=1985 ; rate=25/min ; 397/9991 batches
[07:13:28]   +5 [partial_knowledge] ; total=1990 ; rate=25/min ; 398/9991 batches
[07:13:29]   +5 [partial_knowledge] ; total=1995 ; rate=25/min ; 399/9991 batches
[07:13:32]   +5 [partial_knowledge] ; total=2000 ; rate=25/min ; 400/9991 batches
[07:14:09]   +5 [partial_knowledge] ; total=2005 ; rate=25/min ; 401/9991 batches
[07:14:12]   +5 [partial_knowledge] ; total=2010 ; rate=25/min ; 402/9991 batches
[07:14:15]   +5 [partial_knowledge] ; total=2015 ; rate=25/min ; 403/9991 batches
[07:14:21]   +5 [partial_knowledge] ; total=2020 ; rate=25/min ; 404/9991 batches
[07:14:53]   +5 [partial_knowledge] ; total=2025 ; rate=25/min ; 405/9991 batches
[07:15:00]   +5 [partial_knowledge] ; total=2030 ; rate=25/min ; 406/9991 batches
[07:15:01]   +5 [partial_knowledge] ; total=2035 ; rate=25/min ; 407/9991 batches
[07:15:07]   +5 [partial_knowledge] ; total=2040 ; rate=25/min ; 408/9991 batches
[07:15:39]   +5 [partial_knowledge] ; total=2045 ; rate=25/min ; 409/9991 batches
[07:15:42]   +5 [partial_knowledge] ; total=2050 ; rate=25/min ; 410/9991 batches
[07:15:47]   +5 [partial_knowledge] ; total=2055 ; rate=25/min ; 411/9991 batches
[07:15:52]   +5 [partial_knowledge] ; total=2060 ; rate=25/min ; 412/9991 batches
[07:16:24]   +5 [partial_knowledge] ; total=2065 ; rate=25/min ; 413/9991 batches
[07:16:26]   +5 [partial_knowledge] ; total=2070 ; rate=25/min ; 414/9991 batches
[07:16:33]   +5 [partial_knowledge] ; total=2075 ; rate=25/min ; 415/9991 batches
[07:16:44]   +5 [partial_knowledge] ; total=2080 ; rate=25/min ; 416/9991 batches
[07:17:08]   +5 [partial_knowledge] ; total=2085 ; rate=25/min ; 417/9991 batches
[07:17:10]   +5 [partial_knowledge] ; total=2090 ; rate=25/min ; 418/9991 batches
[07:17:27]   +5 [partial_knowledge] ; total=2095 ; rate=25/min ; 419/9991 batches
[07:17:32]   +5 [partial_knowledge] ; total=2100 ; rate=25/min ; 420/9991 batches
[07:17:48]   +5 [partial_knowledge] ; total=2105 ; rate=25/min ; 421/9991 batches
[07:17:55]   +5 [partial_knowledge] ; total=2110 ; rate=25/min ; 422/9991 batches
[07:18:11]   +5 [partial_knowledge] ; total=2115 ; rate=25/min ; 423/9991 batches
[07:18:18]   +5 [partial_knowledge] ; total=2120 ; rate=25/min ; 424/9991 batches
[07:18:36]   +5 [partial_knowledge] ; total=2125 ; rate=25/min ; 425/9991 batches
[07:18:42]   +5 [partial_knowledge] ; total=2130 ; rate=25/min ; 426/9991 batches
[07:18:54]   +5 [partial_knowledge] ; total=2135 ; rate=25/min ; 427/9991 batches
[07:19:05]   +5 [partial_knowledge] ; total=2140 ; rate=25/min ; 428/9991 batches
[07:19:22]   +5 [partial_knowledge] ; total=2145 ; rate=25/min ; 429/9991 batches
[07:19:28]   +5 [partial_knowledge] ; total=2150 ; rate=25/min ; 430/9991 batches
[07:19:41]   +5 [partial_knowledge] ; total=2155 ; rate=25/min ; 431/9991 batches
[07:19:55]   +5 [partial_knowledge] ; total=2160 ; rate=25/min ; 432/9991 batches
[07:20:06]   +5 [partial_knowledge] ; total=2165 ; rate=25/min ; 433/9991 batches
[07:20:22]   +5 [partial_knowledge] ; total=2170 ; rate=25/min ; 434/9991 batches
[07:20:33]   +5 [partial_knowledge] ; total=2175 ; rate=25/min ; 435/9991 batches
[07:20:44]   +5 [partial_knowledge] ; total=2180 ; rate=25/min ; 436/9991 batches
[07:20:55]   +5 [partial_knowledge] ; total=2185 ; rate=25/min ; 437/9991 batches
[07:21:18]   +5 [partial_knowledge] ; total=2190 ; rate=25/min ; 438/9991 batches
[07:21:24]   +5 [partial_knowledge] ; total=2195 ; rate=25/min ; 439/9991 batches
[07:21:31]   +5 [partial_knowledge] ; total=2200 ; rate=25/min ; 440/9991 batches
[07:21:42]   +5 [partial_knowledge] ; total=2205 ; rate=25/min ; 441/9991 batches
[07:22:10]   +5 [partial_knowledge] ; total=2210 ; rate=25/min ; 442/9991 batches
[07:22:13]   +5 [partial_knowledge] ; total=2215 ; rate=25/min ; 443/9991 batches
[07:22:18]   +5 [partial_knowledge] ; total=2220 ; rate=25/min ; 444/9991 batches
[07:22:30]   +5 [partial_knowledge] ; total=2225 ; rate=25/min ; 445/9991 batches
[07:22:58]   +5 [partial_knowledge] ; total=2230 ; rate=25/min ; 446/9991 batches
[07:23:01]   +5 [partial_knowledge] ; total=2235 ; rate=25/min ; 447/9991 batches
[07:23:18]   +5 [partial_knowledge] ; total=2240 ; rate=25/min ; 448/9991 batches
[07:23:21]   +5 [partial_knowledge] ; total=2245 ; rate=25/min ; 449/9991 batches
[07:23:47]   +5 [partial_knowledge] ; total=2250 ; rate=25/min ; 450/9991 batches
[07:23:50]   +5 [partial_knowledge] ; total=2255 ; rate=25/min ; 451/9991 batches
[07:24:05]   +5 [partial_knowledge] ; total=2260 ; rate=25/min ; 452/9991 batches
[07:24:05]   +5 [partial_knowledge] ; total=2265 ; rate=25/min ; 453/9991 batches
[07:24:34]   +5 [partial_knowledge] ; total=2270 ; rate=25/min ; 454/9991 batches
[07:24:38]   +5 [partial_knowledge] ; total=2275 ; rate=25/min ; 455/9991 batches
[07:24:50]   +5 [partial_knowledge] ; total=2280 ; rate=25/min ; 456/9991 batches
[07:24:53]   +5 [partial_knowledge] ; total=2285 ; rate=25/min ; 457/9991 batches
[07:25:22]   +5 [partial_knowledge] ; total=2290 ; rate=25/min ; 458/9991 batches
[07:25:25]   +5 [partial_knowledge] ; total=2295 ; rate=25/min ; 459/9991 batches
[07:25:36]   +5 [partial_knowledge] ; total=2300 ; rate=25/min ; 460/9991 batches
[07:25:41]   +5 [partial_knowledge] ; total=2305 ; rate=25/min ; 461/9991 batches
[07:26:05]   +5 [partial_knowledge] ; total=2310 ; rate=25/min ; 462/9991 batches
[07:26:20]   +5 [partial_knowledge] ; total=2315 ; rate=25/min ; 463/9991 batches
[07:26:22]   +5 [partial_knowledge] ; total=2320 ; rate=25/min ; 464/9991 batches
[07:26:30]   +5 [partial_knowledge] ; total=2325 ; rate=25/min ; 465/9991 batches
[07:26:45]   +5 [partial_knowledge] ; total=2330 ; rate=25/min ; 466/9991 batches
[07:27:04]   +5 [partial_knowledge] ; total=2335 ; rate=25/min ; 467/9991 batches
[07:27:15]   +5 [partial_knowledge] ; total=2340 ; rate=25/min ; 468/9991 batches
[07:27:20]   +5 [partial_knowledge] ; total=2345 ; rate=25/min ; 469/9991 batches
[07:27:31]   +5 [partial_knowledge] ; total=2350 ; rate=25/min ; 470/9991 batches
[07:27:49]   +5 [partial_knowledge] ; total=2355 ; rate=25/min ; 471/9991 batches
[07:28:01]   +5 [partial_knowledge] ; total=2360 ; rate=25/min ; 472/9991 batches
[07:28:07]   +5 [partial_knowledge] ; total=2365 ; rate=25/min ; 473/9991 batches
[07:28:28]   +5 [partial_knowledge] ; total=2370 ; rate=25/min ; 474/9991 batches
[07:28:39]   +5 [partial_knowledge] ; total=2375 ; rate=25/min ; 475/9991 batches
[07:28:49]   +5 [partial_knowledge] ; total=2380 ; rate=25/min ; 476/9991 batches
[07:28:51]   +5 [partial_knowledge] ; total=2385 ; rate=25/min ; 477/9991 batches
[07:29:11]   +5 [partial_knowledge] ; total=2390 ; rate=25/min ; 478/9991 batches
[07:29:27]   +5 [partial_knowledge] ; total=2395 ; rate=25/min ; 479/9991 batches
[07:29:34]   +5 [partial_knowledge] ; total=2400 ; rate=25/min ; 480/9991 batches
[07:29:39]   +5 [partial_knowledge] ; total=2405 ; rate=25/min ; 481/9991 batches
[07:29:51]   +5 [partial_knowledge] ; total=2410 ; rate=25/min ; 482/9991 batches
[07:30:12]   +5 [partial_knowledge] ; total=2415 ; rate=25/min ; 483/9991 batches
[07:30:25]   +5 [partial_knowledge] ; total=2420 ; rate=25/min ; 484/9991 batches
[07:30:30]   +5 [partial_knowledge] ; total=2425 ; rate=25/min ; 485/9991 batches
[07:30:31]   +5 [partial_knowledge] ; total=2430 ; rate=25/min ; 486/9991 batches
[07:30:59]   +5 [partial_knowledge] ; total=2435 ; rate=25/min ; 487/9991 batches
[07:31:08]   +5 [partial_knowledge] ; total=2440 ; rate=25/min ; 488/9991 batches
[07:31:14]   +5 [partial_knowledge] ; total=2445 ; rate=25/min ; 489/9991 batches
[07:31:18]   +5 [partial_knowledge] ; total=2450 ; rate=25/min ; 490/9991 batches
[07:31:52]   +5 [partial_knowledge] ; total=2455 ; rate=25/min ; 491/9991 batches
[07:31:59]   +5 [partial_knowledge] ; total=2460 ; rate=25/min ; 492/9991 batches
[07:32:00]   +5 [partial_knowledge] ; total=2465 ; rate=25/min ; 493/9991 batches
[07:32:07]   +5 [partial_knowledge] ; total=2470 ; rate=25/min ; 494/9991 batches
[07:32:39]   +5 [partial_knowledge] ; total=2475 ; rate=25/min ; 495/9991 batches
[07:32:45]   +5 [partial_knowledge] ; total=2480 ; rate=25/min ; 496/9991 batches
[07:32:47]   +5 [partial_knowledge] ; total=2485 ; rate=25/min ; 497/9991 batches
[07:33:00]   +5 [partial_knowledge] ; total=2490 ; rate=25/min ; 498/9991 batches
[07:33:27]   +5 [partial_knowledge] ; total=2495 ; rate=25/min ; 499/9991 batches
[07:33:37]   +5 [partial_knowledge] ; total=2500 ; rate=25/min ; 500/9991 batches
[07:33:39]   +5 [partial_knowledge] ; total=2505 ; rate=25/min ; 501/9991 batches
[07:33:48]   +5 [partial_knowledge] ; total=2510 ; rate=25/min ; 502/9991 batches
[07:34:14]   +5 [partial_knowledge] ; total=2515 ; rate=25/min ; 503/9991 batches
[07:34:22]   +5 [partial_knowledge] ; total=2520 ; rate=25/min ; 504/9991 batches
[07:34:26]   +5 [partial_knowledge] ; total=2525 ; rate=25/min ; 505/9991 batches
[07:34:36]   +5 [partial_knowledge] ; total=2530 ; rate=25/min ; 506/9991 batches
[07:35:06]   +5 [partial_knowledge] ; total=2535 ; rate=25/min ; 507/9991 batches
[07:35:08]   +5 [partial_knowledge] ; total=2540 ; rate=25/min ; 508/9991 batches
[07:35:09]   +5 [partial_knowledge] ; total=2545 ; rate=25/min ; 509/9991 batches
[07:35:24]   +5 [partial_knowledge] ; total=2550 ; rate=25/min ; 510/9991 batches
[07:35:50]   +5 [partial_knowledge] ; total=2555 ; rate=25/min ; 511/9991 batches
[07:35:55]   +5 [partial_knowledge] ; total=2560 ; rate=25/min ; 512/9991 batches
[07:36:01]   +5 [partial_knowledge] ; total=2565 ; rate=25/min ; 513/9991 batches
[07:36:07]   +5 [partial_knowledge] ; total=2570 ; rate=25/min ; 514/9991 batches
[07:36:38]   +5 [partial_knowledge] ; total=2575 ; rate=25/min ; 515/9991 batches
[07:36:45]   +5 [partial_knowledge] ; total=2580 ; rate=25/min ; 516/9991 batches
[07:36:52]   +5 [partial_knowledge] ; total=2585 ; rate=25/min ; 517/9991 batches
[07:36:53]   +5 [partial_knowledge] ; total=2590 ; rate=25/min ; 518/9991 batches
[07:37:26]   +5 [partial_knowledge] ; total=2595 ; rate=25/min ; 519/9991 batches
[07:37:30]   +5 [partial_knowledge] ; total=2600 ; rate=25/min ; 520/9991 batches
[07:37:35]   +5 [partial_knowledge] ; total=2605 ; rate=25/min ; 521/9991 batches
[07:37:39]   +5 [partial_knowledge] ; total=2610 ; rate=25/min ; 522/9991 batches
[07:38:12]   +5 [partial_knowledge] ; total=2615 ; rate=25/min ; 523/9991 batches
[07:38:14]   +5 [partial_knowledge] ; total=2620 ; rate=25/min ; 524/9991 batches
[07:38:15]   +5 [partial_knowledge] ; total=2625 ; rate=25/min ; 525/9991 batches
[07:38:25]   +5 [partial_knowledge] ; total=2630 ; rate=25/min ; 526/9991 batches
[07:38:57]   +5 [partial_knowledge] ; total=2635 ; rate=25/min ; 527/9991 batches
[07:38:58]   +5 [partial_knowledge] ; total=2640 ; rate=25/min ; 528/9991 batches
[07:39:05]   +5 [partial_knowledge] ; total=2645 ; rate=25/min ; 529/9991 batches
[07:39:06]   +5 [partial_knowledge] ; total=2650 ; rate=25/min ; 530/9991 batches
[07:39:43]   +5 [partial_knowledge] ; total=2655 ; rate=25/min ; 531/9991 batches
[07:39:46]   +5 [partial_knowledge] ; total=2660 ; rate=25/min ; 532/9991 batches
[07:39:49]   +5 [partial_knowledge] ; total=2665 ; rate=25/min ; 533/9991 batches
[07:39:55]   +5 [partial_knowledge] ; total=2670 ; rate=25/min ; 534/9991 batches
[07:40:28]   +5 [partial_knowledge] ; total=2675 ; rate=25/min ; 535/9991 batches
[07:40:38]   +5 [partial_knowledge] ; total=2680 ; rate=25/min ; 536/9991 batches
[07:40:39]   +5 [partial_knowledge] ; total=2685 ; rate=25/min ; 537/9991 batches
[07:40:40]   +5 [partial_knowledge] ; total=2690 ; rate=25/min ; 538/9991 batches
[07:41:16]   +5 [partial_knowledge] ; total=2695 ; rate=25/min ; 539/9991 batches
[07:41:23]   +5 [partial_knowledge] ; total=2700 ; rate=25/min ; 540/9991 batches
[07:41:29]   +5 [partial_knowledge] ; total=2705 ; rate=25/min ; 541/9991 batches
[07:41:31]   +5 [partial_knowledge] ; total=2710 ; rate=25/min ; 542/9991 batches
[07:42:08]   +5 [partial_knowledge] ; total=2715 ; rate=25/min ; 543/9991 batches
[07:42:13]   +5 [partial_knowledge] ; total=2720 ; rate=25/min ; 544/9991 batches
[07:42:17]   +5 [partial_knowledge] ; total=2725 ; rate=25/min ; 545/9991 batches
[07:42:19]   +5 [partial_knowledge] ; total=2730 ; rate=25/min ; 546/9991 batches
[07:42:55]   +5 [partial_knowledge] ; total=2735 ; rate=25/min ; 547/9991 batches
[07:42:58]   +5 [partial_knowledge] ; total=2740 ; rate=25/min ; 548/9991 batches
[07:42:58]   +5 [partial_knowledge] ; total=2745 ; rate=25/min ; 549/9991 batches
[07:43:06]   +5 [partial_knowledge] ; total=2750 ; rate=25/min ; 550/9991 batches
[07:43:42]   +5 [partial_knowledge] ; total=2755 ; rate=25/min ; 551/9991 batches
[07:43:44]   +5 [partial_knowledge] ; total=2760 ; rate=25/min ; 552/9991 batches
[07:43:50]   +5 [partial_knowledge] ; total=2765 ; rate=25/min ; 553/9991 batches
[07:44:04]   +5 [partial_knowledge] ; total=2770 ; rate=25/min ; 554/9991 batches
[07:44:25]   +5 [partial_knowledge] ; total=2775 ; rate=25/min ; 555/9991 batches
[07:44:33]   +5 [partial_knowledge] ; total=2780 ; rate=25/min ; 556/9991 batches
[07:44:37]   +5 [partial_knowledge] ; total=2785 ; rate=25/min ; 557/9991 batches
[07:44:50]   +5 [partial_knowledge] ; total=2790 ; rate=25/min ; 558/9991 batches
[07:45:08]   +5 [partial_knowledge] ; total=2795 ; rate=25/min ; 559/9991 batches
[07:45:28]   +5 [partial_knowledge] ; total=2800 ; rate=25/min ; 560/9991 batches
[07:45:29]   +5 [partial_knowledge] ; total=2805 ; rate=25/min ; 561/9991 batches
[07:45:40]   +5 [partial_knowledge] ; total=2810 ; rate=25/min ; 562/9991 batches
[07:45:53]   +5 [partial_knowledge] ; total=2815 ; rate=25/min ; 563/9991 batches
[07:46:08]   +5 [partial_knowledge] ; total=2820 ; rate=25/min ; 564/9991 batches
[07:46:17]   +5 [partial_knowledge] ; total=2825 ; rate=25/min ; 565/9991 batches
[07:46:25]   +5 [partial_knowledge] ; total=2830 ; rate=25/min ; 566/9991 batches
[07:46:40]   +5 [partial_knowledge] ; total=2835 ; rate=25/min ; 567/9991 batches
[07:46:51]   +5 [partial_knowledge] ; total=2840 ; rate=25/min ; 568/9991 batches
[07:47:10]   +5 [partial_knowledge] ; total=2845 ; rate=25/min ; 569/9991 batches
[07:47:11]   +5 [partial_knowledge] ; total=2850 ; rate=25/min ; 570/9991 batches
[07:47:25]   +5 [partial_knowledge] ; total=2855 ; rate=25/min ; 571/9991 batches
[07:47:42]   +5 [partial_knowledge] ; total=2860 ; rate=25/min ; 572/9991 batches
[07:47:58]   +5 [partial_knowledge] ; total=2865 ; rate=25/min ; 573/9991 batches
[07:48:07]   +5 [partial_knowledge] ; total=2870 ; rate=25/min ; 574/9991 batches
[07:48:09]   +5 [partial_knowledge] ; total=2875 ; rate=25/min ; 575/9991 batches
[07:48:27]   +5 [partial_knowledge] ; total=2880 ; rate=25/min ; 576/9991 batches
[07:48:49]   +5 [partial_knowledge] ; total=2885 ; rate=25/min ; 577/9991 batches
[07:48:54]   +5 [partial_knowledge] ; total=2890 ; rate=25/min ; 578/9991 batches
[07:48:58]   +5 [partial_knowledge] ; total=2895 ; rate=25/min ; 579/9991 batches
[07:49:13]   +5 [partial_knowledge] ; total=2900 ; rate=25/min ; 580/9991 batches
[07:49:35]   +5 [partial_knowledge] ; total=2905 ; rate=25/min ; 581/9991 batches
[07:49:41]   +5 [partial_knowledge] ; total=2910 ; rate=25/min ; 582/9991 batches
[07:49:43]   +5 [partial_knowledge] ; total=2915 ; rate=25/min ; 583/9991 batches
[07:50:02]   +5 [partial_knowledge] ; total=2920 ; rate=25/min ; 584/9991 batches
[07:50:21]   +5 [partial_knowledge] ; total=2925 ; rate=25/min ; 585/9991 batches
[07:50:27]   +5 [partial_knowledge] ; total=2930 ; rate=25/min ; 586/9991 batches
[07:50:31]   +5 [partial_knowledge] ; total=2935 ; rate=25/min ; 587/9991 batches
[07:50:46]   +5 [partial_knowledge] ; total=2940 ; rate=25/min ; 588/9991 batches
[07:51:08]   +5 [partial_knowledge] ; total=2945 ; rate=25/min ; 589/9991 batches
[07:51:16]   +5 [partial_knowledge] ; total=2950 ; rate=25/min ; 590/9991 batches
[07:51:20]   +5 [partial_knowledge] ; total=2955 ; rate=25/min ; 591/9991 batches
[07:51:32]   +5 [partial_knowledge] ; total=2960 ; rate=25/min ; 592/9991 batches
[07:51:56]   +5 [partial_knowledge] ; total=2965 ; rate=25/min ; 593/9991 batches
[07:52:02]   +5 [partial_knowledge] ; total=2970 ; rate=25/min ; 594/9991 batches
[07:52:04]   +5 [partial_knowledge] ; total=2975 ; rate=25/min ; 595/9991 batches
[07:52:13]   +5 [partial_knowledge] ; total=2980 ; rate=25/min ; 596/9991 batches
[07:52:47]   +5 [partial_knowledge] ; total=2985 ; rate=25/min ; 597/9991 batches
[07:52:48]   +5 [partial_knowledge] ; total=2990 ; rate=25/min ; 598/9991 batches
[07:52:52]   +5 [partial_knowledge] ; total=2995 ; rate=25/min ; 599/9991 batches
[07:52:55]   +5 [partial_knowledge] ; total=3000 ; rate=25/min ; 600/9991 batches
[07:53:32]   +5 [partial_knowledge] ; total=3005 ; rate=25/min ; 601/9991 batches
[07:53:36]   +5 [partial_knowledge] ; total=3010 ; rate=25/min ; 602/9991 batches
[07:53:36]   +5 [partial_knowledge] ; total=3015 ; rate=25/min ; 603/9991 batches
[07:53:39]   +5 [partial_knowledge] ; total=3020 ; rate=25/min ; 604/9991 batches
[07:54:18]   +5 [partial_knowledge] ; total=3025 ; rate=25/min ; 605/9991 batches
[07:54:19]   +5 [partial_knowledge] ; total=3030 ; rate=25/min ; 606/9991 batches
[07:54:21]   +5 [partial_knowledge] ; total=3035 ; rate=25/min ; 607/9991 batches
[07:54:26]   +5 [partial_knowledge] ; total=3040 ; rate=25/min ; 608/9991 batches
[07:55:03]   +5 [partial_knowledge] ; total=3045 ; rate=25/min ; 609/9991 batches
[07:55:04]   +5 [partial_knowledge] ; total=3050 ; rate=25/min ; 610/9991 batches
[07:55:10]   +5 [partial_knowledge] ; total=3055 ; rate=25/min ; 611/9991 batches
[07:55:18]   +5 [partial_knowledge] ; total=3060 ; rate=25/min ; 612/9991 batches
[07:55:49]   +5 [partial_knowledge] ; total=3065 ; rate=25/min ; 613/9991 batches
[07:55:51]   +5 [partial_knowledge] ; total=3070 ; rate=25/min ; 614/9991 batches
[07:55:57]   +5 [partial_knowledge] ; total=3075 ; rate=25/min ; 615/9991 batches
[07:56:03]   +5 [partial_knowledge] ; total=3080 ; rate=25/min ; 616/9991 batches
[07:56:31]   +5 [partial_knowledge] ; total=3085 ; rate=25/min ; 617/9991 batches
[07:56:37]   +5 [partial_knowledge] ; total=3090 ; rate=25/min ; 618/9991 batches
[07:56:46]   +5 [partial_knowledge] ; total=3095 ; rate=25/min ; 619/9991 batches
[07:56:50]   +5 [partial_knowledge] ; total=3100 ; rate=25/min ; 620/9991 batches
[07:57:17]   +5 [partial_knowledge] ; total=3105 ; rate=25/min ; 621/9991 batches
[07:57:26]   +5 [partial_knowledge] ; total=3110 ; rate=25/min ; 622/9991 batches
[07:57:31]   +5 [partial_knowledge] ; total=3115 ; rate=25/min ; 623/9991 batches
[07:57:40]   +5 [partial_knowledge] ; total=3120 ; rate=25/min ; 624/9991 batches
[07:58:11]   +5 [partial_knowledge] ; total=3125 ; rate=25/min ; 625/9991 batches
[07:58:19]   +5 [partial_knowledge] ; total=3130 ; rate=25/min ; 626/9991 batches
[07:58:22]   +5 [partial_knowledge] ; total=3135 ; rate=25/min ; 627/9991 batches
[07:58:34]   +5 [partial_knowledge] ; total=3140 ; rate=25/min ; 628/9991 batches
[07:58:56]   +5 [partial_knowledge] ; total=3145 ; rate=25/min ; 629/9991 batches
[07:59:04]   +5 [partial_knowledge] ; total=3150 ; rate=25/min ; 630/9991 batches
[07:59:10]   +5 [partial_knowledge] ; total=3155 ; rate=25/min ; 631/9991 batches
[07:59:27]   +5 [partial_knowledge] ; total=3160 ; rate=25/min ; 632/9991 batches
[07:59:44]   +5 [partial_knowledge] ; total=3165 ; rate=25/min ; 633/9991 batches
[07:59:45]   +5 [partial_knowledge] ; total=3170 ; rate=25/min ; 634/9991 batches
[08:00:02]   +5 [partial_knowledge] ; total=3175 ; rate=25/min ; 635/9991 batches
[08:00:13]   +5 [partial_knowledge] ; total=3180 ; rate=25/min ; 636/9991 batches
[08:00:27]   +5 [partial_knowledge] ; total=3185 ; rate=25/min ; 637/9991 batches
[08:00:29]   +5 [partial_knowledge] ; total=3190 ; rate=25/min ; 638/9991 batches
[08:00:57]   +5 [partial_knowledge] ; total=3195 ; rate=25/min ; 639/9991 batches
[08:01:02]   +5 [partial_knowledge] ; total=3200 ; rate=25/min ; 640/9991 batches
[08:01:15]   +5 [partial_knowledge] ; total=3205 ; rate=25/min ; 641/9991 batches
[08:01:18]   +5 [partial_knowledge] ; total=3210 ; rate=25/min ; 642/9991 batches
[08:01:48]   +5 [partial_knowledge] ; total=3215 ; rate=25/min ; 643/9991 batches
[08:01:50]   +5 [partial_knowledge] ; total=3220 ; rate=25/min ; 644/9991 batches
[08:02:07]   +5 [partial_knowledge] ; total=3225 ; rate=25/min ; 645/9991 batches
[08:02:09]   +5 [partial_knowledge] ; total=3230 ; rate=25/min ; 646/9991 batches
[08:02:38]   +5 [partial_knowledge] ; total=3235 ; rate=25/min ; 647/9991 batches
[08:02:39]   +5 [partial_knowledge] ; total=3240 ; rate=25/min ; 648/9991 batches
[08:02:56]   +5 [partial_knowledge] ; total=3245 ; rate=25/min ; 649/9991 batches
[08:02:58]   +5 [partial_knowledge] ; total=3250 ; rate=25/min ; 650/9991 batches
[08:03:29]   +5 [partial_knowledge] ; total=3255 ; rate=25/min ; 651/9991 batches
[08:03:32]   +5 [partial_knowledge] ; total=3260 ; rate=25/min ; 652/9991 batches
[08:03:39]   +5 [partial_knowledge] ; total=3265 ; rate=25/min ; 653/9991 batches
[08:03:47]   +5 [partial_knowledge] ; total=3270 ; rate=25/min ; 654/9991 batches
[08:04:13]   +5 [partial_knowledge] ; total=3275 ; rate=25/min ; 655/9991 batches
[08:04:21]   +5 [partial_knowledge] ; total=3280 ; rate=25/min ; 656/9991 batches
[08:04:26]   +5 [partial_knowledge] ; total=3285 ; rate=25/min ; 657/9991 batches
[08:04:35]   +5 [partial_knowledge] ; total=3290 ; rate=25/min ; 658/9991 batches
[08:04:58]   +5 [partial_knowledge] ; total=3295 ; rate=25/min ; 659/9991 batches
[08:04:58]   +5 [partial_knowledge] ; total=3300 ; rate=25/min ; 660/9991 batches
[08:05:17]   +5 [partial_knowledge] ; total=3305 ; rate=25/min ; 661/9991 batches
[08:05:31]   +5 [partial_knowledge] ; total=3310 ; rate=25/min ; 662/9991 batches
[08:05:42]   +5 [partial_knowledge] ; total=3315 ; rate=25/min ; 663/9991 batches
[08:05:54]   +5 [partial_knowledge] ; total=3320 ; rate=25/min ; 664/9991 batches
[08:06:03]   +5 [partial_knowledge] ; total=3325 ; rate=25/min ; 665/9991 batches
[08:06:19]   +5 [partial_knowledge] ; total=3330 ; rate=25/min ; 666/9991 batches
[08:06:29]   +5 [partial_knowledge] ; total=3335 ; rate=25/min ; 667/9991 batches
[08:06:43]   +5 [partial_knowledge] ; total=3340 ; rate=25/min ; 668/9991 batches
[08:06:51]   +5 [partial_knowledge] ; total=3345 ; rate=25/min ; 669/9991 batches
[08:07:05]   +5 [partial_knowledge] ; total=3350 ; rate=25/min ; 670/9991 batches
[08:07:20]   +5 [partial_knowledge] ; total=3355 ; rate=25/min ; 671/9991 batches
[08:07:40]   +5 [partial_knowledge] ; total=3360 ; rate=25/min ; 672/9991 batches
[08:07:41]   +5 [partial_knowledge] ; total=3365 ; rate=25/min ; 673/9991 batches
[08:07:48]   +5 [partial_knowledge] ; total=3370 ; rate=25/min ; 674/9991 batches
[08:08:07]   +5 [partial_knowledge] ; total=3375 ; rate=25/min ; 675/9991 batches
[08:08:22]   +5 [partial_knowledge] ; total=3380 ; rate=25/min ; 676/9991 batches
[08:08:34]   +5 [partial_knowledge] ; total=3385 ; rate=25/min ; 677/9991 batches
[08:08:39]   +5 [partial_knowledge] ; total=3390 ; rate=25/min ; 678/9991 batches
[08:08:55]   +5 [partial_knowledge] ; total=3395 ; rate=25/min ; 679/9991 batches
[08:09:08]   +5 [partial_knowledge] ; total=3400 ; rate=25/min ; 680/9991 batches
[08:09:24]   +5 [partial_knowledge] ; total=3405 ; rate=25/min ; 681/9991 batches
[08:09:27]   +5 [partial_knowledge] ; total=3410 ; rate=25/min ; 682/9991 batches
[08:09:37]   +5 [partial_knowledge] ; total=3415 ; rate=25/min ; 683/9991 batches
[08:10:03]   +5 [partial_knowledge] ; total=3420 ; rate=25/min ; 684/9991 batches
[08:10:08]   +5 [partial_knowledge] ; total=3425 ; rate=25/min ; 685/9991 batches
[08:10:09]   +5 [partial_knowledge] ; total=3430 ; rate=25/min ; 686/9991 batches
[08:10:22]   +5 [partial_knowledge] ; total=3435 ; rate=25/min ; 687/9991 batches
[08:10:48]   +5 [partial_knowledge] ; total=3440 ; rate=25/min ; 688/9991 batches
[08:10:54]   +5 [partial_knowledge] ; total=3445 ; rate=25/min ; 689/9991 batches
[08:10:55]   +5 [partial_knowledge] ; total=3450 ; rate=25/min ; 690/9991 batches
[08:11:07]   +5 [partial_knowledge] ; total=3455 ; rate=25/min ; 691/9991 batches
[08:11:36]   +5 [partial_knowledge] ; total=3460 ; rate=25/min ; 692/9991 batches
[08:11:39]   +5 [partial_knowledge] ; total=3465 ; rate=25/min ; 693/9991 batches
[08:11:46]   +5 [partial_knowledge] ; total=3470 ; rate=25/min ; 694/9991 batches
[08:11:51]   +5 [partial_knowledge] ; total=3475 ; rate=25/min ; 695/9991 batches
[08:12:27]   +5 [partial_knowledge] ; total=3480 ; rate=25/min ; 696/9991 batches
[08:12:32]   +5 [partial_knowledge] ; total=3485 ; rate=25/min ; 697/9991 batches
[08:12:33]   +5 [partial_knowledge] ; total=3490 ; rate=25/min ; 698/9991 batches
[08:12:40]   +5 [partial_knowledge] ; total=3495 ; rate=25/min ; 699/9991 batches
[08:13:14]   +5 [partial_knowledge] ; total=3500 ; rate=25/min ; 700/9991 batches
[08:13:18]   +5 [partial_knowledge] ; total=3505 ; rate=25/min ; 701/9991 batches
[08:13:19]   +5 [partial_knowledge] ; total=3510 ; rate=25/min ; 702/9991 batches
[08:13:29]   +5 [partial_knowledge] ; total=3515 ; rate=25/min ; 703/9991 batches
[08:13:56]   +5 [partial_knowledge] ; total=3520 ; rate=25/min ; 704/9991 batches
[08:14:00]   +5 [partial_knowledge] ; total=3525 ; rate=25/min ; 705/9991 batches
[08:14:05]   +5 [partial_knowledge] ; total=3530 ; rate=25/min ; 706/9991 batches
[08:14:21]   +5 [partial_knowledge] ; total=3535 ; rate=25/min ; 707/9991 batches
[08:14:44]   +5 [partial_knowledge] ; total=3540 ; rate=25/min ; 708/9991 batches
[08:14:45]   +5 [partial_knowledge] ; total=3545 ; rate=25/min ; 709/9991 batches
[08:14:56]   +5 [partial_knowledge] ; total=3550 ; rate=25/min ; 710/9991 batches
[08:15:06]   +5 [partial_knowledge] ; total=3555 ; rate=25/min ; 711/9991 batches
[08:15:31]   +5 [partial_knowledge] ; total=3560 ; rate=25/min ; 712/9991 batches
[08:15:36]   +5 [partial_knowledge] ; total=3565 ; rate=25/min ; 713/9991 batches
[08:15:42]   +5 [partial_knowledge] ; total=3570 ; rate=25/min ; 714/9991 batches
[08:15:49]   +5 [partial_knowledge] ; total=3575 ; rate=25/min ; 715/9991 batches
[08:16:16]   +5 [partial_knowledge] ; total=3580 ; rate=25/min ; 716/9991 batches
[08:16:19]   +5 [partial_knowledge] ; total=3585 ; rate=25/min ; 717/9991 batches
[08:16:35]   +5 [partial_knowledge] ; total=3590 ; rate=25/min ; 718/9991 batches
[08:16:37]   +5 [partial_knowledge] ; total=3595 ; rate=25/min ; 719/9991 batches
[08:17:04]   +5 [partial_knowledge] ; total=3600 ; rate=25/min ; 720/9991 batches
[08:17:07]   +5 [partial_knowledge] ; total=3605 ; rate=25/min ; 721/9991 batches
[08:17:19]   +5 [partial_knowledge] ; total=3610 ; rate=25/min ; 722/9991 batches
[08:17:34]   +5 [partial_knowledge] ; total=3615 ; rate=25/min ; 723/9991 batches
[08:17:50]   +5 [partial_knowledge] ; total=3620 ; rate=25/min ; 724/9991 batches
[08:17:55]   +5 [partial_knowledge] ; total=3625 ; rate=25/min ; 725/9991 batches
[08:18:10]   +5 [partial_knowledge] ; total=3630 ; rate=25/min ; 726/9991 batches
[08:18:23]   +5 [partial_knowledge] ; total=3635 ; rate=25/min ; 727/9991 batches
[08:18:32]   +5 [partial_knowledge] ; total=3640 ; rate=25/min ; 728/9991 batches
[08:18:42]   +5 [partial_knowledge] ; total=3645 ; rate=25/min ; 729/9991 batches
[08:18:54]   +5 [partial_knowledge] ; total=3650 ; rate=25/min ; 730/9991 batches
[08:19:08]   +5 [partial_knowledge] ; total=3655 ; rate=25/min ; 731/9991 batches
[08:19:19]   +5 [partial_knowledge] ; total=3660 ; rate=25/min ; 732/9991 batches
[08:19:34]   +5 [partial_knowledge] ; total=3665 ; rate=25/min ; 733/9991 batches
[08:19:42]   +5 [partial_knowledge] ; total=3670 ; rate=25/min ; 734/9991 batches
[08:19:52]   +5 [partial_knowledge] ; total=3675 ; rate=25/min ; 735/9991 batches
[08:20:05]   +5 [partial_knowledge] ; total=3680 ; rate=25/min ; 736/9991 batches
[08:20:20]   +5 [partial_knowledge] ; total=3685 ; rate=25/min ; 737/9991 batches
[08:20:25]   +5 [partial_knowledge] ; total=3690 ; rate=25/min ; 738/9991 batches
[08:20:42]   +5 [partial_knowledge] ; total=3695 ; rate=25/min ; 739/9991 batches
[08:20:49]   +5 [partial_knowledge] ; total=3700 ; rate=25/min ; 740/9991 batches
[08:21:07]   +5 [partial_knowledge] ; total=3705 ; rate=25/min ; 741/9991 batches
[08:21:15]   +5 [partial_knowledge] ; total=3710 ; rate=25/min ; 742/9991 batches
[08:21:22]   +5 [partial_knowledge] ; total=3715 ; rate=25/min ; 743/9991 batches
[08:21:39]   +5 [partial_knowledge] ; total=3720 ; rate=25/min ; 744/9991 batches
[08:21:56]   +5 [partial_knowledge] ; total=3725 ; rate=25/min ; 745/9991 batches
[08:22:02]   +5 [partial_knowledge] ; total=3730 ; rate=25/min ; 746/9991 batches
[08:22:08]   +5 [partial_knowledge] ; total=3735 ; rate=25/min ; 747/9991 batches
[08:22:27]   +5 [partial_knowledge] ; total=3740 ; rate=25/min ; 748/9991 batches
[08:22:46]   +5 [partial_knowledge] ; total=3745 ; rate=25/min ; 749/9991 batches
[08:22:49]   +5 [partial_knowledge] ; total=3750 ; rate=25/min ; 750/9991 batches
[08:22:56]   +5 [partial_knowledge] ; total=3755 ; rate=25/min ; 751/9991 batches
[08:23:20]   +5 [partial_knowledge] ; total=3760 ; rate=25/min ; 752/9991 batches
[08:23:37]   +5 [partial_knowledge] ; total=3765 ; rate=25/min ; 753/9991 batches
[08:23:39]   +5 [partial_knowledge] ; total=3770 ; rate=25/min ; 754/9991 batches
[08:23:42]   +5 [partial_knowledge] ; total=3775 ; rate=25/min ; 755/9991 batches
[08:24:01]   +5 [partial_knowledge] ; total=3780 ; rate=25/min ; 756/9991 batches
[08:24:22]   +5 [partial_knowledge] ; total=3785 ; rate=25/min ; 757/9991 batches
[08:24:24]   +5 [partial_knowledge] ; total=3790 ; rate=25/min ; 758/9991 batches
[08:24:34]   +5 [partial_knowledge] ; total=3795 ; rate=25/min ; 759/9991 batches
[08:24:50]   +5 [partial_knowledge] ; total=3800 ; rate=25/min ; 760/9991 batches
[08:25:12]   +5 [partial_knowledge] ; total=3805 ; rate=25/min ; 761/9991 batches
[08:25:12]   +5 [partial_knowledge] ; total=3810 ; rate=25/min ; 762/9991 batches
[08:25:28]   +5 [partial_knowledge] ; total=3815 ; rate=25/min ; 763/9991 batches
[08:25:33]   +5 [partial_knowledge] ; total=3820 ; rate=25/min ; 764/9991 batches
[08:25:57]   +5 [partial_knowledge] ; total=3825 ; rate=25/min ; 765/9991 batches
[08:26:03]   +5 [partial_knowledge] ; total=3830 ; rate=25/min ; 766/9991 batches
[08:26:14]   +5 [partial_knowledge] ; total=3835 ; rate=25/min ; 767/9991 batches
[08:26:17]   +5 [partial_knowledge] ; total=3840 ; rate=25/min ; 768/9991 batches
[08:26:41]   +5 [partial_knowledge] ; total=3845 ; rate=25/min ; 769/9991 batches
[08:26:55]   +5 [partial_knowledge] ; total=3850 ; rate=25/min ; 770/9991 batches
[08:26:55]   +5 [partial_knowledge] ; total=3855 ; rate=25/min ; 771/9991 batches
[08:27:06]   +5 [partial_knowledge] ; total=3860 ; rate=25/min ; 772/9991 batches
[08:27:27]   +5 [partial_knowledge] ; total=3865 ; rate=25/min ; 773/9991 batches
[08:27:42]   +5 [partial_knowledge] ; total=3870 ; rate=25/min ; 774/9991 batches
[08:27:51]   +5 [partial_knowledge] ; total=3875 ; rate=25/min ; 775/9991 batches
[08:27:56]   +5 [partial_knowledge] ; total=3880 ; rate=25/min ; 776/9991 batches
[08:28:12]   +5 [partial_knowledge] ; total=3885 ; rate=25/min ; 777/9991 batches
[08:28:29]   +5 [partial_knowledge] ; total=3890 ; rate=25/min ; 778/9991 batches
[08:28:36]   +5 [partial_knowledge] ; total=3895 ; rate=25/min ; 779/9991 batches
[08:28:41]   +5 [partial_knowledge] ; total=3900 ; rate=25/min ; 780/9991 batches
[08:29:05]   +5 [partial_knowledge] ; total=3905 ; rate=25/min ; 781/9991 batches
[08:29:14]   +5 [partial_knowledge] ; total=3910 ; rate=25/min ; 782/9991 batches
[08:29:20]   +5 [partial_knowledge] ; total=3915 ; rate=25/min ; 783/9991 batches
[08:29:29]   +5 [partial_knowledge] ; total=3920 ; rate=25/min ; 784/9991 batches
[08:29:53]   +5 [partial_knowledge] ; total=3925 ; rate=25/min ; 785/9991 batches
[08:30:03]   +5 [partial_knowledge] ; total=3930 ; rate=25/min ; 786/9991 batches
[08:30:05]   +5 [partial_knowledge] ; total=3935 ; rate=25/min ; 787/9991 batches
[08:30:19]   +5 [partial_knowledge] ; total=3940 ; rate=25/min ; 788/9991 batches
[08:30:38]   +5 [partial_knowledge] ; total=3945 ; rate=25/min ; 789/9991 batches
[08:30:43]   +5 [partial_knowledge] ; total=3950 ; rate=25/min ; 790/9991 batches
[08:30:53]   +5 [partial_knowledge] ; total=3955 ; rate=25/min ; 791/9991 batches
[08:31:05]   +5 [partial_knowledge] ; total=3960 ; rate=25/min ; 792/9991 batches
[08:31:22]   +5 [partial_knowledge] ; total=3965 ; rate=25/min ; 793/9991 batches
[08:31:32]   +5 [partial_knowledge] ; total=3970 ; rate=25/min ; 794/9991 batches
[08:31:37]   +5 [partial_knowledge] ; total=3975 ; rate=25/min ; 795/9991 batches
[08:31:53]   +5 [partial_knowledge] ; total=3980 ; rate=25/min ; 796/9991 batches
[08:32:06]   +5 [partial_knowledge] ; total=3985 ; rate=25/min ; 797/9991 batches
[08:32:14]   +5 [partial_knowledge] ; total=3990 ; rate=25/min ; 798/9991 batches
[08:32:27]   +5 [partial_knowledge] ; total=3995 ; rate=25/min ; 799/9991 batches
[08:32:47]   +5 [partial_knowledge] ; total=4000 ; rate=25/min ; 800/9991 batches
[08:32:52]   +5 [partial_knowledge] ; total=4005 ; rate=25/min ; 801/9991 batches
[08:33:03]   +5 [partial_knowledge] ; total=4010 ; rate=25/min ; 802/9991 batches
[08:33:08]   +5 [partial_knowledge] ; total=4015 ; rate=25/min ; 803/9991 batches
[08:33:42]   +5 [partial_knowledge] ; total=4020 ; rate=25/min ; 804/9991 batches
[08:33:43]   +5 [partial_knowledge] ; total=4025 ; rate=25/min ; 805/9991 batches
[08:33:43]   +5 [partial_knowledge] ; total=4030 ; rate=25/min ; 806/9991 batches
[08:33:53]   +5 [partial_knowledge] ; total=4035 ; rate=25/min ; 807/9991 batches
[08:34:30]   +5 [partial_knowledge] ; total=4040 ; rate=25/min ; 808/9991 batches
[08:34:32]   +5 [partial_knowledge] ; total=4045 ; rate=25/min ; 809/9991 batches
[08:34:34]   +5 [partial_knowledge] ; total=4050 ; rate=25/min ; 810/9991 batches
[08:34:39]   +5 [partial_knowledge] ; total=4055 ; rate=25/min ; 811/9991 batches
[08:35:18]   +5 [partial_knowledge] ; total=4060 ; rate=25/min ; 812/9991 batches
[08:35:22]   +5 [partial_knowledge] ; total=4065 ; rate=25/min ; 813/9991 batches
[08:35:23]   +5 [partial_knowledge] ; total=4070 ; rate=25/min ; 814/9991 batches
[08:35:23]   +5 [partial_knowledge] ; total=4075 ; rate=25/min ; 815/9991 batches
[08:36:06]   +5 [partial_knowledge] ; total=4080 ; rate=25/min ; 816/9991 batches
[08:36:08]   +5 [partial_knowledge] ; total=4085 ; rate=25/min ; 817/9991 batches
[08:36:08]   +5 [partial_knowledge] ; total=4090 ; rate=25/min ; 818/9991 batches
[08:36:13]   +5 [partial_knowledge] ; total=4095 ; rate=25/min ; 819/9991 batches
[08:36:54]   +5 [partial_knowledge] ; total=4100 ; rate=25/min ; 820/9991 batches
[08:36:56]   +5 [partial_knowledge] ; total=4105 ; rate=25/min ; 821/9991 batches
[08:36:59]   +5 [partial_knowledge] ; total=4110 ; rate=25/min ; 822/9991 batches
[08:37:00]   +5 [partial_knowledge] ; total=4115 ; rate=25/min ; 823/9991 batches
[08:37:39]   +5 [partial_knowledge] ; total=4120 ; rate=25/min ; 824/9991 batches
[08:37:42]   +5 [partial_knowledge] ; total=4125 ; rate=25/min ; 825/9991 batches
[08:37:44]   +5 [partial_knowledge] ; total=4130 ; rate=25/min ; 826/9991 batches
[08:37:53]   +5 [partial_knowledge] ; total=4135 ; rate=25/min ; 827/9991 batches
[08:38:26]   +5 [partial_knowledge] ; total=4140 ; rate=25/min ; 828/9991 batches
[08:38:26]   +5 [partial_knowledge] ; total=4145 ; rate=25/min ; 829/9991 batches
[08:38:30]   +5 [partial_knowledge] ; total=4150 ; rate=25/min ; 830/9991 batches
[08:38:43]   +5 [partial_knowledge] ; total=4155 ; rate=25/min ; 831/9991 batches
[08:39:10]   +5 [partial_knowledge] ; total=4160 ; rate=25/min ; 832/9991 batches
[08:39:13]   +5 [partial_knowledge] ; total=4165 ; rate=25/min ; 833/9991 batches
[08:39:25]   +5 [partial_knowledge] ; total=4170 ; rate=25/min ; 834/9991 batches
[08:39:34]   +5 [partial_knowledge] ; total=4175 ; rate=25/min ; 835/9991 batches
[08:39:57]   +5 [partial_knowledge] ; total=4180 ; rate=25/min ; 836/9991 batches
[08:40:00]   +5 [partial_knowledge] ; total=4185 ; rate=25/min ; 837/9991 batches
[08:40:10]   +5 [partial_knowledge] ; total=4190 ; rate=25/min ; 838/9991 batches
[08:40:21]   +5 [partial_knowledge] ; total=4195 ; rate=25/min ; 839/9991 batches
[08:40:41]   +5 [partial_knowledge] ; total=4200 ; rate=25/min ; 840/9991 batches
[08:40:47]   +5 [partial_knowledge] ; total=4205 ; rate=25/min ; 841/9991 batches
[08:41:00]   +5 [partial_knowledge] ; total=4210 ; rate=25/min ; 842/9991 batches
[08:41:09]   +5 [partial_knowledge] ; total=4215 ; rate=25/min ; 843/9991 batches
[08:41:33]   +5 [partial_knowledge] ; total=4220 ; rate=25/min ; 844/9991 batches
[08:41:38]   +5 [partial_knowledge] ; total=4225 ; rate=25/min ; 845/9991 batches
[08:41:49]   +5 [partial_knowledge] ; total=4230 ; rate=25/min ; 846/9991 batches
[08:41:54]   +5 [partial_knowledge] ; total=4235 ; rate=25/min ; 847/9991 batches
[08:42:16]   +5 [partial_knowledge] ; total=4240 ; rate=25/min ; 848/9991 batches
[08:42:23]   +5 [partial_knowledge] ; total=4245 ; rate=25/min ; 849/9991 batches
[08:42:38]   +5 [partial_knowledge] ; total=4250 ; rate=25/min ; 850/9991 batches
[08:42:40]   +5 [partial_knowledge] ; total=4255 ; rate=25/min ; 851/9991 batches
[08:43:05]   +5 [partial_knowledge] ; total=4260 ; rate=25/min ; 852/9991 batches
[08:43:13]   +5 [partial_knowledge] ; total=4265 ; rate=25/min ; 853/9991 batches
[08:43:23]   +5 [partial_knowledge] ; total=4270 ; rate=25/min ; 854/9991 batches
[08:43:27]   +5 [partial_knowledge] ; total=4275 ; rate=25/min ; 855/9991 batches
[08:43:52]   +5 [partial_knowledge] ; total=4280 ; rate=25/min ; 856/9991 batches
[08:43:57]   +5 [partial_knowledge] ; total=4285 ; rate=25/min ; 857/9991 batches
[08:44:14]   +5 [partial_knowledge] ; total=4290 ; rate=25/min ; 858/9991 batches
[08:44:21]   +5 [partial_knowledge] ; total=4295 ; rate=25/min ; 859/9991 batches
[08:44:46]   +5 [partial_knowledge] ; total=4300 ; rate=25/min ; 860/9991 batches
[08:44:50]   +5 [partial_knowledge] ; total=4305 ; rate=25/min ; 861/9991 batches
[08:44:56]   +5 [partial_knowledge] ; total=4310 ; rate=25/min ; 862/9991 batches
[08:45:10]   +5 [partial_knowledge] ; total=4315 ; rate=25/min ; 863/9991 batches
[08:45:29]   +5 [partial_knowledge] ; total=4320 ; rate=25/min ; 864/9991 batches
[08:45:30]   FAIL [partial_knowledge]: empty_or_unparseable_after_retry
[08:45:37]   FAIL [partial_knowledge]: empty_or_unparseable_after_retry
[08:45:50]   FAIL [partial_knowledge]: empty_or_unparseable_after_retry
[08:46:10]   FAIL [partial_knowledge]: empty_or_unparseable_after_retry
[08:46:11]   FAIL [partial_knowledge]: empty_or_unparseable_after_retry
[08:46:18]   FAIL [partial_knowledge]: empty_or_unparseable_after_retry
[08:46:31]   FAIL [partial_knowledge]: empty_or_unparseable_after_retry
[08:46:50]   FAIL [partial_knowledge]: empty_or_unparseable_after_retry
[08:46:52]   FAIL [partial_knowledge]: empty_or_unparseable_after_retry
[08:46:59]   FAIL [partial_knowledge]: empty_or_unparseable_after_retry
[08:47:12]   FAIL [partial_knowledge]: empty_or_unparseable_after_retry
[08:47:31]   FAIL [partial_knowledge]: empty_or_unparseable_after_retry
[08:47:33]   FAIL [partial_knowledge]: empty_or_unparseable_after_retry
[08:47:40]   FAIL [partial_knowledge]: empty_or_unparseable_after_retry
[08:47:53]   FAIL [partial_knowledge]: empty_or_unparseable_after_retry
[08:48:12]   FAIL [partial_knowledge]: empty_or_unparseable_after_retry
[08:48:14]   FAIL [partial_knowledge]: empty_or_unparseable_after_retry
[08:48:21]   FAIL [partial_knowledge]: empty_or_unparseable_after_retry
[08:48:34]   FAIL [partial_knowledge]: empty_or_unparseable_after_retry
[08:48:53]   FAIL [partial_knowledge]: empty_or_unparseable_after_retry
[08:48:55]   FAIL [partial_knowledge]: empty_or_unparseable_after_retry
[08:49:02]   FAIL [partial_knowledge]: empty_or_unparseable_after_retry
[08:49:15]   FAIL [partial_knowledge]: empty_or_unparseable_after_retry
[08:49:34]   FAIL [partial_knowledge]: empty_or_unparseable_after_retry
[08:49:36]   FAIL [partial_knowledge]: empty_or_unparseable_after_retry
[08:49:43]   FAIL [partial_knowledge]: empty_or_unparseable_after_retry
[08:49:55]   FAIL [partial_knowledge]: empty_or_unparseable_after_retry
[08:50:15]   FAIL [partial_knowledge]: empty_or_unparseable_after_retry
[08:50:16]   FAIL [partial_knowledge]: empty_or_unparseable_after_retry
[08:50:24]   FAIL [partial_knowledge]: empty_or_unparseable_after_retry
[08:50:36]   FAIL [partial_knowledge]: empty_or_unparseable_after_retry
[08:50:56]   FAIL [partial_knowledge]: empty_or_unparseable_after_retry
[08:50:57]   FAIL [partial_knowledge]: empty_or_unparseable_after_retry
[08:51:04]   FAIL [partial_knowledge]: empty_or_unparseable_after_retry
[08:51:17]   FAIL [partial_knowledge]: empty_or_unparseable_after_retry
[08:51:37]   FAIL [partial_knowledge]: empty_or_unparseable_after_retry
[08:51:38]   FAIL [partial_knowledge]: empty_or_unparseable_after_retry
[08:51:45]   FAIL [partial_knowledge]: empty_or_unparseable_after_retry
[08:51:58]   FAIL [partial_knowledge]: empty_or_unparseable_after_retry
[08:52:17]   FAIL [partial_knowledge]: empty_or_unparseable_after_retry
[08:52:19]   FAIL [partial_knowledge]: empty_or_unparseable_after_retry
[08:52:26]   FAIL [partial_knowledge]: empty_or_unparseable_after_retry
[08:52:39]   FAIL [partial_knowledge]: empty_or_unparseable_after_retry
[08:52:58]   FAIL [partial_knowledge]: empty_or_unparseable_after_retry
[08:53:00]   FAIL [partial_knowledge]: empty_or_unparseable_after_retry
[08:53:07]   FAIL [partial_knowledge]: empty_or_unparseable_after_retry
[08:53:20]   FAIL [partial_knowledge]: empty_or_unparseable_after_retry
[08:53:39]   FAIL [partial_knowledge]: empty_or_unparseable_after_retry
[08:53:41]   FAIL [partial_knowledge]: empty_or_unparseable_after_retry
[08:53:48]   FAIL [partial_knowledge]: empty_or_unparseable_after_retry
[08:54:01]   FAIL [partial_knowledge]: empty_or_unparseable_after_retry
[08:54:20]   FAIL [partial_knowledge]: empty_or_unparseable_after_retry
[08:54:21]   FAIL [partial_knowledge]: empty_or_unparseable_after_retry
[08:54:28]   FAIL [partial_knowledge]: empty_or_unparseable_after_retry
[08:54:42]   FAIL [partial_knowledge]: empty_or_unparseable_after_retry
[08:55:01]   FAIL [partial_knowledge]: empty_or_unparseable_after_retry
[08:55:02]   FAIL [partial_knowledge]: empty_or_unparseable_after_retry
[08:55:09]   FAIL [partial_knowledge]: empty_or_unparseable_after_retry
[08:55:22]   FAIL [partial_knowledge]: empty_or_unparseable_after_retry
[08:55:42]   FAIL [partial_knowledge]: empty_or_unparseable_after_retry
[08:55:43]   FAIL [partial_knowledge]: empty_or_unparseable_after_retry
[08:55:50]   FAIL [partial_knowledge]: empty_or_unparseable_after_retry
[08:56:03]   FAIL [partial_knowledge]: empty_or_unparseable_after_retry
[08:56:23]   FAIL [partial_knowledge]: empty_or_unparseable_after_retry
[08:56:24]   FAIL [partial_knowledge]: empty_or_unparseable_after_retry
[08:56:31]   FAIL [partial_knowledge]: empty_or_unparseable_after_retry
[08:56:44]   FAIL [partial_knowledge]: empty_or_unparseable_after_retry
[08:57:04]   FAIL [partial_knowledge]: empty_or_unparseable_after_retry
[08:57:05]   FAIL [partial_knowledge]: empty_or_unparseable_after_retry
[08:57:12]   FAIL [partial_knowledge]: empty_or_unparseable_after_retry
[08:57:25]   FAIL [partial_knowledge]: empty_or_unparseable_after_retry
[08:57:45]   FAIL [partial_knowledge]: empty_or_unparseable_after_retry
[08:57:46]   FAIL [partial_knowledge]: empty_or_unparseable_after_retry
[08:57:53]   FAIL [partial_knowledge]: empty_or_unparseable_after_retry
[08:58:06]   FAIL [partial_knowledge]: empty_or_unparseable_after_retry
[08:58:26]   FAIL [partial_knowledge]: empty_or_unparseable_after_retry
[08:58:27]   FAIL [partial_knowledge]: empty_or_unparseable_after_retry
[08:58:33]   FAIL [partial_knowledge]: empty_or_unparseable_after_retry
[08:58:47]   FAIL [partial_knowledge]: empty_or_unparseable_after_retry
[08:59:06]   FAIL [partial_knowledge]: empty_or_unparseable_after_retry
[08:59:08]   FAIL [partial_knowledge]: empty_or_unparseable_after_retry
[08:59:14]   FAIL [partial_knowledge]: empty_or_unparseable_after_retry
[08:59:28]   FAIL [partial_knowledge]: empty_or_unparseable_after_retry
[08:59:47]   FAIL [partial_knowledge]: empty_or_unparseable_after_retry
[08:59:49]   FAIL [partial_knowledge]: empty_or_unparseable_after_retry
[08:59:55]   FAIL [partial_knowledge]: empty_or_unparseable_after_retry
[09:00:09]   FAIL [partial_knowledge]: empty_or_unparseable_after_retry
[09:00:28]   FAIL [partial_knowledge]: empty_or_unparseable_after_retry
[09:00:30]   FAIL [partial_knowledge]: empty_or_unparseable_after_retry
[09:00:36]   FAIL [partial_knowledge]: empty_or_unparseable_after_retry
[09:00:49]   FAIL [partial_knowledge]: empty_or_unparseable_after_retry
[09:01:09]   FAIL [partial_knowledge]: empty_or_unparseable_after_retry
[09:01:10]   FAIL [partial_knowledge]: empty_or_unparseable_after_retry
[09:01:17]   FAIL [partial_knowledge]: empty_or_unparseable_after_retry
[09:01:30]   FAIL [partial_knowledge]: empty_or_unparseable_after_retry
[09:01:50]   FAIL [partial_knowledge]: empty_or_unparseable_after_retry
[09:01:51]   FAIL [partial_knowledge]: empty_or_unparseable_after_retry
[09:01:58]   FAIL [partial_knowledge]: empty_or_unparseable_after_retry
[09:02:11]   FAIL [partial_knowledge]: empty_or_unparseable_after_retry
[09:02:31]   FAIL [partial_knowledge]: empty_or_unparseable_after_retry
[09:02:32]   FAIL [partial_knowledge]: empty_or_unparseable_after_retry
[09:02:38]   FAIL [partial_knowledge]: empty_or_unparseable_after_retry
[09:02:52]   FAIL [partial_knowledge]: empty_or_unparseable_after_retry
[09:03:11]   FAIL [partial_knowledge]: empty_or_unparseable_after_retry
[09:03:13]   FAIL [partial_knowledge]: empty_or_unparseable_after_retry
[09:03:19]   FAIL [partial_knowledge]: empty_or_unparseable_after_retry
[09:03:33]   FAIL [partial_knowledge]: empty_or_unparseable_after_retry
[09:03:52]   FAIL [partial_knowledge]: empty_or_unparseable_after_retry
[09:03:54]   FAIL [partial_knowledge]: empty_or_unparseable_after_retry
[09:04:00]   FAIL [partial_knowledge]: empty_or_unparseable_after_retry
[09:04:14]   FAIL [partial_knowledge]: empty_or_unparseable_after_retry
[09:04:34]   FAIL [partial_knowledge]: empty_or_unparseable_after_retry
[09:04:34]   FAIL [partial_knowledge]: empty_or_unparseable_after_retry
[09:04:41]   FAIL [partial_knowledge]: empty_or_unparseable_after_retry
[09:04:54]   FAIL [partial_knowledge]: empty_or_unparseable_after_retry
[09:05:14]   FAIL [partial_knowledge]: empty_or_unparseable_after_retry
[09:05:15]   FAIL [partial_knowledge]: empty_or_unparseable_after_retry
[09:05:22]   FAIL [partial_knowledge]: empty_or_unparseable_after_retry
[09:05:35]   FAIL [partial_knowledge]: empty_or_unparseable_after_retry
[09:05:55]   FAIL [partial_knowledge]: empty_or_unparseable_after_retry
[09:05:56]   FAIL [partial_knowledge]: empty_or_unparseable_after_retry
[09:06:02]   FAIL [partial_knowledge]: empty_or_unparseable_after_retry
[09:06:16]   FAIL [partial_knowledge]: empty_or_unparseable_after_retry
[09:06:36]   FAIL [partial_knowledge]: empty_or_unparseable_after_retry
[09:06:37]   FAIL [partial_knowledge]: empty_or_unparseable_after_retry
[09:06:43]   FAIL [partial_knowledge]: empty_or_unparseable_after_retry
[09:06:57]   FAIL [partial_knowledge]: empty_or_unparseable_after_retry
[09:07:17]   FAIL [partial_knowledge]: empty_or_unparseable_after_retry
[09:07:18]   FAIL [partial_knowledge]: empty_or_unparseable_after_retry
[09:07:24]   FAIL [partial_knowledge]: empty_or_unparseable_after_retry
[09:07:38]   FAIL [partial_knowledge]: empty_or_unparseable_after_retry
[09:07:58]   FAIL [partial_knowledge]: empty_or_unparseable_after_retry
[09:07:59]   FAIL [partial_knowledge]: empty_or_unparseable_after_retry
[09:08:05]   FAIL [partial_knowledge]: empty_or_unparseable_after_retry
[09:08:19]   FAIL [partial_knowledge]: empty_or_unparseable_after_retry
[09:08:38]   FAIL [partial_knowledge]: empty_or_unparseable_after_retry
[09:08:39]   FAIL [partial_knowledge]: empty_or_unparseable_after_retry
[09:08:46]   FAIL [partial_knowledge]: empty_or_unparseable_after_retry
[09:08:59]   FAIL [partial_knowledge]: empty_or_unparseable_after_retry
[09:09:19]   FAIL [partial_knowledge]: empty_or_unparseable_after_retry
[09:09:20]   FAIL [partial_knowledge]: empty_or_unparseable_after_retry
[09:09:27]   FAIL [partial_knowledge]: empty_or_unparseable_after_retry
[09:09:40]   FAIL [partial_knowledge]: empty_or_unparseable_after_retry
[09:10:00]   FAIL [partial_knowledge]: empty_or_unparseable_after_retry
[09:10:01]   FAIL [partial_knowledge]: empty_or_unparseable_after_retry
[09:10:08]   FAIL [partial_knowledge]: empty_or_unparseable_after_retry
[09:10:21]   FAIL [partial_knowledge]: empty_or_unparseable_after_retry
[09:10:41]   FAIL [partial_knowledge]: empty_or_unparseable_after_retry
[09:10:42]   FAIL [partial_knowledge]: empty_or_unparseable_after_retry
[09:10:49]   FAIL [partial_knowledge]: empty_or_unparseable_after_retry
[09:11:02]   FAIL [partial_knowledge]: empty_or_unparseable_after_retry
[09:11:22]   FAIL [partial_knowledge]: empty_or_unparseable_after_retry
[09:11:23]   FAIL [partial_knowledge]: empty_or_unparseable_after_retry
[09:11:29]   FAIL [partial_knowledge]: empty_or_unparseable_after_retry
[09:11:43]   FAIL [partial_knowledge]: empty_or_unparseable_after_retry
[09:12:03]   FAIL [partial_knowledge]: empty_or_unparseable_after_retry
[09:12:04]   FAIL [partial_knowledge]: empty_or_unparseable_after_retry
[09:12:10]   FAIL [partial_knowledge]: empty_or_unparseable_after_retry
[09:12:24]   FAIL [partial_knowledge]: empty_or_unparseable_after_retry
[09:12:44]   FAIL [partial_knowledge]: empty_or_unparseable_after_retry
[09:12:45]   FAIL [partial_knowledge]: empty_or_unparseable_after_retry
[09:12:51]   FAIL [partial_knowledge]: empty_or_unparseable_after_retry
[09:13:05]   FAIL [partial_knowledge]: empty_or_unparseable_after_retry
[09:13:25]   FAIL [partial_knowledge]: empty_or_unparseable_after_retry
[09:13:26]   FAIL [partial_knowledge]: empty_or_unparseable_after_retry
[09:13:32]   FAIL [partial_knowledge]: empty_or_unparseable_after_retry
[09:13:45]   FAIL [partial_knowledge]: empty_or_unparseable_after_retry
[09:14:06]   FAIL [partial_knowledge]: empty_or_unparseable_after_retry
[09:14:06]   FAIL [partial_knowledge]: empty_or_unparseable_after_retry
[09:14:13]   FAIL [partial_knowledge]: empty_or_unparseable_after_retry
[09:14:26]   FAIL [partial_knowledge]: empty_or_unparseable_after_retry
[09:14:47]   FAIL [partial_knowledge]: empty_or_unparseable_after_retry
[09:14:47]   FAIL [partial_knowledge]: empty_or_unparseable_after_retry
[09:14:53]   FAIL [partial_knowledge]: empty_or_unparseable_after_retry
[09:15:07]   FAIL [partial_knowledge]: empty_or_unparseable_after_retry
[09:15:28]   FAIL [partial_knowledge]: empty_or_unparseable_after_retry
[09:15:28]   FAIL [partial_knowledge]: empty_or_unparseable_after_retry
[09:15:34]   FAIL [partial_knowledge]: empty_or_unparseable_after_retry
[09:15:48]   FAIL [partial_knowledge]: empty_or_unparseable_after_retry
[09:16:08]   FAIL [partial_knowledge]: empty_or_unparseable_after_retry
[09:16:09]   FAIL [partial_knowledge]: empty_or_unparseable_after_retry
[09:16:15]   FAIL [partial_knowledge]: empty_or_unparseable_after_retry
[09:16:29]   FAIL [partial_knowledge]: empty_or_unparseable_after_retry
[09:16:49]   FAIL [partial_knowledge]: empty_or_unparseable_after_retry
[09:16:50]   FAIL [partial_knowledge]: empty_or_unparseable_after_retry
[09:16:56]   FAIL [partial_knowledge]: empty_or_unparseable_after_retry
[09:17:10]   FAIL [partial_knowledge]: empty_or_unparseable_after_retry
[09:17:30]   FAIL [partial_knowledge]: empty_or_unparseable_after_retry
[09:17:31]   FAIL [partial_knowledge]: empty_or_unparseable_after_retry
[09:17:37]   FAIL [partial_knowledge]: empty_or_unparseable_after_retry
[09:17:51]   FAIL [partial_knowledge]: empty_or_unparseable_after_retry
[09:18:11]   FAIL [partial_knowledge]: empty_or_unparseable_after_retry
[09:18:11]   FAIL [partial_knowledge]: empty_or_unparseable_after_retry
[09:18:18]   FAIL [partial_knowledge]: empty_or_unparseable_after_retry
[09:18:32]   FAIL [partial_knowledge]: empty_or_unparseable_after_retry
[09:18:52]   FAIL [partial_knowledge]: empty_or_unparseable_after_retry
[09:18:52]   FAIL [partial_knowledge]: empty_or_unparseable_after_retry
[09:18:59]   FAIL [partial_knowledge]: empty_or_unparseable_after_retry
[09:19:12]   FAIL [partial_knowledge]: empty_or_unparseable_after_retry
[09:19:33]   FAIL [partial_knowledge]: empty_or_unparseable_after_retry
[09:19:33]   FAIL [partial_knowledge]: empty_or_unparseable_after_retry
[09:19:40]   FAIL [partial_knowledge]: empty_or_unparseable_after_retry
[09:19:53]   FAIL [partial_knowledge]: empty_or_unparseable_after_retry
[09:20:14]   FAIL [partial_knowledge]: empty_or_unparseable_after_retry
[09:20:14]   FAIL [partial_knowledge]: empty_or_unparseable_after_retry
[09:20:20]   FAIL [partial_knowledge]: empty_or_unparseable_after_retry
[09:20:34]   FAIL [partial_knowledge]: empty_or_unparseable_after_retry
[09:20:55]   FAIL [partial_knowledge]: empty_or_unparseable_after_retry
[09:20:55]   FAIL [partial_knowledge]: empty_or_unparseable_after_retry
[09:21:01]   FAIL [partial_knowledge]: empty_or_unparseable_after_retry
[09:21:15]   FAIL [partial_knowledge]: empty_or_unparseable_after_retry
[09:21:35]   FAIL [partial_knowledge]: empty_or_unparseable_after_retry
[09:21:36]   FAIL [partial_knowledge]: empty_or_unparseable_after_retry
[09:21:42]   FAIL [partial_knowledge]: empty_or_unparseable_after_retry
[09:21:56]   FAIL [partial_knowledge]: empty_or_unparseable_after_retry
[09:22:16]   FAIL [partial_knowledge]: empty_or_unparseable_after_retry
[09:22:17]   FAIL [partial_knowledge]: empty_or_unparseable_after_retry
[09:22:23]   FAIL [partial_knowledge]: empty_or_unparseable_after_retry
[09:22:37]   FAIL [partial_knowledge]: empty_or_unparseable_after_retry
[09:22:57]   FAIL [partial_knowledge]: empty_or_unparseable_after_retry
[09:22:57]   FAIL [partial_knowledge]: empty_or_unparseable_after_retry
[09:23:04]   FAIL [partial_knowledge]: empty_or_unparseable_after_retry
[09:23:17]   FAIL [partial_knowledge]: empty_or_unparseable_after_retry
[09:23:38]   FAIL [partial_knowledge]: empty_or_unparseable_after_retry
[09:23:38]   FAIL [partial_knowledge]: empty_or_unparseable_after_retry
[09:23:45]   FAIL [partial_knowledge]: empty_or_unparseable_after_retry
[09:23:58]   FAIL [partial_knowledge]: empty_or_unparseable_after_retry
[09:24:19]   FAIL [partial_knowledge]: empty_or_unparseable_after_retry
[09:24:19]   FAIL [partial_knowledge]: empty_or_unparseable_after_retry
[09:24:26]   FAIL [partial_knowledge]: empty_or_unparseable_after_retry
[09:24:39]   FAIL [partial_knowledge]: empty_or_unparseable_after_retry
[09:25:00]   FAIL [partial_knowledge]: empty_or_unparseable_after_retry
[09:25:00]   FAIL [partial_knowledge]: empty_or_unparseable_after_retry
[09:25:06]   FAIL [partial_knowledge]: empty_or_unparseable_after_retry
[09:25:20]   FAIL [partial_knowledge]: empty_or_unparseable_after_retry
[09:25:41]   FAIL [partial_knowledge]: empty_or_unparseable_after_retry
[09:25:41]   FAIL [partial_knowledge]: empty_or_unparseable_after_retry
[09:25:47]   FAIL [partial_knowledge]: empty_or_unparseable_after_retry
[09:26:01]   FAIL [partial_knowledge]: empty_or_unparseable_after_retry
[09:26:22]   FAIL [partial_knowledge]: empty_or_unparseable_after_retry
[09:26:22]   FAIL [partial_knowledge]: empty_or_unparseable_after_retry
[09:26:28]   FAIL [partial_knowledge]: empty_or_unparseable_after_retry
[09:26:42]   FAIL [partial_knowledge]: empty_or_unparseable_after_retry
[09:27:02]   FAIL [partial_knowledge]: empty_or_unparseable_after_retry
[09:27:03]   FAIL [partial_knowledge]: empty_or_unparseable_after_retry
[09:27:09]   FAIL [partial_knowledge]: empty_or_unparseable_after_retry
[09:27:23]   FAIL [partial_knowledge]: empty_or_unparseable_after_retry
[09:27:43]   FAIL [partial_knowledge]: empty_or_unparseable_after_retry
[09:27:44]   FAIL [partial_knowledge]: empty_or_unparseable_after_retry
[09:27:50]   FAIL [partial_knowledge]: empty_or_unparseable_after_retry
[09:28:04]   FAIL [partial_knowledge]: empty_or_unparseable_after_retry
[09:28:24]   FAIL [partial_knowledge]: empty_or_unparseable_after_retry
[09:28:24]   FAIL [partial_knowledge]: empty_or_unparseable_after_retry
[09:28:31]   FAIL [partial_knowledge]: empty_or_unparseable_after_retry
[09:28:45]   FAIL [partial_knowledge]: empty_or_unparseable_after_retry
[09:29:05]   FAIL [partial_knowledge]: empty_or_unparseable_after_retry
[09:29:05]   FAIL [partial_knowledge]: empty_or_unparseable_after_retry
[09:29:11]   FAIL [partial_knowledge]: empty_or_unparseable_after_retry
[09:29:26]   FAIL [partial_knowledge]: empty_or_unparseable_after_retry
[09:29:46]   FAIL [partial_knowledge]: empty_or_unparseable_after_retry
[09:29:46]   FAIL [partial_knowledge]: empty_or_unparseable_after_retry
[09:29:52]   FAIL [partial_knowledge]: empty_or_unparseable_after_retry
[09:30:07]   FAIL [partial_knowledge]: empty_or_unparseable_after_retry
[09:30:27]   FAIL [partial_knowledge]: empty_or_unparseable_after_retry
