[05:54:42] === bulk seed generation starting (target=60000, workers=4, batch=5) ===
[05:54:43] existing accepted seeds: 27324 | {'partial_knowledge': 6943, 'matter_file_grounded': 4127, 'adverse_authority_handling': 4350, 'multi_authority_synthesis': 2698, 'need_more_facts': 2415, 'overconfident_to_caveated': 2805, 'impermissible_request': 1990, 'no_good_answer': 1996}
[05:54:43] prepared 6537 batches across categories
[05:55:09]   +5 [partial_knowledge] ; total=5 ; rate=12/min ; 1/6537 batches
[05:55:21]   +5 [partial_knowledge] ; total=10 ; rate=16/min ; 2/6537 batches
[05:55:33]   +5 [partial_knowledge] ; total=15 ; rate=18/min ; 3/6537 batches
[05:55:34]   +5 [partial_knowledge] ; total=20 ; rate=23/min ; 4/6537 batches
[05:55:55]   +5 [partial_knowledge] ; total=25 ; rate=21/min ; 5/6537 batches
[05:56:04]   +5 [partial_knowledge] ; total=30 ; rate=22/min ; 6/6537 batches
[05:56:15]   +5 [partial_knowledge] ; total=35 ; rate=23/min ; 7/6537 batches
[05:56:19]   +5 [partial_knowledge] ; total=40 ; rate=25/min ; 8/6537 batches
[05:56:21]   +5 [partial_knowledge] ; total=45 ; rate=28/min ; 9/6537 batches
[05:56:29]   +5 [partial_knowledge] ; total=50 ; rate=28/min ; 10/6537 batches
[05:56:29]   +5 [partial_knowledge] ; total=55 ; rate=31/min ; 11/6537 batches
[05:56:29]   +5 [partial_knowledge] ; total=60 ; rate=34/min ; 12/6537 batches
[05:56:29]   +5 [partial_knowledge] ; total=65 ; rate=37/min ; 13/6537 batches
[05:56:29]   +5 [partial_knowledge] ; total=70 ; rate=40/min ; 14/6537 batches
[05:56:29]   +5 [partial_knowledge] ; total=75 ; rate=42/min ; 15/6537 batches
[05:56:29]   +5 [partial_knowledge] ; total=80 ; rate=45/min ; 16/6537 batches
[05:56:29]   +5 [partial_knowledge] ; total=85 ; rate=48/min ; 17/6537 batches
[05:56:29]   +5 [partial_knowledge] ; total=90 ; rate=51/min ; 18/6537 batches
[05:56:29]   +5 [partial_knowledge] ; total=95 ; rate=54/min ; 19/6537 batches
[05:56:30]   +5 [partial_knowledge] ; total=100 ; rate=56/min ; 20/6537 batches
[05:56:54]   +5 [partial_knowledge] ; total=105 ; rate=48/min ; 21/6537 batches
[05:57:10]   +5 [partial_knowledge] ; total=110 ; rate=45/min ; 22/6537 batches
[05:57:19]   +5 [partial_knowledge] ; total=115 ; rate=44/min ; 23/6537 batches
[05:57:19]   +5 [partial_knowledge] ; total=120 ; rate=46/min ; 24/6537 batches
[05:57:19]   +5 [partial_knowledge] ; total=125 ; rate=48/min ; 25/6537 batches
[05:57:19]   FAIL [partial_knowledge]: empty_or_unparseable_after_retry
[05:57:19]   +5 [partial_knowledge] ; total=130 ; rate=50/min ; 26/6537 batches
[05:57:19]   +5 [partial_knowledge] ; total=135 ; rate=52/min ; 27/6537 batches
[05:57:19]   +5 [partial_knowledge] ; total=140 ; rate=54/min ; 28/6537 batches
[05:57:20]   +5 [partial_knowledge] ; total=145 ; rate=56/min ; 29/6537 batches
[05:57:20]   +5 [partial_knowledge] ; total=150 ; rate=58/min ; 30/6537 batches
[05:57:20]   +5 [partial_knowledge] ; total=155 ; rate=59/min ; 31/6537 batches
[05:57:20]   +5 [partial_knowledge] ; total=160 ; rate=61/min ; 32/6537 batches
[05:57:20]   +5 [partial_knowledge] ; total=165 ; rate=63/min ; 33/6537 batches
[05:57:20]   +5 [partial_knowledge] ; total=170 ; rate=65/min ; 34/6537 batches
[05:57:20]   +5 [partial_knowledge] ; total=175 ; rate=67/min ; 35/6537 batches
[05:57:20]   +5 [partial_knowledge] ; total=180 ; rate=69/min ; 36/6537 batches
[05:57:20]   +5 [partial_knowledge] ; total=185 ; rate=71/min ; 37/6537 batches
[05:57:20]   +5 [partial_knowledge] ; total=190 ; rate=73/min ; 38/6537 batches
[05:57:20]   +5 [partial_knowledge] ; total=195 ; rate=75/min ; 39/6537 batches
[05:57:20]   +5 [partial_knowledge] ; total=200 ; rate=76/min ; 40/6537 batches
[05:57:20]   +5 [partial_knowledge] ; total=205 ; rate=78/min ; 41/6537 batches
[05:57:20]   +5 [partial_knowledge] ; total=210 ; rate=80/min ; 42/6537 batches
[05:57:20]   +5 [partial_knowledge] ; total=215 ; rate=82/min ; 43/6537 batches
[05:57:20]   +5 [partial_knowledge] ; total=220 ; rate=84/min ; 44/6537 batches
[05:57:20]   +5 [partial_knowledge] ; total=225 ; rate=86/min ; 45/6537 batches
[05:57:20]   +5 [partial_knowledge] ; total=230 ; rate=88/min ; 46/6537 batches
[05:57:21]   +5 [partial_knowledge] ; total=235 ; rate=90/min ; 47/6537 batches
[05:57:49]   +5 [partial_knowledge] ; total=240 ; rate=78/min ; 48/6537 batches
[05:57:49]   +5 [partial_knowledge] ; total=245 ; rate=79/min ; 49/6537 batches
[05:57:49]   +5 [partial_knowledge] ; total=250 ; rate=81/min ; 50/6537 batches
[05:57:49]   +5 [partial_knowledge] ; total=255 ; rate=82/min ; 51/6537 batches
[05:57:49]   +5 [partial_knowledge] ; total=260 ; rate=84/min ; 52/6537 batches
[05:57:49]   +5 [partial_knowledge] ; total=265 ; rate=86/min ; 53/6537 batches
[05:57:49]   +5 [partial_knowledge] ; total=270 ; rate=87/min ; 54/6537 batches
[05:57:49]   +5 [partial_knowledge] ; total=275 ; rate=89/min ; 55/6537 batches
[05:57:49]   +5 [partial_knowledge] ; total=280 ; rate=90/min ; 56/6537 batches
[05:57:49]   +5 [partial_knowledge] ; total=285 ; rate=92/min ; 57/6537 batches
[05:57:49]   +5 [partial_knowledge] ; total=290 ; rate=93/min ; 58/6537 batches
[05:57:50]   +5 [partial_knowledge] ; total=295 ; rate=95/min ; 59/6537 batches
[05:57:50]   +5 [partial_knowledge] ; total=300 ; rate=96/min ; 60/6537 batches
[05:57:50]   FAIL [partial_knowledge]: empty_or_unparseable_after_retry
[05:57:50]   +5 [partial_knowledge] ; total=305 ; rate=98/min ; 61/6537 batches
[05:57:50]   +5 [partial_knowledge] ; total=310 ; rate=99/min ; 62/6537 batches
[05:57:50]   +5 [partial_knowledge] ; total=315 ; rate=101/min ; 63/6537 batches
[05:57:51]   +5 [partial_knowledge] ; total=320 ; rate=102/min ; 64/6537 batches
[05:57:51]   +5 [partial_knowledge] ; total=325 ; rate=104/min ; 65/6537 batches
[05:57:51]   +5 [partial_knowledge] ; total=330 ; rate=106/min ; 66/6537 batches
[05:57:51]   +5 [partial_knowledge] ; total=335 ; rate=107/min ; 67/6537 batches
[05:57:51]   +5 [partial_knowledge] ; total=340 ; rate=109/min ; 68/6537 batches
[05:57:51]   +5 [partial_knowledge] ; total=345 ; rate=110/min ; 69/6537 batches
[05:57:51]   +5 [partial_knowledge] ; total=350 ; rate=112/min ; 70/6537 batches
[05:57:51]   +5 [partial_knowledge] ; total=355 ; rate=113/min ; 71/6537 batches
[05:57:51]   +5 [partial_knowledge] ; total=360 ; rate=115/min ; 72/6537 batches
[05:58:00]   FAIL [partial_knowledge]: empty_or_unparseable_after_retry
[05:58:00]   +5 [partial_knowledge] ; total=365 ; rate=111/min ; 73/6537 batches
[05:58:00]   +5 [partial_knowledge] ; total=370 ; rate=113/min ; 74/6537 batches
[05:58:00]   +5 [partial_knowledge] ; total=375 ; rate=114/min ; 75/6537 batches
[05:58:00]   +5 [partial_knowledge] ; total=380 ; rate=116/min ; 76/6537 batches
[05:58:00]   +5 [partial_knowledge] ; total=385 ; rate=117/min ; 77/6537 batches
[05:58:01]   +5 [partial_knowledge] ; total=390 ; rate=119/min ; 78/6537 batches
[05:58:01]   +5 [partial_knowledge] ; total=395 ; rate=120/min ; 79/6537 batches
[05:58:01]   +5 [partial_knowledge] ; total=400 ; rate=121/min ; 80/6537 batches
[05:58:01]   FAIL [partial_knowledge]: empty_or_unparseable_after_retry
[05:58:01]   +5 [partial_knowledge] ; total=405 ; rate=123/min ; 81/6537 batches
[05:58:01]   +5 [partial_knowledge] ; total=410 ; rate=124/min ; 82/6537 batches
[05:58:01]   +5 [partial_knowledge] ; total=415 ; rate=126/min ; 83/6537 batches
[05:58:01]   +5 [partial_knowledge] ; total=420 ; rate=127/min ; 84/6537 batches
[05:58:01]   +5 [partial_knowledge] ; total=425 ; rate=129/min ; 85/6537 batches
[05:58:01]   +5 [partial_knowledge] ; total=430 ; rate=130/min ; 86/6537 batches
[05:58:01]   +5 [partial_knowledge] ; total=435 ; rate=132/min ; 87/6537 batches
[05:58:01]   +5 [partial_knowledge] ; total=440 ; rate=133/min ; 88/6537 batches
[05:58:01]   +5 [partial_knowledge] ; total=445 ; rate=135/min ; 89/6537 batches
[05:58:02]   +5 [partial_knowledge] ; total=450 ; rate=136/min ; 90/6537 batches
[05:58:02]   +5 [partial_knowledge] ; total=455 ; rate=138/min ; 91/6537 batches
[05:58:02]   +5 [partial_knowledge] ; total=460 ; rate=139/min ; 92/6537 batches
[05:58:02]   +5 [partial_knowledge] ; total=465 ; rate=140/min ; 93/6537 batches
[05:58:02]   +5 [partial_knowledge] ; total=470 ; rate=142/min ; 94/6537 batches
[05:58:02]   +5 [partial_knowledge] ; total=475 ; rate=143/min ; 95/6537 batches
[05:58:02]   +5 [partial_knowledge] ; total=480 ; rate=145/min ; 96/6537 batches
[05:58:30]   FAIL [partial_knowledge]: empty_or_unparseable_after_retry
[05:58:30]   +5 [partial_knowledge] ; total=485 ; rate=128/min ; 97/6537 batches
[05:58:30]   +5 [partial_knowledge] ; total=490 ; rate=129/min ; 98/6537 batches
[05:58:30]   +5 [partial_knowledge] ; total=495 ; rate=131/min ; 99/6537 batches
[05:58:30]   +5 [partial_knowledge] ; total=500 ; rate=132/min ; 100/6537 batches
[05:58:30]   +5 [partial_knowledge] ; total=505 ; rate=133/min ; 101/6537 batches
[05:58:31]   +5 [partial_knowledge] ; total=510 ; rate=134/min ; 102/6537 batches
[05:58:31]   +5 [partial_knowledge] ; total=515 ; rate=136/min ; 103/6537 batches
[05:58:31]   +5 [partial_knowledge] ; total=520 ; rate=137/min ; 104/6537 batches
[05:58:31]   +5 [partial_knowledge] ; total=525 ; rate=138/min ; 105/6537 batches
[05:58:31]   +5 [partial_knowledge] ; total=530 ; rate=139/min ; 106/6537 batches
[05:58:31]   +5 [partial_knowledge] ; total=535 ; rate=141/min ; 107/6537 batches
[05:58:31]   +5 [partial_knowledge] ; total=540 ; rate=142/min ; 108/6537 batches
[05:58:31]   FAIL [partial_knowledge]: empty_or_unparseable_after_retry
[05:58:31]   +5 [partial_knowledge] ; total=545 ; rate=143/min ; 109/6537 batches
[05:58:31]   +5 [partial_knowledge] ; total=550 ; rate=144/min ; 110/6537 batches
[05:58:32]   +5 [partial_knowledge] ; total=555 ; rate=146/min ; 111/6537 batches
[05:58:32]   +5 [partial_knowledge] ; total=560 ; rate=147/min ; 112/6537 batches
[05:58:32]   +5 [partial_knowledge] ; total=565 ; rate=148/min ; 113/6537 batches
[05:58:32]   +5 [partial_knowledge] ; total=570 ; rate=150/min ; 114/6537 batches
[05:58:32]   +5 [partial_knowledge] ; total=575 ; rate=151/min ; 115/6537 batches
[05:58:32]   +5 [partial_knowledge] ; total=580 ; rate=152/min ; 116/6537 batches
[05:58:32]   +5 [partial_knowledge] ; total=585 ; rate=153/min ; 117/6537 batches
[05:58:32]   +5 [partial_knowledge] ; total=590 ; rate=155/min ; 118/6537 batches
[05:58:32]   +5 [partial_knowledge] ; total=595 ; rate=156/min ; 119/6537 batches
[05:58:32]   +5 [partial_knowledge] ; total=600 ; rate=157/min ; 120/6537 batches
[05:58:41]   FAIL [partial_knowledge]: empty_or_unparseable_after_retry
[05:58:41]   +5 [partial_knowledge] ; total=605 ; rate=152/min ; 121/6537 batches
[05:58:41]   +5 [partial_knowledge] ; total=610 ; rate=154/min ; 122/6537 batches
[05:58:41]   +5 [partial_knowledge] ; total=615 ; rate=155/min ; 123/6537 batches
[05:58:41]   +5 [partial_knowledge] ; total=620 ; rate=156/min ; 124/6537 batches
[05:58:41]   +5 [partial_knowledge] ; total=625 ; rate=157/min ; 125/6537 batches
[05:58:42]   +5 [partial_knowledge] ; total=630 ; rate=159/min ; 126/6537 batches
[05:58:42]   +5 [partial_knowledge] ; total=635 ; rate=160/min ; 127/6537 batches
[05:58:42]   +5 [partial_knowledge] ; total=640 ; rate=161/min ; 128/6537 batches
[05:58:42]   +5 [partial_knowledge] ; total=645 ; rate=162/min ; 129/6537 batches
[05:58:42]   +5 [partial_knowledge] ; total=650 ; rate=163/min ; 130/6537 batches
[05:58:42]   +5 [partial_knowledge] ; total=655 ; rate=165/min ; 131/6537 batches
[05:58:42]   +5 [partial_knowledge] ; total=660 ; rate=166/min ; 132/6537 batches
[05:58:42]   FAIL [partial_knowledge]: empty_or_unparseable_after_retry
[05:58:42]   +5 [partial_knowledge] ; total=665 ; rate=167/min ; 133/6537 batches
[05:58:42]   +5 [partial_knowledge] ; total=670 ; rate=168/min ; 134/6537 batches
[05:58:42]   +5 [partial_knowledge] ; total=675 ; rate=169/min ; 135/6537 batches
[05:58:42]   +5 [partial_knowledge] ; total=680 ; rate=171/min ; 136/6537 batches
[05:58:42]   +5 [partial_knowledge] ; total=685 ; rate=172/min ; 137/6537 batches
[05:58:42]   +5 [partial_knowledge] ; total=690 ; rate=173/min ; 138/6537 batches
[05:58:43]   +5 [partial_knowledge] ; total=695 ; rate=174/min ; 139/6537 batches
[05:58:43]   +5 [partial_knowledge] ; total=700 ; rate=175/min ; 140/6537 batches
[05:58:43]   +5 [partial_knowledge] ; total=705 ; rate=177/min ; 141/6537 batches
[05:58:43]   +5 [partial_knowledge] ; total=710 ; rate=178/min ; 142/6537 batches
[05:58:43]   +5 [partial_knowledge] ; total=715 ; rate=179/min ; 143/6537 batches
[05:58:43]   +5 [partial_knowledge] ; total=720 ; rate=180/min ; 144/6537 batches
[05:59:12]   FAIL [partial_knowledge]: empty_or_unparseable_after_retry
[05:59:12]   +5 [partial_knowledge] ; total=725 ; rate=162/min ; 145/6537 batches
[05:59:12]   +5 [partial_knowledge] ; total=730 ; rate=163/min ; 146/6537 batches
[05:59:12]   +5 [partial_knowledge] ; total=735 ; rate=164/min ; 147/6537 batches
[05:59:12]   +5 [partial_knowledge] ; total=740 ; rate=165/min ; 148/6537 batches
[05:59:12]   +5 [partial_knowledge] ; total=745 ; rate=166/min ; 149/6537 batches
[05:59:12]   +5 [partial_knowledge] ; total=750 ; rate=167/min ; 150/6537 batches
[05:59:12]   +5 [partial_knowledge] ; total=755 ; rate=168/min ; 151/6537 batches
[05:59:12]   +5 [partial_knowledge] ; total=760 ; rate=170/min ; 152/6537 batches
[05:59:12]   +5 [partial_knowledge] ; total=765 ; rate=171/min ; 153/6537 batches
[05:59:12]   +5 [partial_knowledge] ; total=770 ; rate=172/min ; 154/6537 batches
[05:59:12]   +5 [partial_knowledge] ; total=775 ; rate=173/min ; 155/6537 batches
[05:59:12]   +5 [partial_knowledge] ; total=780 ; rate=174/min ; 156/6537 batches
[05:59:12]   FAIL [partial_knowledge]: empty_or_unparseable_after_retry
[05:59:12]   +5 [partial_knowledge] ; total=785 ; rate=175/min ; 157/6537 batches
[05:59:13]   +5 [partial_knowledge] ; total=790 ; rate=176/min ; 158/6537 batches
[05:59:13]   +5 [partial_knowledge] ; total=795 ; rate=177/min ; 159/6537 batches
[05:59:13]   +5 [partial_knowledge] ; total=800 ; rate=178/min ; 160/6537 batches
[05:59:13]   +5 [partial_knowledge] ; total=805 ; rate=179/min ; 161/6537 batches
[05:59:13]   +5 [partial_knowledge] ; total=810 ; rate=180/min ; 162/6537 batches
[05:59:13]   +5 [partial_knowledge] ; total=815 ; rate=181/min ; 163/6537 batches
[05:59:13]   +5 [partial_knowledge] ; total=820 ; rate=182/min ; 164/6537 batches
[05:59:13]   +5 [partial_knowledge] ; total=825 ; rate=183/min ; 165/6537 batches
[05:59:13]   +5 [partial_knowledge] ; total=830 ; rate=184/min ; 166/6537 batches
[05:59:13]   +5 [partial_knowledge] ; total=835 ; rate=186/min ; 167/6537 batches
[05:59:13]   +5 [partial_knowledge] ; total=840 ; rate=187/min ; 168/6537 batches
[05:59:22]   FAIL [partial_knowledge]: empty_or_unparseable_after_retry
[05:59:22]   +5 [partial_knowledge] ; total=845 ; rate=182/min ; 169/6537 batches
[05:59:22]   +5 [partial_knowledge] ; total=850 ; rate=183/min ; 170/6537 batches
[05:59:22]   +5 [partial_knowledge] ; total=855 ; rate=184/min ; 171/6537 batches
[05:59:22]   +5 [partial_knowledge] ; total=860 ; rate=185/min ; 172/6537 batches
[05:59:23]   +5 [partial_knowledge] ; total=865 ; rate=186/min ; 173/6537 batches
[05:59:23]   +5 [partial_knowledge] ; total=870 ; rate=187/min ; 174/6537 batches
[05:59:23]   +5 [partial_knowledge] ; total=875 ; rate=188/min ; 175/6537 batches
[05:59:23]   +5 [partial_knowledge] ; total=880 ; rate=189/min ; 176/6537 batches
[05:59:23]   +5 [partial_knowledge] ; total=885 ; rate=190/min ; 177/6537 batches
[05:59:23]   +5 [partial_knowledge] ; total=890 ; rate=191/min ; 178/6537 batches
[05:59:23]   FAIL [partial_knowledge]: empty_or_unparseable_after_retry
[05:59:23]   +5 [partial_knowledge] ; total=895 ; rate=192/min ; 179/6537 batches
[05:59:23]   +5 [partial_knowledge] ; total=900 ; rate=193/min ; 180/6537 batches
[05:59:23]   +5 [partial_knowledge] ; total=905 ; rate=194/min ; 181/6537 batches
[05:59:24]   +5 [partial_knowledge] ; total=910 ; rate=195/min ; 182/6537 batches
[05:59:24]   +5 [partial_knowledge] ; total=915 ; rate=196/min ; 183/6537 batches
[05:59:24]   +5 [partial_knowledge] ; total=920 ; rate=197/min ; 184/6537 batches
[05:59:24]   +5 [partial_knowledge] ; total=925 ; rate=198/min ; 185/6537 batches
[05:59:24]   +5 [partial_knowledge] ; total=930 ; rate=199/min ; 186/6537 batches
[05:59:24]   +5 [partial_knowledge] ; total=935 ; rate=200/min ; 187/6537 batches
[05:59:24]   +5 [partial_knowledge] ; total=940 ; rate=201/min ; 188/6537 batches
[05:59:24]   +5 [partial_knowledge] ; total=945 ; rate=202/min ; 189/6537 batches
[05:59:24]   +5 [partial_knowledge] ; total=950 ; rate=203/min ; 190/6537 batches
[05:59:25]   +5 [partial_knowledge] ; total=955 ; rate=204/min ; 191/6537 batches
[05:59:25]   +5 [partial_knowledge] ; total=960 ; rate=205/min ; 192/6537 batches
[05:59:53]   FAIL [partial_knowledge]: empty_or_unparseable_after_retry
[05:59:53]   +5 [partial_knowledge] ; total=965 ; rate=187/min ; 193/6537 batches
[05:59:53]   +5 [partial_knowledge] ; total=970 ; rate=188/min ; 194/6537 batches
[05:59:53]   +5 [partial_knowledge] ; total=975 ; rate=189/min ; 195/6537 batches
[05:59:53]   +5 [partial_knowledge] ; total=980 ; rate=190/min ; 196/6537 batches
[05:59:53]   +5 [partial_knowledge] ; total=985 ; rate=191/min ; 197/6537 batches
[05:59:53]   +5 [partial_knowledge] ; total=990 ; rate=192/min ; 198/6537 batches
[05:59:53]   +5 [partial_knowledge] ; total=995 ; rate=193/min ; 199/6537 batches
[05:59:53]   +5 [partial_knowledge] ; total=1000 ; rate=194/min ; 200/6537 batches
[05:59:53]   +5 [partial_knowledge] ; total=1005 ; rate=195/min ; 201/6537 batches
[05:59:53]   +5 [partial_knowledge] ; total=1010 ; rate=195/min ; 202/6537 batches
[05:59:53]   +5 [partial_knowledge] ; total=1015 ; rate=196/min ; 203/6537 batches
[05:59:53]   +5 [partial_knowledge] ; total=1020 ; rate=197/min ; 204/6537 batches
[05:59:53]   FAIL [partial_knowledge]: empty_or_unparseable_after_retry
[05:59:53]   +5 [partial_knowledge] ; total=1025 ; rate=198/min ; 205/6537 batches
[05:59:53]   +5 [partial_knowledge] ; total=1030 ; rate=199/min ; 206/6537 batches
[05:59:54]   +5 [partial_knowledge] ; total=1035 ; rate=200/min ; 207/6537 batches
[05:59:54]   +5 [partial_knowledge] ; total=1040 ; rate=201/min ; 208/6537 batches
[05:59:54]   +5 [partial_knowledge] ; total=1045 ; rate=202/min ; 209/6537 batches
[05:59:54]   +5 [partial_knowledge] ; total=1050 ; rate=203/min ; 210/6537 batches
[05:59:54]   +5 [partial_knowledge] ; total=1055 ; rate=204/min ; 211/6537 batches
[05:59:54]   +5 [partial_knowledge] ; total=1060 ; rate=205/min ; 212/6537 batches
[05:59:54]   +5 [partial_knowledge] ; total=1065 ; rate=206/min ; 213/6537 batches
[05:59:54]   +5 [partial_knowledge] ; total=1070 ; rate=206/min ; 214/6537 batches
[05:59:54]   +5 [partial_knowledge] ; total=1075 ; rate=207/min ; 215/6537 batches
[05:59:54]   +5 [partial_knowledge] ; total=1080 ; rate=208/min ; 216/6537 batches
[06:00:03]   FAIL [partial_knowledge]: empty_or_unparseable_after_retry
[06:00:04]   +5 [partial_knowledge] ; total=1085 ; rate=203/min ; 217/6537 batches
[06:00:04]   +5 [partial_knowledge] ; total=1090 ; rate=204/min ; 218/6537 batches
[06:00:04]   +5 [partial_knowledge] ; total=1095 ; rate=205/min ; 219/6537 batches
[06:00:04]   +5 [partial_knowledge] ; total=1100 ; rate=206/min ; 220/6537 batches
[06:00:04]   +5 [partial_knowledge] ; total=1105 ; rate=207/min ; 221/6537 batches
[06:00:04]   +5 [partial_knowledge] ; total=1110 ; rate=208/min ; 222/6537 batches
[06:00:04]   +5 [partial_knowledge] ; total=1115 ; rate=208/min ; 223/6537 batches
[06:00:04]   +5 [partial_knowledge] ; total=1120 ; rate=209/min ; 224/6537 batches
[06:00:04]   +5 [partial_knowledge] ; total=1125 ; rate=210/min ; 225/6537 batches
[06:00:04]   +5 [partial_knowledge] ; total=1130 ; rate=211/min ; 226/6537 batches
[06:00:04]   +5 [partial_knowledge] ; total=1135 ; rate=212/min ; 227/6537 batches
[06:00:04]   +5 [partial_knowledge] ; total=1140 ; rate=213/min ; 228/6537 batches
[06:00:05]   FAIL [partial_knowledge]: empty_or_unparseable_after_retry
[06:00:05]   +5 [partial_knowledge] ; total=1145 ; rate=213/min ; 229/6537 batches
[06:00:05]   +5 [partial_knowledge] ; total=1150 ; rate=214/min ; 230/6537 batches
[06:00:05]   +5 [partial_knowledge] ; total=1155 ; rate=215/min ; 231/6537 batches
[06:00:05]   +5 [partial_knowledge] ; total=1160 ; rate=216/min ; 232/6537 batches
[06:00:05]   +5 [partial_knowledge] ; total=1165 ; rate=217/min ; 233/6537 batches
[06:00:05]   +5 [partial_knowledge] ; total=1170 ; rate=218/min ; 234/6537 batches
[06:00:05]   +5 [partial_knowledge] ; total=1175 ; rate=219/min ; 235/6537 batches
[06:00:05]   +5 [partial_knowledge] ; total=1180 ; rate=220/min ; 236/6537 batches
[06:00:05]   +5 [partial_knowledge] ; total=1185 ; rate=221/min ; 237/6537 batches
[06:00:05]   +5 [partial_knowledge] ; total=1190 ; rate=221/min ; 238/6537 batches
[06:00:05]   +5 [partial_knowledge] ; total=1195 ; rate=222/min ; 239/6537 batches
[06:00:06]   +5 [partial_knowledge] ; total=1200 ; rate=223/min ; 240/6537 batches
[06:00:33]   FAIL [partial_knowledge]: empty_or_unparseable_after_retry
[06:00:34]   FAIL [partial_knowledge]: empty_or_unparseable_after_retry
[06:00:45]   FAIL [partial_knowledge]: empty_or_unparseable_after_retry
[06:00:46]   FAIL [partial_knowledge]: empty_or_unparseable_after_retry
[06:01:15]   +5 [partial_knowledge] ; total=1205 ; rate=184/min ; 241/6537 batches
[06:01:19]   +5 [partial_knowledge] ; total=1210 ; rate=183/min ; 242/6537 batches
[06:01:28]   +5 [partial_knowledge] ; total=1215 ; rate=180/min ; 243/6537 batches
[06:01:33]   +5 [partial_knowledge] ; total=1220 ; rate=179/min ; 244/6537 batches
[06:01:58]   +5 [partial_knowledge] ; total=1225 ; rate=169/min ; 245/6537 batches
[06:02:01]   +5 [partial_knowledge] ; total=1230 ; rate=168/min ; 246/6537 batches
[06:02:12]   +5 [partial_knowledge] ; total=1235 ; rate=165/min ; 247/6537 batches
[06:02:12]   +5 [partial_knowledge] ; total=1240 ; rate=166/min ; 248/6537 batches
[06:02:12]   +5 [partial_knowledge] ; total=1245 ; rate=166/min ; 249/6537 batches
[06:02:14]   +5 [partial_knowledge] ; total=1250 ; rate=166/min ; 250/6537 batches
[06:02:14]   +5 [partial_knowledge] ; total=1255 ; rate=167/min ; 251/6537 batches
[06:02:14]   +5 [partial_knowledge] ; total=1260 ; rate=168/min ; 252/6537 batches
[06:02:14]   +5 [partial_knowledge] ; total=1265 ; rate=168/min ; 253/6537 batches
[06:02:14]   +5 [partial_knowledge] ; total=1270 ; rate=169/min ; 254/6537 batches
[06:02:14]   +5 [partial_knowledge] ; total=1275 ; rate=170/min ; 255/6537 batches
[06:02:14]   +5 [partial_knowledge] ; total=1280 ; rate=170/min ; 256/6537 batches
[06:02:14]   +5 [partial_knowledge] ; total=1285 ; rate=171/min ; 257/6537 batches
[06:02:15]   +5 [partial_knowledge] ; total=1290 ; rate=171/min ; 258/6537 batches
[06:02:38]   +5 [partial_knowledge] ; total=1295 ; rate=164/min ; 259/6537 batches
[06:02:53]   +5 [partial_knowledge] ; total=1300 ; rate=159/min ; 260/6537 batches
[06:02:53]   +5 [partial_knowledge] ; total=1305 ; rate=160/min ; 261/6537 batches
[06:02:53]   +5 [partial_knowledge] ; total=1310 ; rate=160/min ; 262/6537 batches
[06:02:59]   +5 [partial_knowledge] ; total=1315 ; rate=159/min ; 263/6537 batches
[06:03:00]   +5 [partial_knowledge] ; total=1320 ; rate=160/min ; 264/6537 batches
[06:03:00]   +5 [partial_knowledge] ; total=1325 ; rate=160/min ; 265/6537 batches
[06:03:00]   +5 [partial_knowledge] ; total=1330 ; rate=161/min ; 266/6537 batches
[06:03:00]   +5 [partial_knowledge] ; total=1335 ; rate=161/min ; 267/6537 batches
[06:03:00]   +5 [partial_knowledge] ; total=1340 ; rate=162/min ; 268/6537 batches
[06:03:00]   +5 [partial_knowledge] ; total=1345 ; rate=162/min ; 269/6537 batches
[06:03:00]   +5 [partial_knowledge] ; total=1350 ; rate=163/min ; 270/6537 batches
[06:03:00]   +5 [partial_knowledge] ; total=1355 ; rate=164/min ; 271/6537 batches
[06:03:00]   +5 [partial_knowledge] ; total=1360 ; rate=164/min ; 272/6537 batches
[06:03:01]   +5 [partial_knowledge] ; total=1365 ; rate=165/min ; 273/6537 batches
[06:03:01]   +5 [partial_knowledge] ; total=1370 ; rate=165/min ; 274/6537 batches
[06:03:01]   +5 [partial_knowledge] ; total=1375 ; rate=166/min ; 275/6537 batches
[06:03:03]   +5 [partial_knowledge] ; total=1380 ; rate=166/min ; 276/6537 batches
[06:03:03]   +5 [partial_knowledge] ; total=1385 ; rate=166/min ; 277/6537 batches
[06:03:03]   +5 [partial_knowledge] ; total=1390 ; rate=167/min ; 278/6537 batches
[06:03:03]   +5 [partial_knowledge] ; total=1395 ; rate=167/min ; 279/6537 batches
[06:03:03]   +5 [partial_knowledge] ; total=1400 ; rate=168/min ; 280/6537 batches
[06:03:04]   +5 [partial_knowledge] ; total=1405 ; rate=168/min ; 281/6537 batches
[06:03:04]   +5 [partial_knowledge] ; total=1410 ; rate=169/min ; 282/6537 batches
[06:03:04]   +5 [partial_knowledge] ; total=1415 ; rate=170/min ; 283/6537 batches
[06:03:04]   +5 [partial_knowledge] ; total=1420 ; rate=170/min ; 284/6537 batches
[06:03:04]   +5 [partial_knowledge] ; total=1425 ; rate=171/min ; 285/6537 batches
[06:03:04]   +5 [partial_knowledge] ; total=1430 ; rate=171/min ; 286/6537 batches
[06:03:04]   +5 [partial_knowledge] ; total=1435 ; rate=172/min ; 287/6537 batches
[06:03:04]   +5 [partial_knowledge] ; total=1440 ; rate=172/min ; 288/6537 batches
[06:03:04]   +5 [partial_knowledge] ; total=1445 ; rate=173/min ; 289/6537 batches
[06:03:04]   +5 [partial_knowledge] ; total=1450 ; rate=174/min ; 290/6537 batches
[06:03:05]   +5 [partial_knowledge] ; total=1455 ; rate=174/min ; 291/6537 batches
[06:03:05]   +5 [partial_knowledge] ; total=1460 ; rate=175/min ; 292/6537 batches
[06:03:05]   +5 [partial_knowledge] ; total=1465 ; rate=175/min ; 293/6537 batches
[06:03:05]   +5 [partial_knowledge] ; total=1470 ; rate=176/min ; 294/6537 batches
[06:03:05]   +5 [partial_knowledge] ; total=1475 ; rate=176/min ; 295/6537 batches
[06:03:05]   +5 [partial_knowledge] ; total=1480 ; rate=177/min ; 296/6537 batches
[06:03:05]   +5 [partial_knowledge] ; total=1485 ; rate=178/min ; 297/6537 batches
[06:03:05]   +5 [partial_knowledge] ; total=1490 ; rate=178/min ; 298/6537 batches
[06:03:05]   +5 [partial_knowledge] ; total=1495 ; rate=179/min ; 299/6537 batches
[06:03:05]   +5 [partial_knowledge] ; total=1500 ; rate=179/min ; 300/6537 batches
[06:03:05]   +5 [partial_knowledge] ; total=1505 ; rate=180/min ; 301/6537 batches
[06:03:05]   +5 [partial_knowledge] ; total=1510 ; rate=180/min ; 302/6537 batches
[06:03:05]   +5 [partial_knowledge] ; total=1515 ; rate=181/min ; 303/6537 batches
[06:03:05]   +5 [partial_knowledge] ; total=1520 ; rate=182/min ; 304/6537 batches
[06:03:05]   +5 [partial_knowledge] ; total=1525 ; rate=182/min ; 305/6537 batches
[06:03:06]   +5 [partial_knowledge] ; total=1530 ; rate=183/min ; 306/6537 batches
[06:03:06]   +5 [partial_knowledge] ; total=1535 ; rate=183/min ; 307/6537 batches
[06:03:06]   +5 [partial_knowledge] ; total=1540 ; rate=184/min ; 308/6537 batches
[06:03:06]   +5 [partial_knowledge] ; total=1545 ; rate=184/min ; 309/6537 batches
[06:03:06]   +5 [partial_knowledge] ; total=1550 ; rate=185/min ; 310/6537 batches
[06:03:06]   +5 [partial_knowledge] ; total=1555 ; rate=186/min ; 311/6537 batches
[06:03:06]   +5 [partial_knowledge] ; total=1560 ; rate=186/min ; 312/6537 batches
[06:03:06]   +5 [partial_knowledge] ; total=1565 ; rate=187/min ; 313/6537 batches
[06:03:06]   +5 [partial_knowledge] ; total=1570 ; rate=187/min ; 314/6537 batches
[06:03:06]   +5 [partial_knowledge] ; total=1575 ; rate=188/min ; 315/6537 batches
[06:03:06]   +5 [partial_knowledge] ; total=1580 ; rate=188/min ; 316/6537 batches
[06:03:06]   +5 [partial_knowledge] ; total=1585 ; rate=189/min ; 317/6537 batches
[06:03:06]   +5 [partial_knowledge] ; total=1590 ; rate=190/min ; 318/6537 batches
[06:03:07]   +5 [partial_knowledge] ; total=1595 ; rate=190/min ; 319/6537 batches
[06:03:07]   +5 [partial_knowledge] ; total=1600 ; rate=191/min ; 320/6537 batches
[06:03:07]   +5 [partial_knowledge] ; total=1605 ; rate=191/min ; 321/6537 batches
[06:03:07]   +5 [partial_knowledge] ; total=1610 ; rate=192/min ; 322/6537 batches
[06:03:07]   +5 [partial_knowledge] ; total=1615 ; rate=192/min ; 323/6537 batches
[06:03:07]   +5 [partial_knowledge] ; total=1620 ; rate=193/min ; 324/6537 batches
[06:03:07]   +5 [partial_knowledge] ; total=1625 ; rate=194/min ; 325/6537 batches
[06:03:07]   +5 [partial_knowledge] ; total=1630 ; rate=194/min ; 326/6537 batches
[06:03:07]   +5 [partial_knowledge] ; total=1635 ; rate=195/min ; 327/6537 batches
[06:03:07]   +5 [partial_knowledge] ; total=1640 ; rate=195/min ; 328/6537 batches
[06:03:07]   +5 [partial_knowledge] ; total=1645 ; rate=196/min ; 329/6537 batches
[06:03:07]   +5 [partial_knowledge] ; total=1650 ; rate=196/min ; 330/6537 batches
[06:03:07]   +5 [partial_knowledge] ; total=1655 ; rate=197/min ; 331/6537 batches
[06:03:07]   +5 [partial_knowledge] ; total=1660 ; rate=197/min ; 332/6537 batches
[06:03:07]   +5 [partial_knowledge] ; total=1665 ; rate=198/min ; 333/6537 batches
[06:03:07]   +5 [partial_knowledge] ; total=1670 ; rate=199/min ; 334/6537 batches
[06:03:08]   +5 [partial_knowledge] ; total=1675 ; rate=199/min ; 335/6537 batches
[06:03:08]   +5 [partial_knowledge] ; total=1680 ; rate=200/min ; 336/6537 batches
[06:03:08]   +5 [partial_knowledge] ; total=1685 ; rate=200/min ; 337/6537 batches
[06:03:08]   +5 [partial_knowledge] ; total=1690 ; rate=201/min ; 338/6537 batches
[06:03:08]   +5 [partial_knowledge] ; total=1695 ; rate=202/min ; 339/6537 batches
[06:03:08]   +5 [partial_knowledge] ; total=1700 ; rate=202/min ; 340/6537 batches
[06:03:08]   +5 [partial_knowledge] ; total=1705 ; rate=203/min ; 341/6537 batches
[06:03:08]   +5 [partial_knowledge] ; total=1710 ; rate=203/min ; 342/6537 batches
[06:03:08]   +5 [partial_knowledge] ; total=1715 ; rate=204/min ; 343/6537 batches
[06:03:08]   +5 [partial_knowledge] ; total=1720 ; rate=204/min ; 344/6537 batches
[06:03:08]   +5 [partial_knowledge] ; total=1725 ; rate=205/min ; 345/6537 batches
[06:03:08]   +5 [partial_knowledge] ; total=1730 ; rate=205/min ; 346/6537 batches
[06:03:08]   +5 [partial_knowledge] ; total=1735 ; rate=206/min ; 347/6537 batches
[06:03:08]   +5 [partial_knowledge] ; total=1740 ; rate=207/min ; 348/6537 batches
[06:03:08]   +5 [partial_knowledge] ; total=1745 ; rate=207/min ; 349/6537 batches
[06:03:08]   +5 [partial_knowledge] ; total=1750 ; rate=208/min ; 350/6537 batches
[06:03:08]   +5 [partial_knowledge] ; total=1755 ; rate=208/min ; 351/6537 batches
[06:03:09]   +5 [partial_knowledge] ; total=1760 ; rate=209/min ; 352/6537 batches
[06:03:09]   +5 [partial_knowledge] ; total=1765 ; rate=209/min ; 353/6537 batches
[06:03:09]   +5 [partial_knowledge] ; total=1770 ; rate=210/min ; 354/6537 batches
[06:03:09]   +5 [partial_knowledge] ; total=1775 ; rate=211/min ; 355/6537 batches
[06:03:09]   +5 [partial_knowledge] ; total=1780 ; rate=211/min ; 356/6537 batches
[06:03:09]   +5 [partial_knowledge] ; total=1785 ; rate=212/min ; 357/6537 batches
[06:03:09]   +5 [partial_knowledge] ; total=1790 ; rate=212/min ; 358/6537 batches
[06:03:09]   +5 [partial_knowledge] ; total=1795 ; rate=213/min ; 359/6537 batches
[06:03:09]   +5 [partial_knowledge] ; total=1800 ; rate=213/min ; 360/6537 batches
[06:03:09]   +5 [partial_knowledge] ; total=1805 ; rate=214/min ; 361/6537 batches
[06:03:09]   +5 [partial_knowledge] ; total=1810 ; rate=215/min ; 362/6537 batches
[06:03:09]   +5 [partial_knowledge] ; total=1815 ; rate=215/min ; 363/6537 batches
[06:03:09]   +5 [partial_knowledge] ; total=1820 ; rate=216/min ; 364/6537 batches
[06:03:09]   +5 [partial_knowledge] ; total=1825 ; rate=216/min ; 365/6537 batches
[06:03:09]   +5 [partial_knowledge] ; total=1830 ; rate=217/min ; 366/6537 batches
[06:03:09]   +5 [partial_knowledge] ; total=1835 ; rate=217/min ; 367/6537 batches
[06:03:10]   +5 [partial_knowledge] ; total=1840 ; rate=218/min ; 368/6537 batches
[06:03:10]   +5 [partial_knowledge] ; total=1845 ; rate=219/min ; 369/6537 batches
[06:03:10]   +5 [partial_knowledge] ; total=1850 ; rate=219/min ; 370/6537 batches
[06:03:10]   +5 [partial_knowledge] ; total=1855 ; rate=220/min ; 371/6537 batches
[06:03:10]   +5 [partial_knowledge] ; total=1860 ; rate=220/min ; 372/6537 batches
[06:03:10]   +5 [partial_knowledge] ; total=1865 ; rate=221/min ; 373/6537 batches
[06:03:10]   +5 [partial_knowledge] ; total=1870 ; rate=221/min ; 374/6537 batches
[06:03:10]   +5 [partial_knowledge] ; total=1875 ; rate=222/min ; 375/6537 batches
[06:03:10]   +5 [partial_knowledge] ; total=1880 ; rate=223/min ; 376/6537 batches
[06:03:10]   +5 [partial_knowledge] ; total=1885 ; rate=223/min ; 377/6537 batches
[06:03:10]   +5 [partial_knowledge] ; total=1890 ; rate=224/min ; 378/6537 batches
[06:03:10]   +5 [partial_knowledge] ; total=1895 ; rate=224/min ; 379/6537 batches
[06:03:10]   +5 [partial_knowledge] ; total=1900 ; rate=225/min ; 380/6537 batches
[06:03:10]   +5 [partial_knowledge] ; total=1905 ; rate=225/min ; 381/6537 batches
[06:03:10]   +5 [partial_knowledge] ; total=1910 ; rate=226/min ; 382/6537 batches
[06:03:10]   +5 [partial_knowledge] ; total=1915 ; rate=226/min ; 383/6537 batches
[06:03:11]   +5 [partial_knowledge] ; total=1920 ; rate=227/min ; 384/6537 batches
[06:03:11]   +5 [partial_knowledge] ; total=1925 ; rate=228/min ; 385/6537 batches
[06:03:11]   +5 [partial_knowledge] ; total=1930 ; rate=228/min ; 386/6537 batches
[06:03:11]   +5 [partial_knowledge] ; total=1935 ; rate=229/min ; 387/6537 batches
[06:03:11]   +5 [partial_knowledge] ; total=1940 ; rate=229/min ; 388/6537 batches
[06:03:11]   +5 [partial_knowledge] ; total=1945 ; rate=230/min ; 389/6537 batches
[06:03:11]   +5 [partial_knowledge] ; total=1950 ; rate=230/min ; 390/6537 batches
[06:03:11]   +5 [partial_knowledge] ; total=1955 ; rate=231/min ; 391/6537 batches
[06:03:11]   +5 [partial_knowledge] ; total=1960 ; rate=231/min ; 392/6537 batches
[06:03:11]   +5 [partial_knowledge] ; total=1965 ; rate=232/min ; 393/6537 batches
[06:03:11]   +5 [partial_knowledge] ; total=1970 ; rate=233/min ; 394/6537 batches
[06:03:11]   +5 [partial_knowledge] ; total=1975 ; rate=233/min ; 395/6537 batches
[06:03:11]   +5 [partial_knowledge] ; total=1980 ; rate=234/min ; 396/6537 batches
[06:03:11]   +5 [partial_knowledge] ; total=1985 ; rate=234/min ; 397/6537 batches
[06:03:12]   +5 [partial_knowledge] ; total=1990 ; rate=235/min ; 398/6537 batches
[06:03:12]   +5 [partial_knowledge] ; total=1995 ; rate=235/min ; 399/6537 batches
[06:03:12]   +5 [partial_knowledge] ; total=2000 ; rate=236/min ; 400/6537 batches
[06:03:12]   +5 [partial_knowledge] ; total=2005 ; rate=236/min ; 401/6537 batches
[06:03:12]   +5 [partial_knowledge] ; total=2010 ; rate=237/min ; 402/6537 batches
[06:03:12]   +5 [partial_knowledge] ; total=2015 ; rate=238/min ; 403/6537 batches
[06:03:12]   +5 [partial_knowledge] ; total=2020 ; rate=238/min ; 404/6537 batches
[06:03:12]   +5 [partial_knowledge] ; total=2025 ; rate=239/min ; 405/6537 batches
[06:03:12]   +5 [partial_knowledge] ; total=2030 ; rate=239/min ; 406/6537 batches
[06:03:12]   +5 [partial_knowledge] ; total=2035 ; rate=240/min ; 407/6537 batches
[06:03:12]   +5 [partial_knowledge] ; total=2040 ; rate=240/min ; 408/6537 batches
[06:03:12]   +5 [partial_knowledge] ; total=2045 ; rate=241/min ; 409/6537 batches
[06:03:12]   +5 [partial_knowledge] ; total=2050 ; rate=242/min ; 410/6537 batches
[06:03:12]   +5 [partial_knowledge] ; total=2055 ; rate=242/min ; 411/6537 batches
[06:03:12]   +5 [partial_knowledge] ; total=2060 ; rate=243/min ; 412/6537 batches
[06:03:12]   +5 [partial_knowledge] ; total=2065 ; rate=243/min ; 413/6537 batches
[06:03:13]   +5 [partial_knowledge] ; total=2070 ; rate=244/min ; 414/6537 batches
[06:03:13]   +5 [partial_knowledge] ; total=2075 ; rate=244/min ; 415/6537 batches
[06:03:13]   +5 [partial_knowledge] ; total=2080 ; rate=245/min ; 416/6537 batches
[06:03:13]   +5 [partial_knowledge] ; total=2085 ; rate=245/min ; 417/6537 batches
[06:03:13]   +5 [partial_knowledge] ; total=2090 ; rate=246/min ; 418/6537 batches
[06:03:13]   +5 [partial_knowledge] ; total=2095 ; rate=247/min ; 419/6537 batches
[06:03:13]   +5 [partial_knowledge] ; total=2100 ; rate=247/min ; 420/6537 batches
[06:03:13]   +5 [partial_knowledge] ; total=2105 ; rate=248/min ; 421/6537 batches
[06:03:13]   +5 [partial_knowledge] ; total=2110 ; rate=248/min ; 422/6537 batches
[06:03:13]   +5 [partial_knowledge] ; total=2115 ; rate=249/min ; 423/6537 batches
[06:03:13]   +5 [partial_knowledge] ; total=2120 ; rate=249/min ; 424/6537 batches
[06:03:13]   +5 [partial_knowledge] ; total=2125 ; rate=250/min ; 425/6537 batches
[06:03:13]   +5 [partial_knowledge] ; total=2130 ; rate=250/min ; 426/6537 batches
[06:03:13]   +5 [partial_knowledge] ; total=2135 ; rate=251/min ; 427/6537 batches
[06:03:13]   +5 [partial_knowledge] ; total=2140 ; rate=252/min ; 428/6537 batches
[06:03:13]   +5 [partial_knowledge] ; total=2145 ; rate=252/min ; 429/6537 batches
[06:03:14]   +5 [partial_knowledge] ; total=2150 ; rate=253/min ; 430/6537 batches
[06:03:14]   +5 [partial_knowledge] ; total=2155 ; rate=253/min ; 431/6537 batches
[06:03:14]   +5 [partial_knowledge] ; total=2160 ; rate=254/min ; 432/6537 batches
[06:03:14]   +5 [partial_knowledge] ; total=2165 ; rate=254/min ; 433/6537 batches
[06:03:14]   +5 [partial_knowledge] ; total=2170 ; rate=255/min ; 434/6537 batches
[06:03:14]   +5 [partial_knowledge] ; total=2175 ; rate=256/min ; 435/6537 batches
[06:03:14]   +5 [partial_knowledge] ; total=2180 ; rate=256/min ; 436/6537 batches
[06:03:14]   +5 [partial_knowledge] ; total=2185 ; rate=257/min ; 437/6537 batches
[06:03:14]   +5 [partial_knowledge] ; total=2190 ; rate=257/min ; 438/6537 batches
[06:03:14]   +5 [partial_knowledge] ; total=2195 ; rate=258/min ; 439/6537 batches
[06:03:14]   +5 [partial_knowledge] ; total=2200 ; rate=258/min ; 440/6537 batches
[06:03:14]   +5 [partial_knowledge] ; total=2205 ; rate=259/min ; 441/6537 batches
[06:03:14]   +5 [partial_knowledge] ; total=2210 ; rate=259/min ; 442/6537 batches
[06:03:14]   +5 [partial_knowledge] ; total=2215 ; rate=260/min ; 443/6537 batches
[06:03:14]   +5 [partial_knowledge] ; total=2220 ; rate=260/min ; 444/6537 batches
[06:03:14]   +5 [partial_knowledge] ; total=2225 ; rate=261/min ; 445/6537 batches
[06:03:15]   +5 [partial_knowledge] ; total=2230 ; rate=262/min ; 446/6537 batches
[06:03:15]   +5 [partial_knowledge] ; total=2235 ; rate=262/min ; 447/6537 batches
[06:03:15]   +5 [partial_knowledge] ; total=2240 ; rate=263/min ; 448/6537 batches
[06:03:15]   +5 [partial_knowledge] ; total=2245 ; rate=263/min ; 449/6537 batches
[06:03:15]   +5 [partial_knowledge] ; total=2250 ; rate=264/min ; 450/6537 batches
[06:03:15]   +5 [partial_knowledge] ; total=2255 ; rate=264/min ; 451/6537 batches
[06:03:15]   +5 [partial_knowledge] ; total=2260 ; rate=265/min ; 452/6537 batches
[06:03:15]   +5 [partial_knowledge] ; total=2265 ; rate=265/min ; 453/6537 batches
[06:03:15]   +5 [partial_knowledge] ; total=2270 ; rate=266/min ; 454/6537 batches
[06:03:15]   +5 [partial_knowledge] ; total=2275 ; rate=267/min ; 455/6537 batches
[06:03:15]   +5 [partial_knowledge] ; total=2280 ; rate=267/min ; 456/6537 batches
[06:03:15]   +5 [partial_knowledge] ; total=2285 ; rate=268/min ; 457/6537 batches
[06:03:15]   +5 [partial_knowledge] ; total=2290 ; rate=268/min ; 458/6537 batches
[06:03:16]   +5 [partial_knowledge] ; total=2295 ; rate=269/min ; 459/6537 batches
[06:03:16]   +5 [partial_knowledge] ; total=2300 ; rate=269/min ; 460/6537 batches
[06:03:16]   +5 [partial_knowledge] ; total=2305 ; rate=270/min ; 461/6537 batches
[06:03:16]   +5 [partial_knowledge] ; total=2310 ; rate=270/min ; 462/6537 batches
[06:03:16]   +5 [partial_knowledge] ; total=2315 ; rate=271/min ; 463/6537 batches
[06:03:16]   +5 [partial_knowledge] ; total=2320 ; rate=271/min ; 464/6537 batches
[06:03:16]   +5 [partial_knowledge] ; total=2325 ; rate=272/min ; 465/6537 batches
[06:03:16]   +5 [partial_knowledge] ; total=2330 ; rate=272/min ; 466/6537 batches
[06:03:16]   +5 [partial_knowledge] ; total=2335 ; rate=273/min ; 467/6537 batches
[06:03:16]   +5 [partial_knowledge] ; total=2340 ; rate=274/min ; 468/6537 batches
[06:03:16]   +5 [partial_knowledge] ; total=2345 ; rate=274/min ; 469/6537 batches
[06:03:16]   +5 [partial_knowledge] ; total=2350 ; rate=275/min ; 470/6537 batches
[06:03:16]   +5 [partial_knowledge] ; total=2355 ; rate=275/min ; 471/6537 batches
[06:03:17]   +5 [partial_knowledge] ; total=2360 ; rate=276/min ; 472/6537 batches
[06:03:17]   +5 [partial_knowledge] ; total=2365 ; rate=276/min ; 473/6537 batches
[06:03:17]   +5 [partial_knowledge] ; total=2370 ; rate=277/min ; 474/6537 batches
[06:03:17]   +5 [partial_knowledge] ; total=2375 ; rate=277/min ; 475/6537 batches
[06:03:17]   +5 [partial_knowledge] ; total=2380 ; rate=278/min ; 476/6537 batches
[06:03:17]   +5 [partial_knowledge] ; total=2385 ; rate=279/min ; 477/6537 batches
[06:03:17]   +5 [partial_knowledge] ; total=2390 ; rate=279/min ; 478/6537 batches
[06:03:17]   +5 [partial_knowledge] ; total=2395 ; rate=280/min ; 479/6537 batches
[06:03:17]   +5 [partial_knowledge] ; total=2400 ; rate=280/min ; 480/6537 batches
[06:03:17]   +5 [partial_knowledge] ; total=2405 ; rate=281/min ; 481/6537 batches
[06:03:17]   +5 [partial_knowledge] ; total=2410 ; rate=281/min ; 482/6537 batches
[06:03:17]   +5 [partial_knowledge] ; total=2415 ; rate=282/min ; 483/6537 batches
[06:03:17]   +5 [partial_knowledge] ; total=2420 ; rate=282/min ; 484/6537 batches
[06:03:17]   +5 [partial_knowledge] ; total=2425 ; rate=283/min ; 485/6537 batches
[06:03:17]   +5 [partial_knowledge] ; total=2430 ; rate=284/min ; 486/6537 batches
[06:03:17]   +5 [partial_knowledge] ; total=2435 ; rate=284/min ; 487/6537 batches
[06:03:17]   +5 [partial_knowledge] ; total=2440 ; rate=285/min ; 488/6537 batches
[06:03:18]   +5 [partial_knowledge] ; total=2445 ; rate=285/min ; 489/6537 batches
[06:03:18]   +5 [partial_knowledge] ; total=2450 ; rate=286/min ; 490/6537 batches
[06:03:18]   +5 [partial_knowledge] ; total=2455 ; rate=286/min ; 491/6537 batches
[06:03:18]   +5 [partial_knowledge] ; total=2460 ; rate=287/min ; 492/6537 batches
[06:03:18]   +5 [partial_knowledge] ; total=2465 ; rate=287/min ; 493/6537 batches
[06:03:18]   +5 [partial_knowledge] ; total=2470 ; rate=288/min ; 494/6537 batches
[06:03:18]   +5 [partial_knowledge] ; total=2475 ; rate=288/min ; 495/6537 batches
[06:03:18]   +5 [partial_knowledge] ; total=2480 ; rate=289/min ; 496/6537 batches
[06:03:18]   +5 [partial_knowledge] ; total=2485 ; rate=290/min ; 497/6537 batches
[06:03:18]   +5 [partial_knowledge] ; total=2490 ; rate=290/min ; 498/6537 batches
[06:03:18]   +5 [partial_knowledge] ; total=2495 ; rate=291/min ; 499/6537 batches
[06:03:18]   +5 [partial_knowledge] ; total=2500 ; rate=291/min ; 500/6537 batches
[06:03:18]   +5 [partial_knowledge] ; total=2505 ; rate=292/min ; 501/6537 batches
[06:03:18]   +5 [partial_knowledge] ; total=2510 ; rate=292/min ; 502/6537 batches
[06:03:18]   +5 [partial_knowledge] ; total=2515 ; rate=293/min ; 503/6537 batches
[06:03:19]   +5 [partial_knowledge] ; total=2520 ; rate=293/min ; 504/6537 batches
[06:03:19]   +5 [partial_knowledge] ; total=2525 ; rate=294/min ; 505/6537 batches
[06:03:19]   +5 [partial_knowledge] ; total=2530 ; rate=294/min ; 506/6537 batches
[06:03:19]   +5 [partial_knowledge] ; total=2535 ; rate=295/min ; 507/6537 batches
[06:03:19]   +5 [partial_knowledge] ; total=2540 ; rate=295/min ; 508/6537 batches
[06:03:19]   +5 [partial_knowledge] ; total=2545 ; rate=296/min ; 509/6537 batches
[06:03:19]   +5 [partial_knowledge] ; total=2550 ; rate=297/min ; 510/6537 batches
[06:03:19]   +5 [partial_knowledge] ; total=2555 ; rate=297/min ; 511/6537 batches
[06:03:19]   +5 [partial_knowledge] ; total=2560 ; rate=298/min ; 512/6537 batches
[06:03:19]   +5 [partial_knowledge] ; total=2565 ; rate=298/min ; 513/6537 batches
[06:03:19]   +5 [partial_knowledge] ; total=2570 ; rate=299/min ; 514/6537 batches
[06:03:19]   +5 [partial_knowledge] ; total=2575 ; rate=299/min ; 515/6537 batches
[06:03:19]   +5 [partial_knowledge] ; total=2580 ; rate=300/min ; 516/6537 batches
[06:03:19]   +5 [partial_knowledge] ; total=2585 ; rate=300/min ; 517/6537 batches
[06:03:19]   +5 [partial_knowledge] ; total=2590 ; rate=301/min ; 518/6537 batches
[06:03:20]   +5 [partial_knowledge] ; total=2595 ; rate=301/min ; 519/6537 batches
[06:03:20]   +5 [partial_knowledge] ; total=2600 ; rate=302/min ; 520/6537 batches
[06:03:20]   +5 [partial_knowledge] ; total=2605 ; rate=303/min ; 521/6537 batches
[06:03:20]   +5 [partial_knowledge] ; total=2610 ; rate=303/min ; 522/6537 batches
[06:03:20]   +5 [partial_knowledge] ; total=2615 ; rate=304/min ; 523/6537 batches
[06:03:20]   +5 [partial_knowledge] ; total=2620 ; rate=304/min ; 524/6537 batches
[06:03:20]   +5 [partial_knowledge] ; total=2625 ; rate=305/min ; 525/6537 batches
[06:03:20]   +5 [partial_knowledge] ; total=2630 ; rate=305/min ; 526/6537 batches
[06:03:20]   +5 [partial_knowledge] ; total=2635 ; rate=306/min ; 527/6537 batches
[06:03:20]   +5 [partial_knowledge] ; total=2640 ; rate=306/min ; 528/6537 batches
[06:03:20]   +5 [partial_knowledge] ; total=2645 ; rate=307/min ; 529/6537 batches
[06:03:21]   +5 [partial_knowledge] ; total=2650 ; rate=307/min ; 530/6537 batches
[06:03:21]   +5 [partial_knowledge] ; total=2655 ; rate=308/min ; 531/6537 batches
[06:03:21]   +5 [partial_knowledge] ; total=2660 ; rate=308/min ; 532/6537 batches
[06:03:21]   +5 [partial_knowledge] ; total=2665 ; rate=309/min ; 533/6537 batches
[06:03:21]   +5 [partial_knowledge] ; total=2670 ; rate=309/min ; 534/6537 batches
[06:03:21]   +5 [partial_knowledge] ; total=2675 ; rate=310/min ; 535/6537 batches
[06:03:21]   +5 [partial_knowledge] ; total=2680 ; rate=311/min ; 536/6537 batches
[06:03:21]   +5 [partial_knowledge] ; total=2685 ; rate=311/min ; 537/6537 batches
[06:03:21]   +5 [partial_knowledge] ; total=2690 ; rate=312/min ; 538/6537 batches
[06:03:21]   +5 [partial_knowledge] ; total=2695 ; rate=312/min ; 539/6537 batches
[06:03:21]   +5 [partial_knowledge] ; total=2700 ; rate=313/min ; 540/6537 batches
[06:03:21]   +5 [partial_knowledge] ; total=2705 ; rate=313/min ; 541/6537 batches
[06:03:21]   +5 [partial_knowledge] ; total=2710 ; rate=314/min ; 542/6537 batches
[06:03:22]   +5 [partial_knowledge] ; total=2715 ; rate=314/min ; 543/6537 batches
[06:03:22]   +5 [partial_knowledge] ; total=2720 ; rate=315/min ; 544/6537 batches
[06:03:22]   +5 [partial_knowledge] ; total=2725 ; rate=315/min ; 545/6537 batches
[06:03:22]   +5 [partial_knowledge] ; total=2730 ; rate=316/min ; 546/6537 batches
[06:03:22]   +5 [partial_knowledge] ; total=2735 ; rate=316/min ; 547/6537 batches
[06:03:22]   +5 [partial_knowledge] ; total=2740 ; rate=317/min ; 548/6537 batches
[06:03:22]   +5 [partial_knowledge] ; total=2745 ; rate=317/min ; 549/6537 batches
[06:03:22]   +5 [partial_knowledge] ; total=2750 ; rate=318/min ; 550/6537 batches
[06:03:22]   +5 [partial_knowledge] ; total=2755 ; rate=318/min ; 551/6537 batches
[06:03:22]   +5 [partial_knowledge] ; total=2760 ; rate=319/min ; 552/6537 batches
[06:03:22]   +5 [partial_knowledge] ; total=2765 ; rate=319/min ; 553/6537 batches
[06:03:23]   +5 [partial_knowledge] ; total=2770 ; rate=320/min ; 554/6537 batches
[06:03:23]   +5 [partial_knowledge] ; total=2775 ; rate=320/min ; 555/6537 batches
[06:03:23]   +5 [partial_knowledge] ; total=2780 ; rate=321/min ; 556/6537 batches
[06:03:23]   +5 [partial_knowledge] ; total=2785 ; rate=321/min ; 557/6537 batches
[06:03:23]   +5 [partial_knowledge] ; total=2790 ; rate=322/min ; 558/6537 batches
[06:03:23]   +5 [partial_knowledge] ; total=2795 ; rate=322/min ; 559/6537 batches
[06:03:23]   +5 [partial_knowledge] ; total=2800 ; rate=323/min ; 560/6537 batches
[06:03:23]   +5 [partial_knowledge] ; total=2805 ; rate=323/min ; 561/6537 batches
[06:03:23]   +5 [partial_knowledge] ; total=2810 ; rate=324/min ; 562/6537 batches
[06:03:24]   +5 [partial_knowledge] ; total=2815 ; rate=325/min ; 563/6537 batches
[06:03:24]   +5 [partial_knowledge] ; total=2820 ; rate=325/min ; 564/6537 batches
[06:03:24]   +5 [partial_knowledge] ; total=2825 ; rate=326/min ; 565/6537 batches
[06:03:24]   +5 [partial_knowledge] ; total=2830 ; rate=326/min ; 566/6537 batches
[06:03:24]   +5 [partial_knowledge] ; total=2835 ; rate=327/min ; 567/6537 batches
[06:03:24]   +5 [partial_knowledge] ; total=2840 ; rate=327/min ; 568/6537 batches
[06:03:24]   +5 [partial_knowledge] ; total=2845 ; rate=328/min ; 569/6537 batches
[06:03:24]   +5 [partial_knowledge] ; total=2850 ; rate=328/min ; 570/6537 batches
[06:03:24]   +5 [partial_knowledge] ; total=2855 ; rate=329/min ; 571/6537 batches
[06:03:24]   +5 [partial_knowledge] ; total=2860 ; rate=329/min ; 572/6537 batches
[06:03:24]   +5 [partial_knowledge] ; total=2865 ; rate=330/min ; 573/6537 batches
[06:03:24]   +5 [partial_knowledge] ; total=2870 ; rate=330/min ; 574/6537 batches
[06:03:24]   +5 [partial_knowledge] ; total=2875 ; rate=331/min ; 575/6537 batches
[06:03:24]   +5 [partial_knowledge] ; total=2880 ; rate=331/min ; 576/6537 batches
[06:03:24]   +5 [partial_knowledge] ; total=2885 ; rate=332/min ; 577/6537 batches
[06:03:25]   +5 [partial_knowledge] ; total=2890 ; rate=333/min ; 578/6537 batches
[06:03:25]   +5 [partial_knowledge] ; total=2895 ; rate=333/min ; 579/6537 batches
[06:03:25]   +5 [partial_knowledge] ; total=2900 ; rate=334/min ; 580/6537 batches
[06:03:25]   +5 [partial_knowledge] ; total=2905 ; rate=334/min ; 581/6537 batches
[06:03:25]   +5 [partial_knowledge] ; total=2910 ; rate=335/min ; 582/6537 batches
[06:03:25]   +5 [partial_knowledge] ; total=2915 ; rate=335/min ; 583/6537 batches
[06:03:25]   +5 [partial_knowledge] ; total=2920 ; rate=336/min ; 584/6537 batches
[06:03:25]   +5 [partial_knowledge] ; total=2925 ; rate=336/min ; 585/6537 batches
[06:03:25]   +5 [partial_knowledge] ; total=2930 ; rate=337/min ; 586/6537 batches
[06:03:25]   +5 [partial_knowledge] ; total=2935 ; rate=337/min ; 587/6537 batches
[06:03:25]   +5 [partial_knowledge] ; total=2940 ; rate=338/min ; 588/6537 batches
[06:03:25]   +5 [partial_knowledge] ; total=2945 ; rate=338/min ; 589/6537 batches
[06:03:25]   +5 [partial_knowledge] ; total=2950 ; rate=339/min ; 590/6537 batches
[06:03:25]   +5 [partial_knowledge] ; total=2955 ; rate=339/min ; 591/6537 batches
[06:03:25]   +5 [partial_knowledge] ; total=2960 ; rate=340/min ; 592/6537 batches
[06:03:25]   +5 [partial_knowledge] ; total=2965 ; rate=341/min ; 593/6537 batches
[06:03:26]   +5 [partial_knowledge] ; total=2970 ; rate=341/min ; 594/6537 batches
[06:03:26]   +5 [partial_knowledge] ; total=2975 ; rate=342/min ; 595/6537 batches
[06:03:26]   +5 [partial_knowledge] ; total=2980 ; rate=342/min ; 596/6537 batches
[06:03:26]   +5 [partial_knowledge] ; total=2985 ; rate=343/min ; 597/6537 batches
[06:03:26]   +5 [partial_knowledge] ; total=2990 ; rate=343/min ; 598/6537 batches
[06:03:26]   +5 [partial_knowledge] ; total=2995 ; rate=344/min ; 599/6537 batches
[06:03:26]   +5 [partial_knowledge] ; total=3000 ; rate=344/min ; 600/6537 batches
[06:03:26]   +5 [partial_knowledge] ; total=3005 ; rate=345/min ; 601/6537 batches
[06:03:26]   +5 [partial_knowledge] ; total=3010 ; rate=345/min ; 602/6537 batches
[06:03:26]   +5 [partial_knowledge] ; total=3015 ; rate=346/min ; 603/6537 batches
[06:03:26]   +5 [partial_knowledge] ; total=3020 ; rate=346/min ; 604/6537 batches
[06:03:26]   +5 [partial_knowledge] ; total=3025 ; rate=347/min ; 605/6537 batches
[06:03:26]   +5 [partial_knowledge] ; total=3030 ; rate=347/min ; 606/6537 batches
[06:03:26]   +5 [partial_knowledge] ; total=3035 ; rate=348/min ; 607/6537 batches
[06:03:26]   +5 [partial_knowledge] ; total=3040 ; rate=349/min ; 608/6537 batches
[06:03:26]   +5 [partial_knowledge] ; total=3045 ; rate=349/min ; 609/6537 batches
[06:03:27]   +5 [partial_knowledge] ; total=3050 ; rate=350/min ; 610/6537 batches
[06:03:27]   +5 [partial_knowledge] ; total=3055 ; rate=350/min ; 611/6537 batches
[06:03:27]   +5 [partial_knowledge] ; total=3060 ; rate=351/min ; 612/6537 batches
[06:03:27]   +5 [partial_knowledge] ; total=3065 ; rate=351/min ; 613/6537 batches
[06:03:27]   +5 [partial_knowledge] ; total=3070 ; rate=352/min ; 614/6537 batches
[06:03:27]   +5 [partial_knowledge] ; total=3075 ; rate=352/min ; 615/6537 batches
[06:03:27]   +5 [partial_knowledge] ; total=3080 ; rate=353/min ; 616/6537 batches
[06:03:27]   +5 [partial_knowledge] ; total=3085 ; rate=353/min ; 617/6537 batches
[06:03:27]   +5 [partial_knowledge] ; total=3090 ; rate=354/min ; 618/6537 batches
[06:03:27]   +5 [partial_knowledge] ; total=3095 ; rate=354/min ; 619/6537 batches
[06:03:27]   +5 [partial_knowledge] ; total=3100 ; rate=355/min ; 620/6537 batches
[06:03:27]   +5 [partial_knowledge] ; total=3105 ; rate=355/min ; 621/6537 batches
[06:03:27]   +5 [partial_knowledge] ; total=3110 ; rate=356/min ; 622/6537 batches
[06:03:27]   +5 [partial_knowledge] ; total=3115 ; rate=356/min ; 623/6537 batches
[06:03:27]   +5 [partial_knowledge] ; total=3120 ; rate=357/min ; 624/6537 batches
[06:03:27]   +5 [partial_knowledge] ; total=3125 ; rate=358/min ; 625/6537 batches
[06:03:28]   +5 [partial_knowledge] ; total=3130 ; rate=358/min ; 626/6537 batches
[06:03:28]   +5 [partial_knowledge] ; total=3135 ; rate=359/min ; 627/6537 batches
[06:03:28]   +5 [partial_knowledge] ; total=3140 ; rate=359/min ; 628/6537 batches
[06:03:28]   +5 [partial_knowledge] ; total=3145 ; rate=360/min ; 629/6537 batches
[06:03:28]   +5 [partial_knowledge] ; total=3150 ; rate=360/min ; 630/6537 batches
[06:03:28]   +5 [partial_knowledge] ; total=3155 ; rate=361/min ; 631/6537 batches
[06:03:28]   +5 [partial_knowledge] ; total=3160 ; rate=361/min ; 632/6537 batches
[06:03:28]   +5 [partial_knowledge] ; total=3165 ; rate=362/min ; 633/6537 batches
[06:03:28]   +5 [partial_knowledge] ; total=3170 ; rate=362/min ; 634/6537 batches
[06:03:28]   +5 [partial_knowledge] ; total=3175 ; rate=363/min ; 635/6537 batches
[06:03:28]   +5 [partial_knowledge] ; total=3180 ; rate=363/min ; 636/6537 batches
[06:03:28]   +5 [partial_knowledge] ; total=3185 ; rate=364/min ; 637/6537 batches
[06:03:28]   +5 [partial_knowledge] ; total=3190 ; rate=364/min ; 638/6537 batches
[06:03:29]   +5 [partial_knowledge] ; total=3195 ; rate=365/min ; 639/6537 batches
[06:03:29]   +5 [partial_knowledge] ; total=3200 ; rate=365/min ; 640/6537 batches
[06:03:29]   +5 [partial_knowledge] ; total=3205 ; rate=366/min ; 641/6537 batches
[06:03:29]   +5 [partial_knowledge] ; total=3210 ; rate=366/min ; 642/6537 batches
[06:03:29]   +5 [partial_knowledge] ; total=3215 ; rate=367/min ; 643/6537 batches
[06:03:29]   +5 [partial_knowledge] ; total=3220 ; rate=367/min ; 644/6537 batches
[06:03:29]   +5 [partial_knowledge] ; total=3225 ; rate=368/min ; 645/6537 batches
[06:03:29]   +5 [partial_knowledge] ; total=3230 ; rate=368/min ; 646/6537 batches
[06:03:29]   +5 [partial_knowledge] ; total=3235 ; rate=369/min ; 647/6537 batches
[06:03:29]   +5 [partial_knowledge] ; total=3240 ; rate=370/min ; 648/6537 batches
[06:03:29]   +5 [partial_knowledge] ; total=3245 ; rate=370/min ; 649/6537 batches
[06:03:29]   +5 [partial_knowledge] ; total=3250 ; rate=371/min ; 650/6537 batches
[06:03:29]   +5 [partial_knowledge] ; total=3255 ; rate=371/min ; 651/6537 batches
[06:03:29]   +5 [partial_knowledge] ; total=3260 ; rate=372/min ; 652/6537 batches
[06:03:29]   +5 [partial_knowledge] ; total=3265 ; rate=372/min ; 653/6537 batches
[06:03:29]   +5 [partial_knowledge] ; total=3270 ; rate=373/min ; 654/6537 batches
[06:03:29]   +5 [partial_knowledge] ; total=3275 ; rate=373/min ; 655/6537 batches
[06:03:29]   +5 [partial_knowledge] ; total=3280 ; rate=374/min ; 656/6537 batches
[06:03:29]   +5 [partial_knowledge] ; total=3285 ; rate=374/min ; 657/6537 batches
[06:03:30]   +5 [partial_knowledge] ; total=3290 ; rate=375/min ; 658/6537 batches
[06:03:30]   +5 [partial_knowledge] ; total=3295 ; rate=375/min ; 659/6537 batches
[06:03:30]   +5 [partial_knowledge] ; total=3300 ; rate=376/min ; 660/6537 batches
[06:03:30]   +5 [partial_knowledge] ; total=3305 ; rate=376/min ; 661/6537 batches
[06:03:30]   +5 [partial_knowledge] ; total=3310 ; rate=377/min ; 662/6537 batches
[06:03:30]   +5 [partial_knowledge] ; total=3315 ; rate=378/min ; 663/6537 batches
[06:03:30]   +5 [partial_knowledge] ; total=3320 ; rate=378/min ; 664/6537 batches
[06:03:30]   +5 [partial_knowledge] ; total=3325 ; rate=379/min ; 665/6537 batches
[06:03:30]   +5 [partial_knowledge] ; total=3330 ; rate=379/min ; 666/6537 batches
[06:03:30]   +5 [partial_knowledge] ; total=3335 ; rate=380/min ; 667/6537 batches
[06:03:30]   +5 [partial_knowledge] ; total=3340 ; rate=380/min ; 668/6537 batches
[06:03:30]   +5 [partial_knowledge] ; total=3345 ; rate=381/min ; 669/6537 batches
[06:03:30]   +5 [partial_knowledge] ; total=3350 ; rate=381/min ; 670/6537 batches
[06:03:30]   +5 [partial_knowledge] ; total=3355 ; rate=382/min ; 671/6537 batches
[06:03:31]   +5 [partial_knowledge] ; total=3360 ; rate=382/min ; 672/6537 batches
[06:03:31]   +5 [partial_knowledge] ; total=3365 ; rate=383/min ; 673/6537 batches
[06:03:31]   +5 [partial_knowledge] ; total=3370 ; rate=383/min ; 674/6537 batches
[06:03:31]   +5 [partial_knowledge] ; total=3375 ; rate=384/min ; 675/6537 batches
[06:03:31]   +5 [partial_knowledge] ; total=3380 ; rate=384/min ; 676/6537 batches
[06:03:31]   +5 [partial_knowledge] ; total=3385 ; rate=385/min ; 677/6537 batches
[06:03:31]   +5 [partial_knowledge] ; total=3390 ; rate=385/min ; 678/6537 batches
[06:03:31]   +5 [partial_knowledge] ; total=3395 ; rate=386/min ; 679/6537 batches
[06:03:31]   +5 [partial_knowledge] ; total=3400 ; rate=386/min ; 680/6537 batches
[06:03:31]   +5 [partial_knowledge] ; total=3405 ; rate=387/min ; 681/6537 batches
[06:03:31]   +5 [partial_knowledge] ; total=3410 ; rate=387/min ; 682/6537 batches
[06:03:31]   +5 [partial_knowledge] ; total=3415 ; rate=388/min ; 683/6537 batches
[06:03:31]   +5 [partial_knowledge] ; total=3420 ; rate=388/min ; 684/6537 batches
[06:03:31]   +5 [partial_knowledge] ; total=3425 ; rate=389/min ; 685/6537 batches
[06:03:31]   +5 [partial_knowledge] ; total=3430 ; rate=390/min ; 686/6537 batches
[06:03:31]   +5 [partial_knowledge] ; total=3435 ; rate=390/min ; 687/6537 batches
[06:03:32]   +5 [partial_knowledge] ; total=3440 ; rate=391/min ; 688/6537 batches
[06:03:32]   +5 [partial_knowledge] ; total=3445 ; rate=391/min ; 689/6537 batches
[06:03:32]   +5 [partial_knowledge] ; total=3450 ; rate=392/min ; 690/6537 batches
[06:03:32]   +5 [partial_knowledge] ; total=3455 ; rate=392/min ; 691/6537 batches
[06:03:32]   +5 [partial_knowledge] ; total=3460 ; rate=393/min ; 692/6537 batches
[06:03:32]   +5 [partial_knowledge] ; total=3465 ; rate=393/min ; 693/6537 batches
[06:03:32]   +5 [partial_knowledge] ; total=3470 ; rate=394/min ; 694/6537 batches
[06:03:32]   +5 [partial_knowledge] ; total=3475 ; rate=394/min ; 695/6537 batches
[06:03:32]   +5 [partial_knowledge] ; total=3480 ; rate=395/min ; 696/6537 batches
[06:03:32]   +5 [partial_knowledge] ; total=3485 ; rate=395/min ; 697/6537 batches
[06:03:32]   +5 [partial_knowledge] ; total=3490 ; rate=396/min ; 698/6537 batches
[06:03:32]   +5 [partial_knowledge] ; total=3495 ; rate=397/min ; 699/6537 batches
[06:03:32]   +5 [partial_knowledge] ; total=3500 ; rate=397/min ; 700/6537 batches
[06:03:32]   +5 [partial_knowledge] ; total=3505 ; rate=398/min ; 701/6537 batches
[06:03:32]   +5 [partial_knowledge] ; total=3510 ; rate=398/min ; 702/6537 batches
[06:03:32]   +5 [partial_knowledge] ; total=3515 ; rate=399/min ; 703/6537 batches
[06:03:32]   +5 [partial_knowledge] ; total=3520 ; rate=399/min ; 704/6537 batches
[06:03:32]   +5 [partial_knowledge] ; total=3525 ; rate=400/min ; 705/6537 batches
[06:03:32]   +5 [partial_knowledge] ; total=3530 ; rate=400/min ; 706/6537 batches
[06:03:32]   +5 [partial_knowledge] ; total=3535 ; rate=401/min ; 707/6537 batches
[06:03:32]   +5 [partial_knowledge] ; total=3540 ; rate=401/min ; 708/6537 batches
[06:03:32]   +5 [partial_knowledge] ; total=3545 ; rate=402/min ; 709/6537 batches
[06:03:32]   +5 [partial_knowledge] ; total=3550 ; rate=402/min ; 710/6537 batches
[06:03:32]   +5 [partial_knowledge] ; total=3555 ; rate=403/min ; 711/6537 batches
[06:03:32]   +5 [partial_knowledge] ; total=3560 ; rate=403/min ; 712/6537 batches
[06:03:33]   +5 [partial_knowledge] ; total=3565 ; rate=404/min ; 713/6537 batches
[06:03:33]   +5 [partial_knowledge] ; total=3570 ; rate=405/min ; 714/6537 batches
[06:03:33]   +5 [partial_knowledge] ; total=3575 ; rate=405/min ; 715/6537 batches
[06:03:33]   +5 [partial_knowledge] ; total=3580 ; rate=406/min ; 716/6537 batches
[06:03:33]   +5 [partial_knowledge] ; total=3585 ; rate=406/min ; 717/6537 batches
[06:03:33]   +5 [partial_knowledge] ; total=3590 ; rate=407/min ; 718/6537 batches
[06:03:33]   +5 [partial_knowledge] ; total=3595 ; rate=407/min ; 719/6537 batches
[06:03:33]   +5 [partial_knowledge] ; total=3600 ; rate=408/min ; 720/6537 batches
[06:03:33]   +5 [partial_knowledge] ; total=3605 ; rate=408/min ; 721/6537 batches
[06:03:33]   +5 [partial_knowledge] ; total=3610 ; rate=409/min ; 722/6537 batches
[06:03:33]   +5 [partial_knowledge] ; total=3615 ; rate=409/min ; 723/6537 batches
[06:03:33]   +5 [partial_knowledge] ; total=3620 ; rate=410/min ; 724/6537 batches
[06:03:33]   +5 [partial_knowledge] ; total=3625 ; rate=410/min ; 725/6537 batches
[06:03:33]   +5 [partial_knowledge] ; total=3630 ; rate=411/min ; 726/6537 batches
[06:03:33]   +5 [partial_knowledge] ; total=3635 ; rate=411/min ; 727/6537 batches
[06:03:33]   +5 [partial_knowledge] ; total=3640 ; rate=412/min ; 728/6537 batches
[06:03:33]   +5 [partial_knowledge] ; total=3645 ; rate=413/min ; 729/6537 batches
[06:03:33]   +5 [partial_knowledge] ; total=3650 ; rate=413/min ; 730/6537 batches
[06:03:33]   +5 [partial_knowledge] ; total=3655 ; rate=414/min ; 731/6537 batches
[06:03:33]   +5 [partial_knowledge] ; total=3660 ; rate=414/min ; 732/6537 batches
[06:03:33]   +5 [partial_knowledge] ; total=3665 ; rate=415/min ; 733/6537 batches
[06:03:33]   +5 [partial_knowledge] ; total=3670 ; rate=415/min ; 734/6537 batches
[06:03:33]   +5 [partial_knowledge] ; total=3675 ; rate=416/min ; 735/6537 batches
[06:03:33]   +5 [partial_knowledge] ; total=3680 ; rate=416/min ; 736/6537 batches
[06:03:34]   +5 [partial_knowledge] ; total=3685 ; rate=417/min ; 737/6537 batches
[06:03:34]   +5 [partial_knowledge] ; total=3690 ; rate=417/min ; 738/6537 batches
[06:03:34]   +5 [partial_knowledge] ; total=3695 ; rate=418/min ; 739/6537 batches
[06:03:34]   +5 [partial_knowledge] ; total=3700 ; rate=418/min ; 740/6537 batches
[06:03:34]   +5 [partial_knowledge] ; total=3705 ; rate=419/min ; 741/6537 batches
[06:03:34]   +5 [partial_knowledge] ; total=3710 ; rate=420/min ; 742/6537 batches
[06:03:34]   +5 [partial_knowledge] ; total=3715 ; rate=420/min ; 743/6537 batches
[06:03:34]   +5 [partial_knowledge] ; total=3720 ; rate=421/min ; 744/6537 batches
[06:03:34]   +5 [partial_knowledge] ; total=3725 ; rate=421/min ; 745/6537 batches
[06:03:34]   +5 [partial_knowledge] ; total=3730 ; rate=422/min ; 746/6537 batches
[06:03:34]   +5 [partial_knowledge] ; total=3735 ; rate=422/min ; 747/6537 batches
[06:03:34]   +5 [partial_knowledge] ; total=3740 ; rate=423/min ; 748/6537 batches
[06:03:34]   +5 [partial_knowledge] ; total=3745 ; rate=423/min ; 749/6537 batches
[06:03:34]   +5 [partial_knowledge] ; total=3750 ; rate=424/min ; 750/6537 batches
[06:03:34]   +5 [partial_knowledge] ; total=3755 ; rate=424/min ; 751/6537 batches
[06:03:34]   +5 [partial_knowledge] ; total=3760 ; rate=425/min ; 752/6537 batches
[06:03:34]   +5 [partial_knowledge] ; total=3765 ; rate=425/min ; 753/6537 batches
[06:03:34]   +5 [partial_knowledge] ; total=3770 ; rate=426/min ; 754/6537 batches
[06:03:34]   +5 [partial_knowledge] ; total=3775 ; rate=426/min ; 755/6537 batches
[06:03:34]   +5 [partial_knowledge] ; total=3780 ; rate=427/min ; 756/6537 batches
[06:03:34]   +5 [partial_knowledge] ; total=3785 ; rate=427/min ; 757/6537 batches
[06:03:34]   +5 [partial_knowledge] ; total=3790 ; rate=428/min ; 758/6537 batches
[06:03:34]   +5 [partial_knowledge] ; total=3795 ; rate=429/min ; 759/6537 batches
[06:03:34]   +5 [partial_knowledge] ; total=3800 ; rate=429/min ; 760/6537 batches
[06:03:35]   +5 [partial_knowledge] ; total=3805 ; rate=430/min ; 761/6537 batches
[06:03:35]   +5 [partial_knowledge] ; total=3810 ; rate=430/min ; 762/6537 batches
[06:03:35]   +5 [partial_knowledge] ; total=3815 ; rate=431/min ; 763/6537 batches
[06:03:35]   +5 [partial_knowledge] ; total=3820 ; rate=431/min ; 764/6537 batches
[06:03:35]   +5 [partial_knowledge] ; total=3825 ; rate=432/min ; 765/6537 batches
[06:03:35]   +5 [partial_knowledge] ; total=3830 ; rate=432/min ; 766/6537 batches
[06:03:35]   +5 [partial_knowledge] ; total=3835 ; rate=433/min ; 767/6537 batches
[06:03:35]   +5 [partial_knowledge] ; total=3840 ; rate=433/min ; 768/6537 batches
[06:03:35]   +5 [partial_knowledge] ; total=3845 ; rate=434/min ; 769/6537 batches
[06:03:35]   +5 [partial_knowledge] ; total=3850 ; rate=434/min ; 770/6537 batches
[06:03:35]   +5 [partial_knowledge] ; total=3855 ; rate=435/min ; 771/6537 batches
[06:03:35]   +5 [partial_knowledge] ; total=3860 ; rate=435/min ; 772/6537 batches
[06:03:35]   +5 [partial_knowledge] ; total=3865 ; rate=436/min ; 773/6537 batches
[06:03:35]   +5 [partial_knowledge] ; total=3870 ; rate=436/min ; 774/6537 batches
[06:03:35]   +5 [partial_knowledge] ; total=3875 ; rate=437/min ; 775/6537 batches
[06:03:35]   +5 [partial_knowledge] ; total=3880 ; rate=438/min ; 776/6537 batches
[06:03:35]   +5 [partial_knowledge] ; total=3885 ; rate=438/min ; 777/6537 batches
[06:03:35]   +5 [partial_knowledge] ; total=3890 ; rate=439/min ; 778/6537 batches
[06:03:35]   +5 [partial_knowledge] ; total=3895 ; rate=439/min ; 779/6537 batches
[06:03:35]   +5 [partial_knowledge] ; total=3900 ; rate=440/min ; 780/6537 batches
[06:03:35]   +5 [partial_knowledge] ; total=3905 ; rate=440/min ; 781/6537 batches
[06:03:35]   +5 [partial_knowledge] ; total=3910 ; rate=441/min ; 782/6537 batches
[06:03:36]   +5 [partial_knowledge] ; total=3915 ; rate=441/min ; 783/6537 batches
[06:03:36]   +5 [partial_knowledge] ; total=3920 ; rate=442/min ; 784/6537 batches
[06:03:36]   +5 [partial_knowledge] ; total=3925 ; rate=442/min ; 785/6537 batches
[06:03:36]   +5 [partial_knowledge] ; total=3930 ; rate=443/min ; 786/6537 batches
[06:03:36]   +5 [partial_knowledge] ; total=3935 ; rate=443/min ; 787/6537 batches
[06:03:36]   +5 [partial_knowledge] ; total=3940 ; rate=444/min ; 788/6537 batches
[06:03:36]   +5 [partial_knowledge] ; total=3945 ; rate=444/min ; 789/6537 batches
[06:03:36]   +5 [partial_knowledge] ; total=3950 ; rate=445/min ; 790/6537 batches
[06:03:36]   +5 [partial_knowledge] ; total=3955 ; rate=445/min ; 791/6537 batches
[06:03:36]   +5 [partial_knowledge] ; total=3960 ; rate=446/min ; 792/6537 batches
[06:03:36]   +5 [partial_knowledge] ; total=3965 ; rate=446/min ; 793/6537 batches
[06:03:36]   +5 [partial_knowledge] ; total=3970 ; rate=447/min ; 794/6537 batches
[06:03:36]   +5 [partial_knowledge] ; total=3975 ; rate=448/min ; 795/6537 batches
[06:03:36]   +5 [partial_knowledge] ; total=3980 ; rate=448/min ; 796/6537 batches
[06:03:36]   +5 [partial_knowledge] ; total=3985 ; rate=449/min ; 797/6537 batches
[06:03:36]   +5 [partial_knowledge] ; total=3990 ; rate=449/min ; 798/6537 batches
[06:03:36]   +5 [partial_knowledge] ; total=3995 ; rate=450/min ; 799/6537 batches
[06:03:36]   +5 [partial_knowledge] ; total=4000 ; rate=450/min ; 800/6537 batches
[06:03:36]   +5 [partial_knowledge] ; total=4005 ; rate=451/min ; 801/6537 batches
[06:03:36]   +5 [partial_knowledge] ; total=4010 ; rate=451/min ; 802/6537 batches
[06:03:36]   +5 [partial_knowledge] ; total=4015 ; rate=452/min ; 803/6537 batches
[06:03:36]   +5 [partial_knowledge] ; total=4020 ; rate=452/min ; 804/6537 batches
[06:03:36]   +5 [partial_knowledge] ; total=4025 ; rate=453/min ; 805/6537 batches
[06:03:36]   +5 [partial_knowledge] ; total=4030 ; rate=453/min ; 806/6537 batches
[06:03:36]   +5 [partial_knowledge] ; total=4035 ; rate=454/min ; 807/6537 batches
[06:03:36]   +5 [partial_knowledge] ; total=4040 ; rate=454/min ; 808/6537 batches
[06:03:37]   +5 [partial_knowledge] ; total=4045 ; rate=455/min ; 809/6537 batches
[06:03:37]   +5 [partial_knowledge] ; total=4050 ; rate=456/min ; 810/6537 batches
[06:03:37]   +5 [partial_knowledge] ; total=4055 ; rate=456/min ; 811/6537 batches
[06:03:37]   +5 [partial_knowledge] ; total=4060 ; rate=457/min ; 812/6537 batches
[06:03:37]   +5 [partial_knowledge] ; total=4065 ; rate=457/min ; 813/6537 batches
[06:03:37]   +5 [partial_knowledge] ; total=4070 ; rate=458/min ; 814/6537 batches
[06:03:37]   +5 [partial_knowledge] ; total=4075 ; rate=458/min ; 815/6537 batches
[06:03:37]   +5 [partial_knowledge] ; total=4080 ; rate=459/min ; 816/6537 batches
[06:03:37]   +5 [partial_knowledge] ; total=4085 ; rate=459/min ; 817/6537 batches
[06:03:37]   +5 [partial_knowledge] ; total=4090 ; rate=460/min ; 818/6537 batches
[06:03:37]   +5 [partial_knowledge] ; total=4095 ; rate=460/min ; 819/6537 batches
[06:03:37]   +5 [partial_knowledge] ; total=4100 ; rate=461/min ; 820/6537 batches
[06:03:37]   +5 [partial_knowledge] ; total=4105 ; rate=461/min ; 821/6537 batches
[06:03:37]   +5 [partial_knowledge] ; total=4110 ; rate=462/min ; 822/6537 batches
[06:03:37]   +5 [partial_knowledge] ; total=4115 ; rate=462/min ; 823/6537 batches
[06:03:37]   +5 [partial_knowledge] ; total=4120 ; rate=463/min ; 824/6537 batches
[06:03:37]   +5 [partial_knowledge] ; total=4125 ; rate=463/min ; 825/6537 batches
[06:03:37]   +5 [partial_knowledge] ; total=4130 ; rate=464/min ; 826/6537 batches
[06:03:37]   +5 [partial_knowledge] ; total=4135 ; rate=464/min ; 827/6537 batches
[06:03:37]   +5 [partial_knowledge] ; total=4140 ; rate=465/min ; 828/6537 batches
[06:03:37]   +5 [partial_knowledge] ; total=4145 ; rate=466/min ; 829/6537 batches
[06:03:37]   +5 [partial_knowledge] ; total=4150 ; rate=466/min ; 830/6537 batches
[06:03:37]   +5 [partial_knowledge] ; total=4155 ; rate=467/min ; 831/6537 batches
[06:03:37]   +5 [partial_knowledge] ; total=4160 ; rate=467/min ; 832/6537 batches
[06:03:37]   +5 [partial_knowledge] ; total=4165 ; rate=468/min ; 833/6537 batches
[06:03:37]   +5 [partial_knowledge] ; total=4170 ; rate=468/min ; 834/6537 batches
[06:03:38]   +5 [partial_knowledge] ; total=4175 ; rate=469/min ; 835/6537 batches
[06:03:38]   +5 [partial_knowledge] ; total=4180 ; rate=469/min ; 836/6537 batches
[06:03:38]   +5 [partial_knowledge] ; total=4185 ; rate=470/min ; 837/6537 batches
[06:03:38]   +5 [partial_knowledge] ; total=4190 ; rate=470/min ; 838/6537 batches
[06:03:38]   +5 [partial_knowledge] ; total=4195 ; rate=471/min ; 839/6537 batches
[06:03:38]   +5 [partial_knowledge] ; total=4200 ; rate=471/min ; 840/6537 batches
[06:03:38]   +5 [partial_knowledge] ; total=4205 ; rate=472/min ; 841/6537 batches
[06:03:38]   +5 [partial_knowledge] ; total=4210 ; rate=472/min ; 842/6537 batches
[06:03:38]   +5 [partial_knowledge] ; total=4215 ; rate=473/min ; 843/6537 batches
[06:03:38]   +5 [partial_knowledge] ; total=4220 ; rate=473/min ; 844/6537 batches
[06:03:38]   +5 [partial_knowledge] ; total=4225 ; rate=474/min ; 845/6537 batches
[06:03:38]   +5 [partial_knowledge] ; total=4230 ; rate=475/min ; 846/6537 batches
[06:03:38]   +5 [partial_knowledge] ; total=4235 ; rate=475/min ; 847/6537 batches
[06:03:38]   +5 [partial_knowledge] ; total=4240 ; rate=476/min ; 848/6537 batches
[06:03:38]   +5 [partial_knowledge] ; total=4245 ; rate=476/min ; 849/6537 batches
[06:03:38]   +5 [partial_knowledge] ; total=4250 ; rate=477/min ; 850/6537 batches
[06:03:38]   +5 [partial_knowledge] ; total=4255 ; rate=477/min ; 851/6537 batches
[06:03:38]   +5 [partial_knowledge] ; total=4260 ; rate=478/min ; 852/6537 batches
[06:03:38]   +5 [partial_knowledge] ; total=4265 ; rate=478/min ; 853/6537 batches
[06:03:38]   +5 [partial_knowledge] ; total=4270 ; rate=479/min ; 854/6537 batches
[06:03:38]   +5 [partial_knowledge] ; total=4275 ; rate=479/min ; 855/6537 batches
[06:03:38]   +5 [partial_knowledge] ; total=4280 ; rate=480/min ; 856/6537 batches
[06:03:38]   +5 [partial_knowledge] ; total=4285 ; rate=480/min ; 857/6537 batches
[06:03:38]   +5 [partial_knowledge] ; total=4290 ; rate=481/min ; 858/6537 batches
[06:03:38]   +5 [partial_knowledge] ; total=4295 ; rate=481/min ; 859/6537 batches
[06:03:38]   +5 [partial_knowledge] ; total=4300 ; rate=482/min ; 860/6537 batches
[06:03:39]   +5 [partial_knowledge] ; total=4305 ; rate=482/min ; 861/6537 batches
[06:03:39]   +5 [partial_knowledge] ; total=4310 ; rate=482/min ; 862/6537 batches
[06:03:39]   +5 [partial_knowledge] ; total=4315 ; rate=483/min ; 863/6537 batches
[06:03:39]   +5 [partial_knowledge] ; total=4320 ; rate=483/min ; 864/6537 batches
[06:03:39]   +5 [partial_knowledge] ; total=4325 ; rate=484/min ; 865/6537 batches
[06:03:39]   +5 [partial_knowledge] ; total=4330 ; rate=484/min ; 866/6537 batches
[06:03:39]   +5 [partial_knowledge] ; total=4335 ; rate=485/min ; 867/6537 batches
[06:03:39]   +5 [partial_knowledge] ; total=4340 ; rate=486/min ; 868/6537 batches
[06:03:39]   +5 [partial_knowledge] ; total=4345 ; rate=486/min ; 869/6537 batches
[06:03:39]   +5 [partial_knowledge] ; total=4350 ; rate=487/min ; 870/6537 batches
[06:03:40]   +5 [partial_knowledge] ; total=4355 ; rate=487/min ; 871/6537 batches
[06:03:40]   +5 [partial_knowledge] ; total=4360 ; rate=488/min ; 872/6537 batches
[06:03:40]   +5 [partial_knowledge] ; total=4365 ; rate=488/min ; 873/6537 batches
[06:03:40]   +5 [partial_knowledge] ; total=4370 ; rate=489/min ; 874/6537 batches
[06:03:40]   +5 [partial_knowledge] ; total=4375 ; rate=489/min ; 875/6537 batches
[06:03:40]   +5 [partial_knowledge] ; total=4380 ; rate=490/min ; 876/6537 batches
[06:03:40]   +5 [partial_knowledge] ; total=4385 ; rate=490/min ; 877/6537 batches
[06:03:40]   +5 [partial_knowledge] ; total=4390 ; rate=491/min ; 878/6537 batches
[06:03:40]   +5 [partial_knowledge] ; total=4395 ; rate=491/min ; 879/6537 batches
[06:03:40]   +5 [partial_knowledge] ; total=4400 ; rate=492/min ; 880/6537 batches
[06:03:40]   +5 [partial_knowledge] ; total=4405 ; rate=492/min ; 881/6537 batches
[06:03:40]   +5 [partial_knowledge] ; total=4410 ; rate=493/min ; 882/6537 batches
[06:03:40]   +5 [partial_knowledge] ; total=4415 ; rate=493/min ; 883/6537 batches
[06:03:40]   +5 [partial_knowledge] ; total=4420 ; rate=494/min ; 884/6537 batches
[06:03:40]   +5 [partial_knowledge] ; total=4425 ; rate=494/min ; 885/6537 batches
[06:03:40]   +5 [partial_knowledge] ; total=4430 ; rate=495/min ; 886/6537 batches
[06:03:40]   +5 [partial_knowledge] ; total=4435 ; rate=495/min ; 887/6537 batches
[06:03:40]   +5 [partial_knowledge] ; total=4440 ; rate=496/min ; 888/6537 batches
[06:03:40]   +5 [partial_knowledge] ; total=4445 ; rate=496/min ; 889/6537 batches
[06:03:40]   +5 [partial_knowledge] ; total=4450 ; rate=497/min ; 890/6537 batches
[06:03:40]   +5 [partial_knowledge] ; total=4455 ; rate=497/min ; 891/6537 batches
[06:03:40]   +5 [partial_knowledge] ; total=4460 ; rate=498/min ; 892/6537 batches
[06:03:40]   +5 [partial_knowledge] ; total=4465 ; rate=499/min ; 893/6537 batches
[06:03:40]   +5 [partial_knowledge] ; total=4470 ; rate=499/min ; 894/6537 batches
[06:03:41]   +5 [partial_knowledge] ; total=4475 ; rate=500/min ; 895/6537 batches
[06:03:41]   +5 [partial_knowledge] ; total=4480 ; rate=500/min ; 896/6537 batches
[06:03:41]   +5 [partial_knowledge] ; total=4485 ; rate=501/min ; 897/6537 batches
[06:03:41]   +5 [partial_knowledge] ; total=4490 ; rate=501/min ; 898/6537 batches
[06:03:41]   +5 [partial_knowledge] ; total=4495 ; rate=502/min ; 899/6537 batches
[06:03:41]   +5 [partial_knowledge] ; total=4500 ; rate=502/min ; 900/6537 batches
[06:03:41]   +5 [partial_knowledge] ; total=4505 ; rate=503/min ; 901/6537 batches
[06:03:41]   +5 [partial_knowledge] ; total=4510 ; rate=503/min ; 902/6537 batches
[06:03:41]   +5 [partial_knowledge] ; total=4515 ; rate=504/min ; 903/6537 batches
[06:03:41]   +5 [partial_knowledge] ; total=4520 ; rate=504/min ; 904/6537 batches
[06:03:41]   +5 [partial_knowledge] ; total=4525 ; rate=505/min ; 905/6537 batches
[06:03:41]   +5 [partial_knowledge] ; total=4530 ; rate=505/min ; 906/6537 batches
[06:03:41]   +5 [partial_knowledge] ; total=4535 ; rate=506/min ; 907/6537 batches
[06:03:41]   +5 [partial_knowledge] ; total=4540 ; rate=506/min ; 908/6537 batches
[06:03:41]   +5 [partial_knowledge] ; total=4545 ; rate=507/min ; 909/6537 batches
[06:03:41]   +5 [partial_knowledge] ; total=4550 ; rate=507/min ; 910/6537 batches
[06:03:41]   +5 [partial_knowledge] ; total=4555 ; rate=508/min ; 911/6537 batches
[06:03:41]   +5 [partial_knowledge] ; total=4560 ; rate=508/min ; 912/6537 batches
[06:03:41]   +5 [partial_knowledge] ; total=4565 ; rate=509/min ; 913/6537 batches
[06:03:41]   +5 [partial_knowledge] ; total=4570 ; rate=509/min ; 914/6537 batches
[06:03:41]   +5 [partial_knowledge] ; total=4575 ; rate=510/min ; 915/6537 batches
[06:03:41]   +5 [partial_knowledge] ; total=4580 ; rate=510/min ; 916/6537 batches
[06:03:41]   +5 [partial_knowledge] ; total=4585 ; rate=511/min ; 917/6537 batches
[06:03:41]   +5 [partial_knowledge] ; total=4590 ; rate=511/min ; 918/6537 batches
[06:03:42]   +5 [partial_knowledge] ; total=4595 ; rate=512/min ; 919/6537 batches
[06:03:42]   +5 [partial_knowledge] ; total=4600 ; rate=513/min ; 920/6537 batches
[06:03:42]   +5 [partial_knowledge] ; total=4605 ; rate=513/min ; 921/6537 batches
[06:03:42]   +5 [partial_knowledge] ; total=4610 ; rate=514/min ; 922/6537 batches
[06:03:42]   +5 [partial_knowledge] ; total=4615 ; rate=514/min ; 923/6537 batches
[06:03:42]   +5 [partial_knowledge] ; total=4620 ; rate=515/min ; 924/6537 batches
[06:03:42]   +5 [partial_knowledge] ; total=4625 ; rate=515/min ; 925/6537 batches
[06:03:42]   +5 [partial_knowledge] ; total=4630 ; rate=516/min ; 926/6537 batches
[06:03:42]   +5 [partial_knowledge] ; total=4635 ; rate=516/min ; 927/6537 batches
[06:03:42]   +5 [partial_knowledge] ; total=4640 ; rate=517/min ; 928/6537 batches
[06:03:42]   +5 [partial_knowledge] ; total=4645 ; rate=517/min ; 929/6537 batches
[06:03:42]   +5 [partial_knowledge] ; total=4650 ; rate=518/min ; 930/6537 batches
[06:03:42]   +5 [partial_knowledge] ; total=4655 ; rate=518/min ; 931/6537 batches
[06:03:42]   +5 [partial_knowledge] ; total=4660 ; rate=519/min ; 932/6537 batches
[06:03:42]   +5 [partial_knowledge] ; total=4665 ; rate=519/min ; 933/6537 batches
[06:03:42]   +5 [partial_knowledge] ; total=4670 ; rate=520/min ; 934/6537 batches
[06:03:42]   +5 [partial_knowledge] ; total=4675 ; rate=520/min ; 935/6537 batches
[06:03:42]   +5 [partial_knowledge] ; total=4680 ; rate=521/min ; 936/6537 batches
[06:03:42]   +5 [partial_knowledge] ; total=4685 ; rate=521/min ; 937/6537 batches
[06:03:42]   +5 [partial_knowledge] ; total=4690 ; rate=522/min ; 938/6537 batches
[06:03:42]   +5 [partial_knowledge] ; total=4695 ; rate=522/min ; 939/6537 batches
[06:03:42]   +5 [partial_knowledge] ; total=4700 ; rate=523/min ; 940/6537 batches
[06:03:43]   +5 [partial_knowledge] ; total=4705 ; rate=523/min ; 941/6537 batches
[06:03:43]   +5 [partial_knowledge] ; total=4710 ; rate=524/min ; 942/6537 batches
[06:03:43]   +5 [partial_knowledge] ; total=4715 ; rate=524/min ; 943/6537 batches
[06:03:43]   +5 [partial_knowledge] ; total=4720 ; rate=525/min ; 944/6537 batches
[06:03:43]   +5 [partial_knowledge] ; total=4725 ; rate=525/min ; 945/6537 batches
[06:03:43]   +5 [partial_knowledge] ; total=4730 ; rate=526/min ; 946/6537 batches
[06:03:43]   +5 [partial_knowledge] ; total=4735 ; rate=526/min ; 947/6537 batches
[06:03:43]   +5 [partial_knowledge] ; total=4740 ; rate=527/min ; 948/6537 batches
[06:03:43]   +5 [partial_knowledge] ; total=4745 ; rate=527/min ; 949/6537 batches
[06:03:43]   +5 [partial_knowledge] ; total=4750 ; rate=528/min ; 950/6537 batches
[06:03:43]   +5 [partial_knowledge] ; total=4755 ; rate=528/min ; 951/6537 batches
[06:03:43]   +5 [partial_knowledge] ; total=4760 ; rate=529/min ; 952/6537 batches
[06:03:43]   +5 [partial_knowledge] ; total=4765 ; rate=529/min ; 953/6537 batches
[06:03:43]   +5 [partial_knowledge] ; total=4770 ; rate=530/min ; 954/6537 batches
[06:03:43]   +5 [partial_knowledge] ; total=4775 ; rate=530/min ; 955/6537 batches
[06:03:43]   +5 [partial_knowledge] ; total=4780 ; rate=531/min ; 956/6537 batches
[06:03:43]   +5 [partial_knowledge] ; total=4785 ; rate=531/min ; 957/6537 batches
[06:03:43]   +5 [partial_knowledge] ; total=4790 ; rate=532/min ; 958/6537 batches
[06:03:43]   +5 [partial_knowledge] ; total=4795 ; rate=532/min ; 959/6537 batches
[06:03:43]   +5 [partial_knowledge] ; total=4800 ; rate=533/min ; 960/6537 batches
[06:03:43]   +5 [partial_knowledge] ; total=4805 ; rate=533/min ; 961/6537 batches
[06:03:43]   +5 [partial_knowledge] ; total=4810 ; rate=534/min ; 962/6537 batches
[06:03:44]   +5 [partial_knowledge] ; total=4815 ; rate=535/min ; 963/6537 batches
[06:03:44]   +5 [partial_knowledge] ; total=4820 ; rate=535/min ; 964/6537 batches
[06:03:44]   +5 [partial_knowledge] ; total=4825 ; rate=536/min ; 965/6537 batches
[06:03:44]   +5 [partial_knowledge] ; total=4830 ; rate=536/min ; 966/6537 batches
[06:03:44]   +5 [partial_knowledge] ; total=4835 ; rate=537/min ; 967/6537 batches
[06:03:44]   +5 [partial_knowledge] ; total=4840 ; rate=537/min ; 968/6537 batches
[06:03:44]   +5 [partial_knowledge] ; total=4845 ; rate=538/min ; 969/6537 batches
[06:03:44]   +5 [partial_knowledge] ; total=4850 ; rate=538/min ; 970/6537 batches
[06:03:44]   +5 [partial_knowledge] ; total=4855 ; rate=539/min ; 971/6537 batches
[06:03:44]   +5 [partial_knowledge] ; total=4860 ; rate=539/min ; 972/6537 batches
[06:03:44]   +5 [partial_knowledge] ; total=4865 ; rate=540/min ; 973/6537 batches
[06:03:44]   +5 [partial_knowledge] ; total=4870 ; rate=540/min ; 974/6537 batches
[06:03:44]   +5 [partial_knowledge] ; total=4875 ; rate=541/min ; 975/6537 batches
[06:03:44]   +5 [partial_knowledge] ; total=4880 ; rate=541/min ; 976/6537 batches
[06:03:44]   +5 [partial_knowledge] ; total=4885 ; rate=542/min ; 977/6537 batches
[06:03:44]   +5 [partial_knowledge] ; total=4890 ; rate=542/min ; 978/6537 batches
[06:03:44]   +5 [partial_knowledge] ; total=4895 ; rate=543/min ; 979/6537 batches
[06:03:44]   +5 [partial_knowledge] ; total=4900 ; rate=543/min ; 980/6537 batches
[06:03:44]   +5 [partial_knowledge] ; total=4905 ; rate=544/min ; 981/6537 batches
[06:03:44]   +5 [partial_knowledge] ; total=4910 ; rate=544/min ; 982/6537 batches
[06:03:44]   +5 [partial_knowledge] ; total=4915 ; rate=545/min ; 983/6537 batches
[06:03:44]   +5 [partial_knowledge] ; total=4920 ; rate=545/min ; 984/6537 batches
[06:03:44]   +5 [partial_knowledge] ; total=4925 ; rate=546/min ; 985/6537 batches
[06:03:44]   +5 [partial_knowledge] ; total=4930 ; rate=547/min ; 986/6537 batches
[06:03:44]   +5 [partial_knowledge] ; total=4935 ; rate=547/min ; 987/6537 batches
[06:03:44]   +5 [partial_knowledge] ; total=4940 ; rate=548/min ; 988/6537 batches
[06:03:44]   +5 [partial_knowledge] ; total=4945 ; rate=548/min ; 989/6537 batches
[06:03:44]   +5 [partial_knowledge] ; total=4950 ; rate=549/min ; 990/6537 batches
[06:03:45]   +5 [partial_knowledge] ; total=4955 ; rate=549/min ; 991/6537 batches
[06:03:45]   +5 [partial_knowledge] ; total=4960 ; rate=550/min ; 992/6537 batches
[06:03:45]   +5 [partial_knowledge] ; total=4965 ; rate=550/min ; 993/6537 batches
[06:03:45]   +5 [partial_knowledge] ; total=4970 ; rate=551/min ; 994/6537 batches
[06:03:45]   +5 [partial_knowledge] ; total=4975 ; rate=551/min ; 995/6537 batches
[06:03:45]   +5 [partial_knowledge] ; total=4980 ; rate=552/min ; 996/6537 batches
[06:03:45]   +5 [partial_knowledge] ; total=4985 ; rate=552/min ; 997/6537 batches
[06:03:45]   +5 [partial_knowledge] ; total=4990 ; rate=553/min ; 998/6537 batches
[06:03:45]   +5 [partial_knowledge] ; total=4995 ; rate=553/min ; 999/6537 batches
[06:03:45]   +5 [partial_knowledge] ; total=5000 ; rate=554/min ; 1000/6537 batches
[06:03:45]   +5 [partial_knowledge] ; total=5005 ; rate=554/min ; 1001/6537 batches
[06:03:45]   +5 [partial_knowledge] ; total=5010 ; rate=555/min ; 1002/6537 batches
[06:03:45]   +5 [partial_knowledge] ; total=5015 ; rate=555/min ; 1003/6537 batches
[06:03:45]   +5 [partial_knowledge] ; total=5020 ; rate=556/min ; 1004/6537 batches
[06:03:45]   +5 [partial_knowledge] ; total=5025 ; rate=556/min ; 1005/6537 batches
[06:03:45]   +5 [partial_knowledge] ; total=5030 ; rate=557/min ; 1006/6537 batches
[06:03:45]   +5 [partial_knowledge] ; total=5035 ; rate=557/min ; 1007/6537 batches
[06:03:45]   +5 [partial_knowledge] ; total=5040 ; rate=558/min ; 1008/6537 batches
[06:03:45]   +5 [partial_knowledge] ; total=5045 ; rate=558/min ; 1009/6537 batches
[06:03:45]   +5 [partial_knowledge] ; total=5050 ; rate=559/min ; 1010/6537 batches
[06:03:45]   +5 [partial_knowledge] ; total=5055 ; rate=559/min ; 1011/6537 batches
[06:03:46]   +5 [partial_knowledge] ; total=5060 ; rate=560/min ; 1012/6537 batches
[06:03:46]   +5 [partial_knowledge] ; total=5065 ; rate=560/min ; 1013/6537 batches
[06:03:46]   +5 [partial_knowledge] ; total=5070 ; rate=561/min ; 1014/6537 batches
[06:03:46]   +5 [partial_knowledge] ; total=5075 ; rate=561/min ; 1015/6537 batches
[06:03:46]   +5 [partial_knowledge] ; total=5080 ; rate=562/min ; 1016/6537 batches
[06:03:46]   +5 [partial_knowledge] ; total=5085 ; rate=562/min ; 1017/6537 batches
[06:03:46]   +5 [partial_knowledge] ; total=5090 ; rate=562/min ; 1018/6537 batches
[06:03:46]   +5 [partial_knowledge] ; total=5095 ; rate=563/min ; 1019/6537 batches
[06:03:46]   +5 [partial_knowledge] ; total=5100 ; rate=563/min ; 1020/6537 batches
[06:03:46]   +5 [partial_knowledge] ; total=5105 ; rate=564/min ; 1021/6537 batches
[06:03:46]   +5 [partial_knowledge] ; total=5110 ; rate=564/min ; 1022/6537 batches
[06:03:46]   +5 [partial_knowledge] ; total=5115 ; rate=565/min ; 1023/6537 batches
[06:03:46]   +5 [partial_knowledge] ; total=5120 ; rate=565/min ; 1024/6537 batches
[06:03:47]   +5 [partial_knowledge] ; total=5125 ; rate=566/min ; 1025/6537 batches
[06:03:47]   +5 [partial_knowledge] ; total=5130 ; rate=566/min ; 1026/6537 batches
[06:03:47]   +5 [partial_knowledge] ; total=5135 ; rate=567/min ; 1027/6537 batches
[06:03:47]   +5 [partial_knowledge] ; total=5140 ; rate=567/min ; 1028/6537 batches
[06:03:47]   +5 [partial_knowledge] ; total=5145 ; rate=568/min ; 1029/6537 batches
[06:03:47]   +5 [partial_knowledge] ; total=5150 ; rate=568/min ; 1030/6537 batches
[06:03:47]   +5 [partial_knowledge] ; total=5155 ; rate=569/min ; 1031/6537 batches
[06:03:47]   +5 [partial_knowledge] ; total=5160 ; rate=569/min ; 1032/6537 batches
[06:03:47]   +5 [partial_knowledge] ; total=5165 ; rate=570/min ; 1033/6537 batches
[06:03:47]   +5 [partial_knowledge] ; total=5170 ; rate=570/min ; 1034/6537 batches
[06:03:47]   +5 [partial_knowledge] ; total=5175 ; rate=571/min ; 1035/6537 batches
[06:03:47]   +5 [partial_knowledge] ; total=5180 ; rate=572/min ; 1036/6537 batches
[06:03:47]   +5 [partial_knowledge] ; total=5185 ; rate=572/min ; 1037/6537 batches
[06:03:47]   +5 [partial_knowledge] ; total=5190 ; rate=573/min ; 1038/6537 batches
[06:03:47]   +5 [partial_knowledge] ; total=5195 ; rate=573/min ; 1039/6537 batches
[06:03:47]   +5 [partial_knowledge] ; total=5200 ; rate=574/min ; 1040/6537 batches
[06:03:47]   +5 [partial_knowledge] ; total=5205 ; rate=574/min ; 1041/6537 batches
[06:03:47]   +5 [partial_knowledge] ; total=5210 ; rate=575/min ; 1042/6537 batches
[06:03:47]   +5 [partial_knowledge] ; total=5215 ; rate=575/min ; 1043/6537 batches
[06:03:47]   +5 [partial_knowledge] ; total=5220 ; rate=576/min ; 1044/6537 batches
[06:03:47]   +5 [partial_knowledge] ; total=5225 ; rate=576/min ; 1045/6537 batches
[06:03:47]   +5 [partial_knowledge] ; total=5230 ; rate=577/min ; 1046/6537 batches
[06:03:47]   +5 [partial_knowledge] ; total=5235 ; rate=577/min ; 1047/6537 batches
[06:03:47]   +5 [partial_knowledge] ; total=5240 ; rate=578/min ; 1048/6537 batches
[06:03:47]   +5 [partial_knowledge] ; total=5245 ; rate=578/min ; 1049/6537 batches
[06:03:47]   +5 [partial_knowledge] ; total=5250 ; rate=579/min ; 1050/6537 batches
[06:03:47]   +5 [partial_knowledge] ; total=5255 ; rate=579/min ; 1051/6537 batches
[06:03:47]   +5 [partial_knowledge] ; total=5260 ; rate=580/min ; 1052/6537 batches
[06:03:48]   +5 [partial_knowledge] ; total=5265 ; rate=580/min ; 1053/6537 batches
[06:03:48]   +5 [partial_knowledge] ; total=5270 ; rate=581/min ; 1054/6537 batches
[06:03:48]   +5 [partial_knowledge] ; total=5275 ; rate=581/min ; 1055/6537 batches
[06:03:48]   +5 [partial_knowledge] ; total=5280 ; rate=582/min ; 1056/6537 batches
[06:03:48]   +5 [partial_knowledge] ; total=5285 ; rate=582/min ; 1057/6537 batches
[06:03:48]   +5 [partial_knowledge] ; total=5290 ; rate=583/min ; 1058/6537 batches
[06:03:48]   +5 [partial_knowledge] ; total=5295 ; rate=583/min ; 1059/6537 batches
[06:03:48]   +5 [partial_knowledge] ; total=5300 ; rate=584/min ; 1060/6537 batches
[06:03:48]   +5 [partial_knowledge] ; total=5305 ; rate=584/min ; 1061/6537 batches
[06:03:48]   +5 [partial_knowledge] ; total=5310 ; rate=585/min ; 1062/6537 batches
[06:03:48]   +5 [partial_knowledge] ; total=5315 ; rate=585/min ; 1063/6537 batches
[06:03:48]   +5 [partial_knowledge] ; total=5320 ; rate=586/min ; 1064/6537 batches
[06:03:48]   +5 [partial_knowledge] ; total=5325 ; rate=586/min ; 1065/6537 batches
[06:03:48]   +5 [partial_knowledge] ; total=5330 ; rate=587/min ; 1066/6537 batches
[06:03:48]   +5 [partial_knowledge] ; total=5335 ; rate=587/min ; 1067/6537 batches
[06:03:48]   +5 [partial_knowledge] ; total=5340 ; rate=588/min ; 1068/6537 batches
[06:03:48]   +5 [partial_knowledge] ; total=5345 ; rate=588/min ; 1069/6537 batches
[06:03:48]   +5 [partial_knowledge] ; total=5350 ; rate=589/min ; 1070/6537 batches
[06:03:48]   +5 [partial_knowledge] ; total=5355 ; rate=589/min ; 1071/6537 batches
[06:03:48]   +5 [partial_knowledge] ; total=5360 ; rate=590/min ; 1072/6537 batches
[06:03:48]   +5 [partial_knowledge] ; total=5365 ; rate=590/min ; 1073/6537 batches
[06:03:48]   +5 [partial_knowledge] ; total=5370 ; rate=591/min ; 1074/6537 batches
[06:03:48]   +5 [partial_knowledge] ; total=5375 ; rate=591/min ; 1075/6537 batches
[06:03:48]   +5 [partial_knowledge] ; total=5380 ; rate=592/min ; 1076/6537 batches
[06:03:48]   +5 [partial_knowledge] ; total=5385 ; rate=593/min ; 1077/6537 batches
[06:03:48]   +5 [partial_knowledge] ; total=5390 ; rate=593/min ; 1078/6537 batches
[06:03:48]   +5 [partial_knowledge] ; total=5395 ; rate=594/min ; 1079/6537 batches
[06:03:48]   +5 [partial_knowledge] ; total=5400 ; rate=594/min ; 1080/6537 batches
[06:03:49]   +5 [partial_knowledge] ; total=5405 ; rate=594/min ; 1081/6537 batches
[06:03:49]   +5 [partial_knowledge] ; total=5410 ; rate=595/min ; 1082/6537 batches
[06:03:49]   +5 [partial_knowledge] ; total=5415 ; rate=596/min ; 1083/6537 batches
[06:03:49]   +5 [partial_knowledge] ; total=5420 ; rate=596/min ; 1084/6537 batches
[06:03:49]   +5 [partial_knowledge] ; total=5425 ; rate=597/min ; 1085/6537 batches
[06:03:49]   +5 [partial_knowledge] ; total=5430 ; rate=597/min ; 1086/6537 batches
[06:03:49]   +5 [partial_knowledge] ; total=5435 ; rate=598/min ; 1087/6537 batches
[06:03:49]   +5 [partial_knowledge] ; total=5440 ; rate=598/min ; 1088/6537 batches
[06:03:49]   +5 [partial_knowledge] ; total=5445 ; rate=599/min ; 1089/6537 batches
[06:03:49]   +5 [partial_knowledge] ; total=5450 ; rate=599/min ; 1090/6537 batches
[06:03:49]   +5 [partial_knowledge] ; total=5455 ; rate=600/min ; 1091/6537 batches
[06:03:49]   +5 [partial_knowledge] ; total=5460 ; rate=600/min ; 1092/6537 batches
[06:03:49]   +5 [partial_knowledge] ; total=5465 ; rate=601/min ; 1093/6537 batches
[06:03:49]   +5 [partial_knowledge] ; total=5470 ; rate=601/min ; 1094/6537 batches
[06:03:49]   +5 [partial_knowledge] ; total=5475 ; rate=602/min ; 1095/6537 batches
[06:03:49]   +5 [partial_knowledge] ; total=5480 ; rate=602/min ; 1096/6537 batches
[06:03:49]   +5 [partial_knowledge] ; total=5485 ; rate=603/min ; 1097/6537 batches
[06:03:49]   +5 [partial_knowledge] ; total=5490 ; rate=603/min ; 1098/6537 batches
[06:03:49]   +5 [partial_knowledge] ; total=5495 ; rate=604/min ; 1099/6537 batches
[06:03:49]   +5 [partial_knowledge] ; total=5500 ; rate=604/min ; 1100/6537 batches
[06:03:49]   +5 [partial_knowledge] ; total=5505 ; rate=605/min ; 1101/6537 batches
[06:03:49]   +5 [partial_knowledge] ; total=5510 ; rate=605/min ; 1102/6537 batches
[06:03:49]   +5 [partial_knowledge] ; total=5515 ; rate=606/min ; 1103/6537 batches
[06:03:49]   +5 [partial_knowledge] ; total=5520 ; rate=606/min ; 1104/6537 batches
[06:03:49]   +5 [partial_knowledge] ; total=5525 ; rate=607/min ; 1105/6537 batches
[06:03:49]   +5 [partial_knowledge] ; total=5530 ; rate=607/min ; 1106/6537 batches
[06:03:49]   +5 [partial_knowledge] ; total=5535 ; rate=608/min ; 1107/6537 batches
[06:03:49]   +5 [partial_knowledge] ; total=5540 ; rate=608/min ; 1108/6537 batches
[06:03:50]   +5 [partial_knowledge] ; total=5545 ; rate=609/min ; 1109/6537 batches
[06:03:50]   +5 [partial_knowledge] ; total=5550 ; rate=609/min ; 1110/6537 batches
[06:03:50]   +5 [partial_knowledge] ; total=5555 ; rate=610/min ; 1111/6537 batches
[06:03:50]   +5 [partial_knowledge] ; total=5560 ; rate=610/min ; 1112/6537 batches
[06:03:50]   +5 [partial_knowledge] ; total=5565 ; rate=611/min ; 1113/6537 batches
[06:03:50]   +5 [partial_knowledge] ; total=5570 ; rate=611/min ; 1114/6537 batches
[06:03:50]   +5 [partial_knowledge] ; total=5575 ; rate=612/min ; 1115/6537 batches
[06:03:50]   +5 [partial_knowledge] ; total=5580 ; rate=612/min ; 1116/6537 batches
[06:03:50]   +5 [partial_knowledge] ; total=5585 ; rate=613/min ; 1117/6537 batches
[06:03:50]   +5 [partial_knowledge] ; total=5590 ; rate=613/min ; 1118/6537 batches
[06:03:50]   +5 [partial_knowledge] ; total=5595 ; rate=614/min ; 1119/6537 batches
[06:03:50]   +5 [partial_knowledge] ; total=5600 ; rate=614/min ; 1120/6537 batches
[06:03:50]   +5 [partial_knowledge] ; total=5605 ; rate=615/min ; 1121/6537 batches
[06:03:50]   +5 [partial_knowledge] ; total=5610 ; rate=616/min ; 1122/6537 batches
[06:03:50]   +5 [partial_knowledge] ; total=5615 ; rate=616/min ; 1123/6537 batches
[06:03:50]   +5 [partial_knowledge] ; total=5620 ; rate=617/min ; 1124/6537 batches
[06:03:50]   +5 [partial_knowledge] ; total=5625 ; rate=617/min ; 1125/6537 batches
[06:03:50]   +5 [partial_knowledge] ; total=5630 ; rate=618/min ; 1126/6537 batches
[06:03:50]   +5 [partial_knowledge] ; total=5635 ; rate=618/min ; 1127/6537 batches
[06:03:50]   +5 [partial_knowledge] ; total=5640 ; rate=619/min ; 1128/6537 batches
[06:03:50]   +5 [partial_knowledge] ; total=5645 ; rate=619/min ; 1129/6537 batches
[06:03:50]   +5 [partial_knowledge] ; total=5650 ; rate=620/min ; 1130/6537 batches
[06:03:50]   +5 [partial_knowledge] ; total=5655 ; rate=620/min ; 1131/6537 batches
[06:03:50]   +5 [partial_knowledge] ; total=5660 ; rate=621/min ; 1132/6537 batches
[06:03:50]   +5 [partial_knowledge] ; total=5665 ; rate=621/min ; 1133/6537 batches
[06:03:50]   +5 [partial_knowledge] ; total=5670 ; rate=622/min ; 1134/6537 batches
[06:03:50]   +5 [partial_knowledge] ; total=5675 ; rate=622/min ; 1135/6537 batches
[06:03:50]   +5 [partial_knowledge] ; total=5680 ; rate=623/min ; 1136/6537 batches
[06:03:50]   +5 [partial_knowledge] ; total=5685 ; rate=623/min ; 1137/6537 batches
[06:03:50]   +5 [partial_knowledge] ; total=5690 ; rate=624/min ; 1138/6537 batches
[06:03:50]   +5 [partial_knowledge] ; total=5695 ; rate=624/min ; 1139/6537 batches
[06:03:50]   +5 [partial_knowledge] ; total=5700 ; rate=625/min ; 1140/6537 batches
[06:03:51]   +5 [partial_knowledge] ; total=5705 ; rate=625/min ; 1141/6537 batches
[06:03:51]   +5 [partial_knowledge] ; total=5710 ; rate=626/min ; 1142/6537 batches
[06:03:51]   +5 [partial_knowledge] ; total=5715 ; rate=626/min ; 1143/6537 batches
[06:03:51]   +5 [partial_knowledge] ; total=5720 ; rate=627/min ; 1144/6537 batches
[06:03:51]   +5 [partial_knowledge] ; total=5725 ; rate=627/min ; 1145/6537 batches
[06:03:51]   +5 [partial_knowledge] ; total=5730 ; rate=628/min ; 1146/6537 batches
[06:03:51]   +5 [partial_knowledge] ; total=5735 ; rate=628/min ; 1147/6537 batches
[06:03:51]   +5 [partial_knowledge] ; total=5740 ; rate=629/min ; 1148/6537 batches
[06:03:51]   +5 [partial_knowledge] ; total=5745 ; rate=629/min ; 1149/6537 batches
[06:03:51]   +5 [partial_knowledge] ; total=5750 ; rate=630/min ; 1150/6537 batches
[06:03:51]   +5 [partial_knowledge] ; total=5755 ; rate=630/min ; 1151/6537 batches
[06:03:51]   +5 [partial_knowledge] ; total=5760 ; rate=631/min ; 1152/6537 batches
[06:03:51]   +5 [partial_knowledge] ; total=5765 ; rate=631/min ; 1153/6537 batches
[06:03:51]   +5 [partial_knowledge] ; total=5770 ; rate=632/min ; 1154/6537 batches
[06:03:51]   +5 [partial_knowledge] ; total=5775 ; rate=632/min ; 1155/6537 batches
[06:03:51]   +5 [partial_knowledge] ; total=5780 ; rate=633/min ; 1156/6537 batches
[06:03:51]   +5 [partial_knowledge] ; total=5785 ; rate=633/min ; 1157/6537 batches
[06:03:51]   +5 [partial_knowledge] ; total=5790 ; rate=634/min ; 1158/6537 batches
[06:03:51]   +5 [partial_knowledge] ; total=5795 ; rate=634/min ; 1159/6537 batches
[06:03:51]   +5 [partial_knowledge] ; total=5800 ; rate=635/min ; 1160/6537 batches
[06:03:51]   +5 [partial_knowledge] ; total=5805 ; rate=635/min ; 1161/6537 batches
[06:03:51]   +5 [partial_knowledge] ; total=5810 ; rate=636/min ; 1162/6537 batches
[06:03:51]   +5 [partial_knowledge] ; total=5815 ; rate=636/min ; 1163/6537 batches
[06:03:51]   +5 [partial_knowledge] ; total=5820 ; rate=637/min ; 1164/6537 batches
[06:03:51]   +5 [partial_knowledge] ; total=5825 ; rate=637/min ; 1165/6537 batches
[06:03:51]   +5 [partial_knowledge] ; total=5830 ; rate=638/min ; 1166/6537 batches
[06:03:51]   +5 [partial_knowledge] ; total=5835 ; rate=638/min ; 1167/6537 batches
[06:03:52]   +5 [partial_knowledge] ; total=5840 ; rate=639/min ; 1168/6537 batches
[06:03:52]   +5 [partial_knowledge] ; total=5845 ; rate=639/min ; 1169/6537 batches
[06:03:52]   +5 [partial_knowledge] ; total=5850 ; rate=640/min ; 1170/6537 batches
[06:03:52]   +5 [partial_knowledge] ; total=5855 ; rate=640/min ; 1171/6537 batches
[06:03:52]   +5 [partial_knowledge] ; total=5860 ; rate=641/min ; 1172/6537 batches
[06:03:52]   +5 [partial_knowledge] ; total=5865 ; rate=642/min ; 1173/6537 batches
[06:03:52]   +5 [partial_knowledge] ; total=5870 ; rate=642/min ; 1174/6537 batches
[06:03:52]   +5 [partial_knowledge] ; total=5875 ; rate=643/min ; 1175/6537 batches
[06:03:52]   +5 [partial_knowledge] ; total=5880 ; rate=643/min ; 1176/6537 batches
[06:03:52]   +5 [partial_knowledge] ; total=5885 ; rate=644/min ; 1177/6537 batches
[06:03:52]   +5 [partial_knowledge] ; total=5890 ; rate=644/min ; 1178/6537 batches
[06:03:52]   +5 [partial_knowledge] ; total=5895 ; rate=645/min ; 1179/6537 batches
[06:03:52]   +5 [partial_knowledge] ; total=5900 ; rate=645/min ; 1180/6537 batches
[06:03:52]   +5 [partial_knowledge] ; total=5905 ; rate=646/min ; 1181/6537 batches
[06:03:52]   +5 [partial_knowledge] ; total=5910 ; rate=646/min ; 1182/6537 batches
[06:03:52]   +5 [partial_knowledge] ; total=5915 ; rate=647/min ; 1183/6537 batches
[06:03:52]   +5 [partial_knowledge] ; total=5920 ; rate=647/min ; 1184/6537 batches
[06:03:52]   +5 [partial_knowledge] ; total=5925 ; rate=648/min ; 1185/6537 batches
[06:03:52]   +5 [partial_knowledge] ; total=5930 ; rate=648/min ; 1186/6537 batches
[06:03:52]   +5 [partial_knowledge] ; total=5935 ; rate=649/min ; 1187/6537 batches
[06:03:52]   +5 [partial_knowledge] ; total=5940 ; rate=649/min ; 1188/6537 batches
[06:03:52]   +5 [partial_knowledge] ; total=5945 ; rate=650/min ; 1189/6537 batches
[06:03:52]   +5 [partial_knowledge] ; total=5950 ; rate=650/min ; 1190/6537 batches
[06:03:52]   +5 [partial_knowledge] ; total=5955 ; rate=651/min ; 1191/6537 batches
[06:03:52]   +5 [partial_knowledge] ; total=5960 ; rate=651/min ; 1192/6537 batches
[06:03:52]   +5 [partial_knowledge] ; total=5965 ; rate=652/min ; 1193/6537 batches
[06:03:52]   +5 [partial_knowledge] ; total=5970 ; rate=652/min ; 1194/6537 batches
[06:03:52]   +5 [partial_knowledge] ; total=5975 ; rate=653/min ; 1195/6537 batches
[06:03:52]   +5 [partial_knowledge] ; total=5980 ; rate=653/min ; 1196/6537 batches
[06:03:52]   +5 [partial_knowledge] ; total=5985 ; rate=654/min ; 1197/6537 batches
[06:03:52]   +5 [partial_knowledge] ; total=5990 ; rate=654/min ; 1198/6537 batches
[06:03:52]   +5 [partial_knowledge] ; total=5995 ; rate=655/min ; 1199/6537 batches
[06:03:52]   +5 [partial_knowledge] ; total=6000 ; rate=655/min ; 1200/6537 batches
[06:03:52]   +5 [partial_knowledge] ; total=6005 ; rate=656/min ; 1201/6537 batches
[06:03:52]   +5 [partial_knowledge] ; total=6010 ; rate=656/min ; 1202/6537 batches
[06:03:52]   +5 [partial_knowledge] ; total=6015 ; rate=657/min ; 1203/6537 batches
[06:03:52]   +5 [partial_knowledge] ; total=6020 ; rate=657/min ; 1204/6537 batches
[06:03:52]   +5 [partial_knowledge] ; total=6025 ; rate=658/min ; 1205/6537 batches
[06:03:53]   +5 [partial_knowledge] ; total=6030 ; rate=658/min ; 1206/6537 batches
[06:03:53]   +5 [partial_knowledge] ; total=6035 ; rate=659/min ; 1207/6537 batches
[06:03:53]   +5 [partial_knowledge] ; total=6040 ; rate=660/min ; 1208/6537 batches
[06:03:53]   +5 [partial_knowledge] ; total=6045 ; rate=660/min ; 1209/6537 batches
[06:03:53]   +5 [partial_knowledge] ; total=6050 ; rate=661/min ; 1210/6537 batches
[06:03:53]   +5 [partial_knowledge] ; total=6055 ; rate=661/min ; 1211/6537 batches
[06:03:53]   +5 [partial_knowledge] ; total=6060 ; rate=662/min ; 1212/6537 batches
[06:03:53]   +5 [partial_knowledge] ; total=6065 ; rate=662/min ; 1213/6537 batches
[06:03:53]   +5 [partial_knowledge] ; total=6070 ; rate=663/min ; 1214/6537 batches
[06:03:53]   +5 [partial_knowledge] ; total=6075 ; rate=663/min ; 1215/6537 batches
[06:03:53]   +5 [partial_knowledge] ; total=6080 ; rate=664/min ; 1216/6537 batches
[06:03:53]   +5 [partial_knowledge] ; total=6085 ; rate=664/min ; 1217/6537 batches
[06:03:53]   +5 [partial_knowledge] ; total=6090 ; rate=665/min ; 1218/6537 batches
[06:03:53]   +5 [partial_knowledge] ; total=6095 ; rate=665/min ; 1219/6537 batches
[06:03:53]   +5 [partial_knowledge] ; total=6100 ; rate=666/min ; 1220/6537 batches
[06:03:53]   +5 [partial_knowledge] ; total=6105 ; rate=666/min ; 1221/6537 batches
[06:03:53]   +5 [partial_knowledge] ; total=6110 ; rate=667/min ; 1222/6537 batches
[06:03:53]   +5 [partial_knowledge] ; total=6115 ; rate=667/min ; 1223/6537 batches
[06:03:53]   +5 [partial_knowledge] ; total=6120 ; rate=668/min ; 1224/6537 batches
[06:03:53]   +5 [partial_knowledge] ; total=6125 ; rate=668/min ; 1225/6537 batches
[06:03:53]   +5 [partial_knowledge] ; total=6130 ; rate=669/min ; 1226/6537 batches
[06:03:53]   +5 [partial_knowledge] ; total=6135 ; rate=669/min ; 1227/6537 batches
[06:03:53]   +5 [partial_knowledge] ; total=6140 ; rate=670/min ; 1228/6537 batches
[06:03:53]   +5 [partial_knowledge] ; total=6145 ; rate=670/min ; 1229/6537 batches
[06:03:53]   +5 [partial_knowledge] ; total=6150 ; rate=671/min ; 1230/6537 batches
[06:03:53]   +5 [partial_knowledge] ; total=6155 ; rate=671/min ; 1231/6537 batches
[06:03:53]   +5 [partial_knowledge] ; total=6160 ; rate=672/min ; 1232/6537 batches
[06:03:53]   +5 [partial_knowledge] ; total=6165 ; rate=672/min ; 1233/6537 batches
[06:03:53]   +5 [partial_knowledge] ; total=6170 ; rate=673/min ; 1234/6537 batches
[06:03:53]   +5 [partial_knowledge] ; total=6175 ; rate=673/min ; 1235/6537 batches
[06:03:53]   +5 [partial_knowledge] ; total=6180 ; rate=674/min ; 1236/6537 batches
[06:03:53]   +5 [partial_knowledge] ; total=6185 ; rate=674/min ; 1237/6537 batches
[06:03:54]   +5 [partial_knowledge] ; total=6190 ; rate=675/min ; 1238/6537 batches
[06:03:54]   +5 [partial_knowledge] ; total=6195 ; rate=675/min ; 1239/6537 batches
[06:03:54]   +5 [partial_knowledge] ; total=6200 ; rate=676/min ; 1240/6537 batches
[06:03:54]   +5 [partial_knowledge] ; total=6205 ; rate=676/min ; 1241/6537 batches
[06:03:54]   +5 [partial_knowledge] ; total=6210 ; rate=677/min ; 1242/6537 batches
[06:03:54]   +5 [partial_knowledge] ; total=6215 ; rate=677/min ; 1243/6537 batches
[06:03:54]   +5 [partial_knowledge] ; total=6220 ; rate=678/min ; 1244/6537 batches
[06:03:54]   +5 [partial_knowledge] ; total=6225 ; rate=678/min ; 1245/6537 batches
[06:03:54]   +5 [partial_knowledge] ; total=6230 ; rate=679/min ; 1246/6537 batches
[06:03:54]   +5 [partial_knowledge] ; total=6235 ; rate=679/min ; 1247/6537 batches
[06:03:54]   +5 [partial_knowledge] ; total=6240 ; rate=680/min ; 1248/6537 batches
[06:03:54]   +5 [partial_knowledge] ; total=6245 ; rate=680/min ; 1249/6537 batches
[06:03:54]   +5 [partial_knowledge] ; total=6250 ; rate=681/min ; 1250/6537 batches
[06:03:54]   +5 [partial_knowledge] ; total=6255 ; rate=681/min ; 1251/6537 batches
[06:03:54]   +5 [partial_knowledge] ; total=6260 ; rate=682/min ; 1252/6537 batches
[06:03:54]   +5 [partial_knowledge] ; total=6265 ; rate=682/min ; 1253/6537 batches
[06:03:54]   +5 [partial_knowledge] ; total=6270 ; rate=683/min ; 1254/6537 batches
[06:03:54]   +5 [partial_knowledge] ; total=6275 ; rate=683/min ; 1255/6537 batches
[06:03:54]   +5 [partial_knowledge] ; total=6280 ; rate=684/min ; 1256/6537 batches
[06:03:54]   +5 [partial_knowledge] ; total=6285 ; rate=684/min ; 1257/6537 batches
[06:03:54]   +5 [partial_knowledge] ; total=6290 ; rate=685/min ; 1258/6537 batches
[06:03:54]   +5 [partial_knowledge] ; total=6295 ; rate=685/min ; 1259/6537 batches
[06:03:54]   +5 [partial_knowledge] ; total=6300 ; rate=686/min ; 1260/6537 batches
[06:03:54]   +5 [partial_knowledge] ; total=6305 ; rate=686/min ; 1261/6537 batches
[06:03:54]   +5 [partial_knowledge] ; total=6310 ; rate=687/min ; 1262/6537 batches
[06:03:54]   +5 [partial_knowledge] ; total=6315 ; rate=687/min ; 1263/6537 batches
[06:03:54]   +5 [partial_knowledge] ; total=6320 ; rate=688/min ; 1264/6537 batches
[06:03:54]   +5 [partial_knowledge] ; total=6325 ; rate=688/min ; 1265/6537 batches
[06:03:54]   +5 [partial_knowledge] ; total=6330 ; rate=689/min ; 1266/6537 batches
[06:03:54]   +5 [partial_knowledge] ; total=6335 ; rate=689/min ; 1267/6537 batches
[06:03:54]   +5 [partial_knowledge] ; total=6340 ; rate=690/min ; 1268/6537 batches
[06:03:55]   +5 [partial_knowledge] ; total=6345 ; rate=690/min ; 1269/6537 batches
[06:03:55]   +5 [partial_knowledge] ; total=6350 ; rate=691/min ; 1270/6537 batches
[06:03:55]   +5 [partial_knowledge] ; total=6355 ; rate=691/min ; 1271/6537 batches
[06:03:55]   +5 [partial_knowledge] ; total=6360 ; rate=692/min ; 1272/6537 batches
[06:03:55]   +5 [partial_knowledge] ; total=6365 ; rate=692/min ; 1273/6537 batches
[06:03:55]   +5 [partial_knowledge] ; total=6370 ; rate=693/min ; 1274/6537 batches
[06:03:55]   +5 [partial_knowledge] ; total=6375 ; rate=693/min ; 1275/6537 batches
[06:03:55]   +5 [partial_knowledge] ; total=6380 ; rate=694/min ; 1276/6537 batches
[06:03:55]   +5 [partial_knowledge] ; total=6385 ; rate=694/min ; 1277/6537 batches
[06:03:55]   +5 [partial_knowledge] ; total=6390 ; rate=695/min ; 1278/6537 batches
[06:03:55]   +5 [partial_knowledge] ; total=6395 ; rate=695/min ; 1279/6537 batches
[06:03:55]   +5 [partial_knowledge] ; total=6400 ; rate=696/min ; 1280/6537 batches
[06:03:55]   +5 [partial_knowledge] ; total=6405 ; rate=696/min ; 1281/6537 batches
[06:03:55]   +5 [partial_knowledge] ; total=6410 ; rate=697/min ; 1282/6537 batches
[06:03:55]   +5 [partial_knowledge] ; total=6415 ; rate=697/min ; 1283/6537 batches
[06:03:55]   +5 [partial_knowledge] ; total=6420 ; rate=698/min ; 1284/6537 batches
[06:03:55]   +5 [partial_knowledge] ; total=6425 ; rate=698/min ; 1285/6537 batches
[06:03:55]   +5 [partial_knowledge] ; total=6430 ; rate=699/min ; 1286/6537 batches
[06:03:55]   +5 [partial_knowledge] ; total=6435 ; rate=699/min ; 1287/6537 batches
[06:03:55]   +5 [partial_knowledge] ; total=6440 ; rate=700/min ; 1288/6537 batches
[06:03:55]   +5 [partial_knowledge] ; total=6445 ; rate=700/min ; 1289/6537 batches
[06:03:55]   +5 [partial_knowledge] ; total=6450 ; rate=701/min ; 1290/6537 batches
[06:03:55]   +5 [partial_knowledge] ; total=6455 ; rate=701/min ; 1291/6537 batches
[06:03:55]   +5 [partial_knowledge] ; total=6460 ; rate=702/min ; 1292/6537 batches
[06:03:55]   +5 [partial_knowledge] ; total=6465 ; rate=702/min ; 1293/6537 batches
[06:03:55]   +5 [partial_knowledge] ; total=6470 ; rate=703/min ; 1294/6537 batches
[06:03:55]   +5 [partial_knowledge] ; total=6475 ; rate=703/min ; 1295/6537 batches
[06:03:55]   +5 [partial_knowledge] ; total=6480 ; rate=704/min ; 1296/6537 batches
[06:03:55]   +5 [partial_knowledge] ; total=6485 ; rate=704/min ; 1297/6537 batches
[06:03:56]   +5 [partial_knowledge] ; total=6490 ; rate=705/min ; 1298/6537 batches
[06:03:56]   +5 [partial_knowledge] ; total=6495 ; rate=705/min ; 1299/6537 batches
[06:03:56]   +5 [partial_knowledge] ; total=6500 ; rate=706/min ; 1300/6537 batches
[06:03:56]   +5 [partial_knowledge] ; total=6505 ; rate=706/min ; 1301/6537 batches
[06:03:56]   +5 [partial_knowledge] ; total=6510 ; rate=707/min ; 1302/6537 batches
[06:03:56]   +5 [partial_knowledge] ; total=6515 ; rate=707/min ; 1303/6537 batches
[06:03:56]   +5 [partial_knowledge] ; total=6520 ; rate=708/min ; 1304/6537 batches
[06:03:56]   +5 [partial_knowledge] ; total=6525 ; rate=708/min ; 1305/6537 batches
[06:03:56]   +5 [partial_knowledge] ; total=6530 ; rate=709/min ; 1306/6537 batches
[06:03:56]   +5 [partial_knowledge] ; total=6535 ; rate=709/min ; 1307/6537 batches
[06:03:56]   +5 [partial_knowledge] ; total=6540 ; rate=710/min ; 1308/6537 batches
[06:03:56]   +5 [partial_knowledge] ; total=6545 ; rate=710/min ; 1309/6537 batches
[06:03:56]   +5 [partial_knowledge] ; total=6550 ; rate=711/min ; 1310/6537 batches
[06:03:56]   +5 [partial_knowledge] ; total=6555 ; rate=711/min ; 1311/6537 batches
[06:03:56]   +5 [partial_knowledge] ; total=6560 ; rate=712/min ; 1312/6537 batches
[06:03:56]   +5 [partial_knowledge] ; total=6565 ; rate=712/min ; 1313/6537 batches
[06:03:56]   +5 [partial_knowledge] ; total=6570 ; rate=713/min ; 1314/6537 batches
[06:03:56]   +5 [partial_knowledge] ; total=6575 ; rate=713/min ; 1315/6537 batches
[06:03:56]   +5 [partial_knowledge] ; total=6580 ; rate=714/min ; 1316/6537 batches
[06:03:56]   +5 [partial_knowledge] ; total=6585 ; rate=714/min ; 1317/6537 batches
[06:03:56]   +5 [partial_knowledge] ; total=6590 ; rate=715/min ; 1318/6537 batches
[06:03:56]   +5 [partial_knowledge] ; total=6595 ; rate=715/min ; 1319/6537 batches
[06:03:56]   +5 [partial_knowledge] ; total=6600 ; rate=716/min ; 1320/6537 batches
[06:03:56]   +5 [partial_knowledge] ; total=6605 ; rate=716/min ; 1321/6537 batches
[06:03:56]   +5 [partial_knowledge] ; total=6610 ; rate=717/min ; 1322/6537 batches
[06:03:56]   +5 [partial_knowledge] ; total=6615 ; rate=717/min ; 1323/6537 batches
[06:03:56]   +5 [partial_knowledge] ; total=6620 ; rate=718/min ; 1324/6537 batches
[06:03:56]   +5 [partial_knowledge] ; total=6625 ; rate=718/min ; 1325/6537 batches
[06:03:56]   +5 [partial_knowledge] ; total=6630 ; rate=719/min ; 1326/6537 batches
[06:03:56]   +5 [partial_knowledge] ; total=6635 ; rate=719/min ; 1327/6537 batches
[06:03:56]   +5 [partial_knowledge] ; total=6640 ; rate=720/min ; 1328/6537 batches
[06:03:57]   +5 [partial_knowledge] ; total=6645 ; rate=720/min ; 1329/6537 batches
[06:03:57]   +5 [partial_knowledge] ; total=6650 ; rate=721/min ; 1330/6537 batches
[06:03:57]   +5 [partial_knowledge] ; total=6655 ; rate=721/min ; 1331/6537 batches
[06:03:57]   +5 [partial_knowledge] ; total=6660 ; rate=722/min ; 1332/6537 batches
[06:03:57]   +5 [partial_knowledge] ; total=6665 ; rate=722/min ; 1333/6537 batches
[06:03:57]   +5 [partial_knowledge] ; total=6670 ; rate=723/min ; 1334/6537 batches
[06:03:57]   +5 [partial_knowledge] ; total=6675 ; rate=723/min ; 1335/6537 batches
[06:03:57]   +5 [partial_knowledge] ; total=6680 ; rate=724/min ; 1336/6537 batches
[06:03:57]   +5 [partial_knowledge] ; total=6685 ; rate=724/min ; 1337/6537 batches
[06:03:57]   +5 [partial_knowledge] ; total=6690 ; rate=725/min ; 1338/6537 batches
[06:03:57]   +5 [partial_knowledge] ; total=6695 ; rate=725/min ; 1339/6537 batches
[06:03:57]   +5 [partial_knowledge] ; total=6700 ; rate=726/min ; 1340/6537 batches
[06:03:57]   +5 [partial_knowledge] ; total=6705 ; rate=726/min ; 1341/6537 batches
[06:03:57]   +5 [partial_knowledge] ; total=6710 ; rate=727/min ; 1342/6537 batches
[06:03:57]   +5 [partial_knowledge] ; total=6715 ; rate=727/min ; 1343/6537 batches
[06:03:57]   +5 [partial_knowledge] ; total=6720 ; rate=728/min ; 1344/6537 batches
[06:03:57]   +5 [partial_knowledge] ; total=6725 ; rate=728/min ; 1345/6537 batches
[06:03:57]   +5 [partial_knowledge] ; total=6730 ; rate=729/min ; 1346/6537 batches
[06:03:57]   +5 [partial_knowledge] ; total=6735 ; rate=729/min ; 1347/6537 batches
[06:03:57]   +5 [partial_knowledge] ; total=6740 ; rate=730/min ; 1348/6537 batches
[06:03:57]   +5 [partial_knowledge] ; total=6745 ; rate=730/min ; 1349/6537 batches
[06:03:57]   +5 [partial_knowledge] ; total=6750 ; rate=731/min ; 1350/6537 batches
[06:03:57]   +5 [partial_knowledge] ; total=6755 ; rate=731/min ; 1351/6537 batches
[06:03:57]   +5 [partial_knowledge] ; total=6760 ; rate=732/min ; 1352/6537 batches
[06:03:57]   +5 [partial_knowledge] ; total=6765 ; rate=732/min ; 1353/6537 batches
[06:03:57]   +5 [partial_knowledge] ; total=6770 ; rate=733/min ; 1354/6537 batches
[06:03:57]   +5 [partial_knowledge] ; total=6775 ; rate=733/min ; 1355/6537 batches
[06:03:58]   +5 [partial_knowledge] ; total=6780 ; rate=734/min ; 1356/6537 batches
[06:03:58]   +5 [partial_knowledge] ; total=6785 ; rate=734/min ; 1357/6537 batches
[06:03:58]   +5 [partial_knowledge] ; total=6790 ; rate=735/min ; 1358/6537 batches
[06:03:58]   +5 [partial_knowledge] ; total=6795 ; rate=735/min ; 1359/6537 batches
[06:03:58]   +5 [partial_knowledge] ; total=6800 ; rate=736/min ; 1360/6537 batches
[06:03:58]   +5 [partial_knowledge] ; total=6805 ; rate=736/min ; 1361/6537 batches
[06:03:58]   +5 [partial_knowledge] ; total=6810 ; rate=737/min ; 1362/6537 batches
[06:03:58]   +5 [partial_knowledge] ; total=6815 ; rate=737/min ; 1363/6537 batches
[06:03:58]   +5 [partial_knowledge] ; total=6820 ; rate=738/min ; 1364/6537 batches
[06:03:58]   +5 [partial_knowledge] ; total=6825 ; rate=738/min ; 1365/6537 batches
[06:03:58]   +5 [partial_knowledge] ; total=6830 ; rate=739/min ; 1366/6537 batches
[06:03:58]   +5 [partial_knowledge] ; total=6835 ; rate=739/min ; 1367/6537 batches
[06:03:58]   +5 [partial_knowledge] ; total=6840 ; rate=740/min ; 1368/6537 batches
[06:03:58]   +5 [partial_knowledge] ; total=6845 ; rate=740/min ; 1369/6537 batches
[06:03:58]   +5 [partial_knowledge] ; total=6850 ; rate=741/min ; 1370/6537 batches
[06:03:58]   +5 [partial_knowledge] ; total=6855 ; rate=741/min ; 1371/6537 batches
[06:03:58]   +5 [partial_knowledge] ; total=6860 ; rate=742/min ; 1372/6537 batches
[06:03:58]   +5 [partial_knowledge] ; total=6865 ; rate=742/min ; 1373/6537 batches
[06:03:58]   +5 [partial_knowledge] ; total=6870 ; rate=742/min ; 1374/6537 batches
[06:03:58]   +5 [partial_knowledge] ; total=6875 ; rate=743/min ; 1375/6537 batches
[06:03:58]   +5 [partial_knowledge] ; total=6880 ; rate=744/min ; 1376/6537 batches
[06:03:58]   +5 [partial_knowledge] ; total=6885 ; rate=744/min ; 1377/6537 batches
[06:03:58]   +5 [partial_knowledge] ; total=6890 ; rate=744/min ; 1378/6537 batches
[06:03:58]   +5 [partial_knowledge] ; total=6895 ; rate=745/min ; 1379/6537 batches
[06:03:58]   +5 [partial_knowledge] ; total=6900 ; rate=746/min ; 1380/6537 batches
[06:03:58]   +5 [partial_knowledge] ; total=6905 ; rate=746/min ; 1381/6537 batches
[06:03:58]   +5 [partial_knowledge] ; total=6910 ; rate=746/min ; 1382/6537 batches
[06:03:59]   +5 [partial_knowledge] ; total=6915 ; rate=747/min ; 1383/6537 batches
[06:03:59]   +5 [partial_knowledge] ; total=6920 ; rate=748/min ; 1384/6537 batches
[06:03:59]   +5 [partial_knowledge] ; total=6925 ; rate=748/min ; 1385/6537 batches
[06:03:59]   +5 [partial_knowledge] ; total=6930 ; rate=749/min ; 1386/6537 batches
[06:03:59]   +5 [partial_knowledge] ; total=6935 ; rate=749/min ; 1387/6537 batches
[06:03:59]   +5 [partial_knowledge] ; total=6940 ; rate=749/min ; 1388/6537 batches
[06:03:59]   +5 [partial_knowledge] ; total=6945 ; rate=750/min ; 1389/6537 batches
[06:03:59]   +5 [partial_knowledge] ; total=6950 ; rate=751/min ; 1390/6537 batches
[06:03:59]   +5 [partial_knowledge] ; total=6955 ; rate=751/min ; 1391/6537 batches
[06:03:59]   +5 [partial_knowledge] ; total=6960 ; rate=751/min ; 1392/6537 batches
[06:03:59]   +5 [partial_knowledge] ; total=6965 ; rate=752/min ; 1393/6537 batches
[06:03:59]   +5 [partial_knowledge] ; total=6970 ; rate=752/min ; 1394/6537 batches
[06:03:59]   +5 [partial_knowledge] ; total=6975 ; rate=753/min ; 1395/6537 batches
[06:03:59]   +5 [partial_knowledge] ; total=6980 ; rate=753/min ; 1396/6537 batches
[06:03:59]   +5 [partial_knowledge] ; total=6985 ; rate=754/min ; 1397/6537 batches
[06:03:59]   +5 [partial_knowledge] ; total=6990 ; rate=754/min ; 1398/6537 batches
[06:03:59]   +5 [partial_knowledge] ; total=6995 ; rate=755/min ; 1399/6537 batches
[06:03:59]   +5 [partial_knowledge] ; total=7000 ; rate=755/min ; 1400/6537 batches
[06:03:59]   +5 [partial_knowledge] ; total=7005 ; rate=756/min ; 1401/6537 batches
[06:03:59]   +5 [partial_knowledge] ; total=7010 ; rate=756/min ; 1402/6537 batches
[06:03:59]   +5 [partial_knowledge] ; total=7015 ; rate=757/min ; 1403/6537 batches
[06:03:59]   +5 [partial_knowledge] ; total=7020 ; rate=757/min ; 1404/6537 batches
[06:03:59]   +5 [partial_knowledge] ; total=7025 ; rate=758/min ; 1405/6537 batches
[06:03:59]   +5 [partial_knowledge] ; total=7030 ; rate=758/min ; 1406/6537 batches
[06:03:59]   +5 [partial_knowledge] ; total=7035 ; rate=759/min ; 1407/6537 batches
[06:03:59]   +5 [partial_knowledge] ; total=7040 ; rate=759/min ; 1408/6537 batches
[06:03:59]   +5 [partial_knowledge] ; total=7045 ; rate=760/min ; 1409/6537 batches
[06:03:59]   +5 [partial_knowledge] ; total=7050 ; rate=760/min ; 1410/6537 batches
[06:03:59]   +5 [partial_knowledge] ; total=7055 ; rate=761/min ; 1411/6537 batches
[06:03:59]   +5 [partial_knowledge] ; total=7060 ; rate=761/min ; 1412/6537 batches
[06:03:59]   +5 [partial_knowledge] ; total=7065 ; rate=762/min ; 1413/6537 batches
[06:03:59]   +5 [partial_knowledge] ; total=7070 ; rate=762/min ; 1414/6537 batches
[06:03:59]   +5 [partial_knowledge] ; total=7075 ; rate=763/min ; 1415/6537 batches
[06:03:59]   +5 [partial_knowledge] ; total=7080 ; rate=763/min ; 1416/6537 batches
[06:04:00]   +5 [partial_knowledge] ; total=7085 ; rate=764/min ; 1417/6537 batches
[06:04:00]   +5 [partial_knowledge] ; total=7090 ; rate=764/min ; 1418/6537 batches
[06:04:00]   +5 [partial_knowledge] ; total=7095 ; rate=765/min ; 1419/6537 batches
[06:04:00]   +5 [partial_knowledge] ; total=7100 ; rate=765/min ; 1420/6537 batches
[06:04:00]   +5 [partial_knowledge] ; total=7105 ; rate=766/min ; 1421/6537 batches
[06:04:00]   +5 [partial_knowledge] ; total=7110 ; rate=766/min ; 1422/6537 batches
[06:04:00]   +5 [partial_knowledge] ; total=7115 ; rate=766/min ; 1423/6537 batches
[06:04:00]   +5 [partial_knowledge] ; total=7120 ; rate=767/min ; 1424/6537 batches
[06:04:00]   +5 [partial_knowledge] ; total=7125 ; rate=768/min ; 1425/6537 batches
[06:04:00]   +5 [partial_knowledge] ; total=7130 ; rate=768/min ; 1426/6537 batches
[06:04:00]   +5 [partial_knowledge] ; total=7135 ; rate=768/min ; 1427/6537 batches
[06:04:00]   +5 [partial_knowledge] ; total=7140 ; rate=769/min ; 1428/6537 batches
[06:04:00]   +5 [partial_knowledge] ; total=7145 ; rate=769/min ; 1429/6537 batches
[06:04:00]   +5 [partial_knowledge] ; total=7150 ; rate=770/min ; 1430/6537 batches
[06:04:00]   +5 [partial_knowledge] ; total=7155 ; rate=770/min ; 1431/6537 batches
[06:04:00]   +5 [partial_knowledge] ; total=7160 ; rate=771/min ; 1432/6537 batches
[06:04:01]   +5 [partial_knowledge] ; total=7165 ; rate=771/min ; 1433/6537 batches
[06:04:01]   +5 [partial_knowledge] ; total=7170 ; rate=771/min ; 1434/6537 batches
[06:04:01]   +5 [partial_knowledge] ; total=7175 ; rate=772/min ; 1435/6537 batches
[06:04:01]   +5 [partial_knowledge] ; total=7180 ; rate=772/min ; 1436/6537 batches
[06:04:01]   +5 [partial_knowledge] ; total=7185 ; rate=773/min ; 1437/6537 batches
[06:04:01]   +5 [partial_knowledge] ; total=7190 ; rate=773/min ; 1438/6537 batches
[06:04:01]   +5 [partial_knowledge] ; total=7195 ; rate=774/min ; 1439/6537 batches
[06:04:01]   +5 [partial_knowledge] ; total=7200 ; rate=774/min ; 1440/6537 batches
[06:04:01]   +5 [partial_knowledge] ; total=7205 ; rate=775/min ; 1441/6537 batches
[06:04:01]   +5 [partial_knowledge] ; total=7210 ; rate=775/min ; 1442/6537 batches
[06:04:01]   +5 [partial_knowledge] ; total=7215 ; rate=776/min ; 1443/6537 batches
[06:04:01]   +5 [partial_knowledge] ; total=7220 ; rate=776/min ; 1444/6537 batches
[06:04:01]   +5 [partial_knowledge] ; total=7225 ; rate=777/min ; 1445/6537 batches
[06:04:01]   +5 [partial_knowledge] ; total=7230 ; rate=777/min ; 1446/6537 batches
[06:04:01]   +5 [partial_knowledge] ; total=7235 ; rate=777/min ; 1447/6537 batches
[06:04:01]   +5 [partial_knowledge] ; total=7240 ; rate=778/min ; 1448/6537 batches
[06:04:01]   +5 [partial_knowledge] ; total=7245 ; rate=779/min ; 1449/6537 batches
[06:04:02]   +5 [partial_knowledge] ; total=7250 ; rate=779/min ; 1450/6537 batches
[06:04:02]   +5 [partial_knowledge] ; total=7255 ; rate=779/min ; 1451/6537 batches
[06:04:02]   +5 [partial_knowledge] ; total=7260 ; rate=780/min ; 1452/6537 batches
[06:04:02]   +5 [partial_knowledge] ; total=7265 ; rate=780/min ; 1453/6537 batches
[06:04:02]   +5 [partial_knowledge] ; total=7270 ; rate=781/min ; 1454/6537 batches
[06:04:02]   +5 [partial_knowledge] ; total=7275 ; rate=781/min ; 1455/6537 batches
[06:04:02]   +5 [partial_knowledge] ; total=7280 ; rate=782/min ; 1456/6537 batches
[06:04:02]   +5 [partial_knowledge] ; total=7285 ; rate=782/min ; 1457/6537 batches
[06:04:02]   +5 [partial_knowledge] ; total=7290 ; rate=783/min ; 1458/6537 batches
[06:04:02]   +5 [partial_knowledge] ; total=7295 ; rate=783/min ; 1459/6537 batches
[06:04:02]   +5 [partial_knowledge] ; total=7300 ; rate=784/min ; 1460/6537 batches
[06:04:02]   +5 [partial_knowledge] ; total=7305 ; rate=784/min ; 1461/6537 batches
[06:04:02]   +5 [partial_knowledge] ; total=7310 ; rate=784/min ; 1462/6537 batches
[06:04:02]   +5 [partial_knowledge] ; total=7315 ; rate=785/min ; 1463/6537 batches
[06:04:02]   +5 [partial_knowledge] ; total=7320 ; rate=786/min ; 1464/6537 batches
[06:04:02]   +5 [partial_knowledge] ; total=7325 ; rate=786/min ; 1465/6537 batches
[06:04:02]   +5 [partial_knowledge] ; total=7330 ; rate=786/min ; 1466/6537 batches
[06:04:02]   +5 [partial_knowledge] ; total=7335 ; rate=787/min ; 1467/6537 batches
[06:04:02]   +5 [partial_knowledge] ; total=7340 ; rate=787/min ; 1468/6537 batches
[06:04:02]   +5 [partial_knowledge] ; total=7345 ; rate=788/min ; 1469/6537 batches
[06:04:02]   +5 [partial_knowledge] ; total=7350 ; rate=788/min ; 1470/6537 batches
[06:04:03]   +5 [partial_knowledge] ; total=7355 ; rate=789/min ; 1471/6537 batches
[06:04:03]   +5 [partial_knowledge] ; total=7360 ; rate=789/min ; 1472/6537 batches
[06:04:03]   +5 [partial_knowledge] ; total=7365 ; rate=790/min ; 1473/6537 batches
[06:04:03]   +5 [partial_knowledge] ; total=7370 ; rate=790/min ; 1474/6537 batches
[06:04:03]   +5 [partial_knowledge] ; total=7375 ; rate=791/min ; 1475/6537 batches
[06:04:03]   +5 [partial_knowledge] ; total=7380 ; rate=791/min ; 1476/6537 batches
[06:04:03]   +5 [partial_knowledge] ; total=7385 ; rate=792/min ; 1477/6537 batches
[06:04:03]   +5 [partial_knowledge] ; total=7390 ; rate=792/min ; 1478/6537 batches
[06:04:03]   +5 [partial_knowledge] ; total=7395 ; rate=793/min ; 1479/6537 batches
[06:04:03]   +5 [partial_knowledge] ; total=7400 ; rate=793/min ; 1480/6537 batches
[06:04:03]   +5 [partial_knowledge] ; total=7405 ; rate=793/min ; 1481/6537 batches
[06:04:03]   +5 [partial_knowledge] ; total=7410 ; rate=794/min ; 1482/6537 batches
[06:04:03]   +5 [partial_knowledge] ; total=7415 ; rate=795/min ; 1483/6537 batches
[06:04:03]   +5 [partial_knowledge] ; total=7420 ; rate=795/min ; 1484/6537 batches
[06:04:03]   +5 [partial_knowledge] ; total=7425 ; rate=795/min ; 1485/6537 batches
[06:04:03]   +5 [partial_knowledge] ; total=7430 ; rate=796/min ; 1486/6537 batches
[06:04:03]   +5 [partial_knowledge] ; total=7435 ; rate=796/min ; 1487/6537 batches
[06:04:03]   +5 [partial_knowledge] ; total=7440 ; rate=797/min ; 1488/6537 batches
[06:04:03]   +5 [partial_knowledge] ; total=7445 ; rate=797/min ; 1489/6537 batches
[06:04:03]   +5 [partial_knowledge] ; total=7450 ; rate=798/min ; 1490/6537 batches
[06:04:03]   +5 [partial_knowledge] ; total=7455 ; rate=798/min ; 1491/6537 batches
[06:04:03]   +5 [partial_knowledge] ; total=7460 ; rate=799/min ; 1492/6537 batches
[06:04:04]   +5 [partial_knowledge] ; total=7465 ; rate=799/min ; 1493/6537 batches
[06:04:04]   +5 [partial_knowledge] ; total=7470 ; rate=800/min ; 1494/6537 batches
[06:04:04]   +5 [partial_knowledge] ; total=7475 ; rate=800/min ; 1495/6537 batches
[06:04:04]   +5 [partial_knowledge] ; total=7480 ; rate=801/min ; 1496/6537 batches
[06:04:04]   +5 [partial_knowledge] ; total=7485 ; rate=801/min ; 1497/6537 batches
[06:04:04]   +5 [partial_knowledge] ; total=7490 ; rate=802/min ; 1498/6537 batches
[06:04:04]   +5 [partial_knowledge] ; total=7495 ; rate=802/min ; 1499/6537 batches
[06:04:04]   +5 [partial_knowledge] ; total=7500 ; rate=803/min ; 1500/6537 batches
[06:04:04]   +5 [partial_knowledge] ; total=7505 ; rate=803/min ; 1501/6537 batches
[06:04:04]   +5 [partial_knowledge] ; total=7510 ; rate=803/min ; 1502/6537 batches
[06:04:04]   +5 [partial_knowledge] ; total=7515 ; rate=804/min ; 1503/6537 batches
[06:04:04]   +5 [partial_knowledge] ; total=7520 ; rate=805/min ; 1504/6537 batches
[06:04:04]   +5 [partial_knowledge] ; total=7525 ; rate=805/min ; 1505/6537 batches
[06:04:04]   +5 [partial_knowledge] ; total=7530 ; rate=805/min ; 1506/6537 batches
[06:04:04]   +5 [partial_knowledge] ; total=7535 ; rate=806/min ; 1507/6537 batches
[06:04:04]   +5 [partial_knowledge] ; total=7540 ; rate=806/min ; 1508/6537 batches
[06:04:04]   +5 [partial_knowledge] ; total=7545 ; rate=807/min ; 1509/6537 batches
[06:04:04]   +5 [partial_knowledge] ; total=7550 ; rate=807/min ; 1510/6537 batches
[06:04:04]   +5 [partial_knowledge] ; total=7555 ; rate=808/min ; 1511/6537 batches
[06:04:04]   +5 [partial_knowledge] ; total=7560 ; rate=808/min ; 1512/6537 batches
[06:04:04]   +5 [partial_knowledge] ; total=7565 ; rate=809/min ; 1513/6537 batches
[06:04:04]   +5 [partial_knowledge] ; total=7570 ; rate=809/min ; 1514/6537 batches
[06:04:04]   +5 [partial_knowledge] ; total=7575 ; rate=810/min ; 1515/6537 batches
[06:04:04]   +5 [partial_knowledge] ; total=7580 ; rate=810/min ; 1516/6537 batches
[06:04:05]   +5 [partial_knowledge] ; total=7585 ; rate=811/min ; 1517/6537 batches
[06:04:05]   +5 [partial_knowledge] ; total=7590 ; rate=811/min ; 1518/6537 batches
[06:04:05]   +5 [partial_knowledge] ; total=7595 ; rate=812/min ; 1519/6537 batches
[06:04:05]   +5 [partial_knowledge] ; total=7600 ; rate=812/min ; 1520/6537 batches
[06:04:05]   +5 [partial_knowledge] ; total=7605 ; rate=812/min ; 1521/6537 batches
[06:04:05]   +5 [partial_knowledge] ; total=7610 ; rate=813/min ; 1522/6537 batches
[06:04:05]   +5 [partial_knowledge] ; total=7615 ; rate=813/min ; 1523/6537 batches
[06:04:05]   +5 [partial_knowledge] ; total=7620 ; rate=814/min ; 1524/6537 batches
[06:04:05]   +5 [partial_knowledge] ; total=7625 ; rate=814/min ; 1525/6537 batches
[06:04:05]   +5 [partial_knowledge] ; total=7630 ; rate=815/min ; 1526/6537 batches
[06:04:05]   +5 [partial_knowledge] ; total=7635 ; rate=815/min ; 1527/6537 batches
[06:04:05]   +5 [partial_knowledge] ; total=7640 ; rate=816/min ; 1528/6537 batches
[06:04:05]   +5 [partial_knowledge] ; total=7645 ; rate=816/min ; 1529/6537 batches
[06:04:05]   +5 [partial_knowledge] ; total=7650 ; rate=817/min ; 1530/6537 batches
[06:04:05]   +5 [partial_knowledge] ; total=7655 ; rate=817/min ; 1531/6537 batches
[06:04:05]   +5 [partial_knowledge] ; total=7660 ; rate=818/min ; 1532/6537 batches
[06:04:05]   +5 [partial_knowledge] ; total=7665 ; rate=818/min ; 1533/6537 batches
[06:04:05]   +5 [partial_knowledge] ; total=7670 ; rate=819/min ; 1534/6537 batches
[06:04:05]   +5 [partial_knowledge] ; total=7675 ; rate=819/min ; 1535/6537 batches
[06:04:05]   +5 [partial_knowledge] ; total=7680 ; rate=820/min ; 1536/6537 batches
[06:04:05]   +5 [partial_knowledge] ; total=7685 ; rate=820/min ; 1537/6537 batches
[06:04:05]   +5 [partial_knowledge] ; total=7690 ; rate=820/min ; 1538/6537 batches
[06:04:05]   +5 [partial_knowledge] ; total=7695 ; rate=821/min ; 1539/6537 batches
[06:04:05]   +5 [partial_knowledge] ; total=7700 ; rate=821/min ; 1540/6537 batches
[06:04:06]   +5 [partial_knowledge] ; total=7705 ; rate=822/min ; 1541/6537 batches
[06:04:06]   +5 [partial_knowledge] ; total=7710 ; rate=822/min ; 1542/6537 batches
[06:04:06]   +5 [partial_knowledge] ; total=7715 ; rate=823/min ; 1543/6537 batches
[06:04:06]   +5 [partial_knowledge] ; total=7720 ; rate=823/min ; 1544/6537 batches
[06:04:06]   +5 [partial_knowledge] ; total=7725 ; rate=824/min ; 1545/6537 batches
[06:04:06]   +5 [partial_knowledge] ; total=7730 ; rate=824/min ; 1546/6537 batches
[06:04:06]   +5 [partial_knowledge] ; total=7735 ; rate=824/min ; 1547/6537 batches
[06:04:06]   +5 [partial_knowledge] ; total=7740 ; rate=825/min ; 1548/6537 batches
[06:04:06]   +5 [partial_knowledge] ; total=7745 ; rate=825/min ; 1549/6537 batches
[06:04:06]   +5 [partial_knowledge] ; total=7750 ; rate=826/min ; 1550/6537 batches
[06:04:06]   +5 [partial_knowledge] ; total=7755 ; rate=826/min ; 1551/6537 batches
[06:04:06]   +5 [partial_knowledge] ; total=7760 ; rate=827/min ; 1552/6537 batches
[06:04:06]   +5 [partial_knowledge] ; total=7765 ; rate=827/min ; 1553/6537 batches
[06:04:06]   +5 [partial_knowledge] ; total=7770 ; rate=828/min ; 1554/6537 batches
[06:04:06]   +5 [partial_knowledge] ; total=7775 ; rate=828/min ; 1555/6537 batches
[06:04:06]   +5 [partial_knowledge] ; total=7780 ; rate=829/min ; 1556/6537 batches
[06:04:06]   +5 [partial_knowledge] ; total=7785 ; rate=829/min ; 1557/6537 batches
[06:04:06]   +5 [partial_knowledge] ; total=7790 ; rate=830/min ; 1558/6537 batches
[06:04:06]   +5 [partial_knowledge] ; total=7795 ; rate=830/min ; 1559/6537 batches
[06:04:06]   +5 [partial_knowledge] ; total=7800 ; rate=831/min ; 1560/6537 batches
[06:04:07]   +5 [partial_knowledge] ; total=7805 ; rate=831/min ; 1561/6537 batches
[06:04:07]   +5 [partial_knowledge] ; total=7810 ; rate=832/min ; 1562/6537 batches
[06:04:07]   +5 [partial_knowledge] ; total=7815 ; rate=832/min ; 1563/6537 batches
[06:04:07]   +5 [partial_knowledge] ; total=7820 ; rate=833/min ; 1564/6537 batches
[06:04:07]   +5 [partial_knowledge] ; total=7825 ; rate=833/min ; 1565/6537 batches
[06:04:07]   +5 [partial_knowledge] ; total=7830 ; rate=833/min ; 1566/6537 batches
[06:04:07]   +5 [partial_knowledge] ; total=7835 ; rate=834/min ; 1567/6537 batches
[06:04:07]   +5 [partial_knowledge] ; total=7840 ; rate=834/min ; 1568/6537 batches
[06:04:07]   +5 [partial_knowledge] ; total=7845 ; rate=835/min ; 1569/6537 batches
[06:04:07]   +5 [partial_knowledge] ; total=7850 ; rate=835/min ; 1570/6537 batches
[06:04:07]   +5 [partial_knowledge] ; total=7855 ; rate=836/min ; 1571/6537 batches
[06:04:07]   +5 [partial_knowledge] ; total=7860 ; rate=836/min ; 1572/6537 batches
[06:04:07]   +5 [partial_knowledge] ; total=7865 ; rate=837/min ; 1573/6537 batches
[06:04:07]   +5 [partial_knowledge] ; total=7870 ; rate=837/min ; 1574/6537 batches
[06:04:07]   +5 [partial_knowledge] ; total=7875 ; rate=837/min ; 1575/6537 batches
[06:04:07]   +5 [partial_knowledge] ; total=7880 ; rate=838/min ; 1576/6537 batches
[06:04:07]   +5 [partial_knowledge] ; total=7885 ; rate=838/min ; 1577/6537 batches
[06:04:08]   +5 [partial_knowledge] ; total=7890 ; rate=839/min ; 1578/6537 batches
[06:04:08]   +5 [partial_knowledge] ; total=7895 ; rate=839/min ; 1579/6537 batches
[06:04:08]   +5 [partial_knowledge] ; total=7900 ; rate=840/min ; 1580/6537 batches
[06:04:08]   +5 [partial_knowledge] ; total=7905 ; rate=840/min ; 1581/6537 batches
[06:04:08]   +5 [partial_knowledge] ; total=7910 ; rate=841/min ; 1582/6537 batches
[06:04:08]   +5 [partial_knowledge] ; total=7915 ; rate=841/min ; 1583/6537 batches
[06:04:08]   +5 [partial_knowledge] ; total=7920 ; rate=842/min ; 1584/6537 batches
[06:04:08]   +5 [partial_knowledge] ; total=7925 ; rate=842/min ; 1585/6537 batches
[06:04:08]   +5 [partial_knowledge] ; total=7930 ; rate=842/min ; 1586/6537 batches
[06:04:08]   +5 [partial_knowledge] ; total=7935 ; rate=843/min ; 1587/6537 batches
[06:04:08]   +5 [partial_knowledge] ; total=7940 ; rate=843/min ; 1588/6537 batches
[06:04:08]   +5 [partial_knowledge] ; total=7945 ; rate=844/min ; 1589/6537 batches
[06:04:08]   +5 [partial_knowledge] ; total=7950 ; rate=844/min ; 1590/6537 batches
[06:04:08]   +5 [partial_knowledge] ; total=7955 ; rate=845/min ; 1591/6537 batches
[06:04:46]   +2 [partial_knowledge] ; total=7957 ; rate=791/min ; 1592/6537 batches
[06:04:53]   +5 [matter_file_grounded] ; total=7962 ; rate=783/min ; 1593/6537 batches
[06:04:55]   +5 [matter_file_grounded] ; total=7967 ; rate=781/min ; 1594/6537 batches
[06:05:00]   +5 [matter_file_grounded] ; total=7972 ; rate=775/min ; 1595/6537 batches
[06:05:32]   +5 [matter_file_grounded] ; total=7977 ; rate=737/min ; 1596/6537 batches
[06:05:47]   +5 [matter_file_grounded] ; total=7982 ; rate=722/min ; 1597/6537 batches
[06:05:47]   +5 [matter_file_grounded] ; total=7987 ; rate=722/min ; 1598/6537 batches
[06:05:48]   +5 [matter_file_grounded] ; total=7992 ; rate=721/min ; 1599/6537 batches
[06:06:26]   +5 [matter_file_grounded] ; total=7997 ; rate=683/min ; 1600/6537 batches
[06:06:35]   +5 [matter_file_grounded] ; total=8002 ; rate=674/min ; 1601/6537 batches
[06:06:39]   +5 [matter_file_grounded] ; total=8007 ; rate=671/min ; 1602/6537 batches
[06:06:39]   +5 [matter_file_grounded] ; total=8012 ; rate=671/min ; 1603/6537 batches
[06:06:39]   +5 [matter_file_grounded] ; total=8017 ; rate=672/min ; 1604/6537 batches
[06:06:39]   +5 [matter_file_grounded] ; total=8022 ; rate=672/min ; 1605/6537 batches
[06:06:40]   +5 [matter_file_grounded] ; total=8027 ; rate=672/min ; 1606/6537 batches
[06:06:40]   +5 [matter_file_grounded] ; total=8032 ; rate=672/min ; 1607/6537 batches
[06:06:40]   +5 [matter_file_grounded] ; total=8037 ; rate=673/min ; 1608/6537 batches
[06:06:40]   +5 [matter_file_grounded] ; total=8042 ; rate=673/min ; 1609/6537 batches
[06:06:40]   +5 [matter_file_grounded] ; total=8047 ; rate=673/min ; 1610/6537 batches
[06:06:43]   +5 [matter_file_grounded] ; total=8052 ; rate=671/min ; 1611/6537 batches
[06:06:43]   +5 [matter_file_grounded] ; total=8057 ; rate=671/min ; 1612/6537 batches
[06:06:43]   +5 [matter_file_grounded] ; total=8062 ; rate=672/min ; 1613/6537 batches
[06:07:17]   +5 [matter_file_grounded] ; total=8067 ; rate=642/min ; 1614/6537 batches
[06:07:17]   +5 [matter_file_grounded] ; total=8072 ; rate=642/min ; 1615/6537 batches
[06:07:17]   +5 [matter_file_grounded] ; total=8077 ; rate=643/min ; 1616/6537 batches
[06:07:17]   +5 [matter_file_grounded] ; total=8082 ; rate=643/min ; 1617/6537 batches
[06:07:17]   +5 [matter_file_grounded] ; total=8087 ; rate=643/min ; 1618/6537 batches
[06:07:17]   +5 [matter_file_grounded] ; total=8092 ; rate=644/min ; 1619/6537 batches
[06:07:17]   +5 [matter_file_grounded] ; total=8097 ; rate=644/min ; 1620/6537 batches
[06:07:17]   +5 [matter_file_grounded] ; total=8102 ; rate=644/min ; 1621/6537 batches
[06:07:18]   +5 [matter_file_grounded] ; total=8107 ; rate=645/min ; 1622/6537 batches
[06:07:18]   +5 [matter_file_grounded] ; total=8112 ; rate=645/min ; 1623/6537 batches
[06:07:18]   +5 [matter_file_grounded] ; total=8117 ; rate=645/min ; 1624/6537 batches
[06:07:18]   +5 [matter_file_grounded] ; total=8122 ; rate=646/min ; 1625/6537 batches
[06:07:18]   +5 [matter_file_grounded] ; total=8127 ; rate=646/min ; 1626/6537 batches
[06:07:18]   +5 [matter_file_grounded] ; total=8132 ; rate=646/min ; 1627/6537 batches
[06:07:25]   +5 [matter_file_grounded] ; total=8137 ; rate=641/min ; 1628/6537 batches
[06:07:25]   +5 [matter_file_grounded] ; total=8142 ; rate=641/min ; 1629/6537 batches
[06:07:25]   +5 [matter_file_grounded] ; total=8147 ; rate=642/min ; 1630/6537 batches
[06:07:25]   +5 [matter_file_grounded] ; total=8152 ; rate=642/min ; 1631/6537 batches
[06:07:25]   +5 [matter_file_grounded] ; total=8157 ; rate=642/min ; 1632/6537 batches
[06:07:25]   +5 [matter_file_grounded] ; total=8162 ; rate=642/min ; 1633/6537 batches
[06:07:25]   +5 [matter_file_grounded] ; total=8167 ; rate=643/min ; 1634/6537 batches
[06:07:26]   +5 [matter_file_grounded] ; total=8172 ; rate=643/min ; 1635/6537 batches
[06:07:26]   +5 [matter_file_grounded] ; total=8177 ; rate=643/min ; 1636/6537 batches
[06:07:26]   +5 [matter_file_grounded] ; total=8182 ; rate=644/min ; 1637/6537 batches
[06:07:26]   +5 [matter_file_grounded] ; total=8187 ; rate=644/min ; 1638/6537 batches
[06:07:26]   +5 [matter_file_grounded] ; total=8192 ; rate=644/min ; 1639/6537 batches
[06:07:26]   +5 [matter_file_grounded] ; total=8197 ; rate=645/min ; 1640/6537 batches
[06:07:26]   +5 [matter_file_grounded] ; total=8202 ; rate=645/min ; 1641/6537 batches
[06:07:26]   +5 [matter_file_grounded] ; total=8207 ; rate=645/min ; 1642/6537 batches
[06:07:26]   +5 [matter_file_grounded] ; total=8212 ; rate=646/min ; 1643/6537 batches
[06:07:26]   +5 [matter_file_grounded] ; total=8217 ; rate=646/min ; 1644/6537 batches
[06:07:26]   +5 [matter_file_grounded] ; total=8222 ; rate=646/min ; 1645/6537 batches
[06:07:26]   +5 [matter_file_grounded] ; total=8227 ; rate=647/min ; 1646/6537 batches
[06:07:26]   +5 [matter_file_grounded] ; total=8232 ; rate=647/min ; 1647/6537 batches
[06:07:27]   +5 [matter_file_grounded] ; total=8237 ; rate=647/min ; 1648/6537 batches
[06:07:27]   +5 [matter_file_grounded] ; total=8242 ; rate=648/min ; 1649/6537 batches
[06:07:27]   +5 [matter_file_grounded] ; total=8247 ; rate=648/min ; 1650/6537 batches
[06:07:27]   +5 [matter_file_grounded] ; total=8252 ; rate=648/min ; 1651/6537 batches
[06:07:27]   +5 [matter_file_grounded] ; total=8257 ; rate=649/min ; 1652/6537 batches
[06:07:27]   +5 [matter_file_grounded] ; total=8262 ; rate=649/min ; 1653/6537 batches
[06:07:27]   +5 [matter_file_grounded] ; total=8267 ; rate=649/min ; 1654/6537 batches
[06:07:27]   +5 [matter_file_grounded] ; total=8272 ; rate=650/min ; 1655/6537 batches
[06:07:27]   +5 [matter_file_grounded] ; total=8277 ; rate=650/min ; 1656/6537 batches
[06:07:27]   +5 [matter_file_grounded] ; total=8282 ; rate=650/min ; 1657/6537 batches
[06:07:27]   +5 [matter_file_grounded] ; total=8287 ; rate=651/min ; 1658/6537 batches
[06:07:27]   +5 [matter_file_grounded] ; total=8292 ; rate=651/min ; 1659/6537 batches
[06:07:27]   +5 [matter_file_grounded] ; total=8297 ; rate=651/min ; 1660/6537 batches
[06:07:28]   +5 [matter_file_grounded] ; total=8302 ; rate=652/min ; 1661/6537 batches
[06:07:28]   +5 [matter_file_grounded] ; total=8307 ; rate=652/min ; 1662/6537 batches
[06:07:28]   +5 [matter_file_grounded] ; total=8312 ; rate=652/min ; 1663/6537 batches
[06:07:28]   +5 [matter_file_grounded] ; total=8317 ; rate=653/min ; 1664/6537 batches
[06:07:28]   +5 [matter_file_grounded] ; total=8322 ; rate=653/min ; 1665/6537 batches
[06:07:28]   +5 [matter_file_grounded] ; total=8327 ; rate=653/min ; 1666/6537 batches
[06:07:28]   +5 [matter_file_grounded] ; total=8332 ; rate=653/min ; 1667/6537 batches
[06:07:28]   +5 [matter_file_grounded] ; total=8337 ; rate=654/min ; 1668/6537 batches
[06:07:28]   +5 [matter_file_grounded] ; total=8342 ; rate=654/min ; 1669/6537 batches
[06:07:28]   +5 [matter_file_grounded] ; total=8347 ; rate=655/min ; 1670/6537 batches
[06:07:28]   +5 [matter_file_grounded] ; total=8352 ; rate=655/min ; 1671/6537 batches
[06:07:28]   +5 [matter_file_grounded] ; total=8357 ; rate=655/min ; 1672/6537 batches
[06:07:28]   +5 [matter_file_grounded] ; total=8362 ; rate=656/min ; 1673/6537 batches
[06:07:29]   +5 [matter_file_grounded] ; total=8367 ; rate=656/min ; 1674/6537 batches
[06:07:29]   +5 [matter_file_grounded] ; total=8372 ; rate=656/min ; 1675/6537 batches
[06:07:29]   +5 [matter_file_grounded] ; total=8377 ; rate=657/min ; 1676/6537 batches
[06:07:29]   +5 [matter_file_grounded] ; total=8382 ; rate=657/min ; 1677/6537 batches
[06:07:29]   +5 [matter_file_grounded] ; total=8387 ; rate=657/min ; 1678/6537 batches
[06:07:29]   +5 [matter_file_grounded] ; total=8392 ; rate=658/min ; 1679/6537 batches
[06:07:29]   +5 [matter_file_grounded] ; total=8397 ; rate=658/min ; 1680/6537 batches
[06:07:29]   +5 [matter_file_grounded] ; total=8402 ; rate=658/min ; 1681/6537 batches
[06:07:29]   +5 [matter_file_grounded] ; total=8407 ; rate=659/min ; 1682/6537 batches
[06:07:29]   +5 [matter_file_grounded] ; total=8412 ; rate=659/min ; 1683/6537 batches
[06:07:29]   +5 [matter_file_grounded] ; total=8417 ; rate=659/min ; 1684/6537 batches
[06:07:29]   +5 [matter_file_grounded] ; total=8422 ; rate=660/min ; 1685/6537 batches
[06:07:29]   +5 [matter_file_grounded] ; total=8427 ; rate=660/min ; 1686/6537 batches
[06:07:29]   +5 [matter_file_grounded] ; total=8432 ; rate=660/min ; 1687/6537 batches
[06:07:29]   +5 [matter_file_grounded] ; total=8437 ; rate=661/min ; 1688/6537 batches
[06:07:29]   +5 [matter_file_grounded] ; total=8442 ; rate=661/min ; 1689/6537 batches
[06:07:29]   +5 [matter_file_grounded] ; total=8447 ; rate=661/min ; 1690/6537 batches
[06:07:30]   +5 [matter_file_grounded] ; total=8452 ; rate=662/min ; 1691/6537 batches
[06:07:30]   +5 [matter_file_grounded] ; total=8457 ; rate=662/min ; 1692/6537 batches
[06:07:30]   +5 [matter_file_grounded] ; total=8462 ; rate=662/min ; 1693/6537 batches
[06:07:30]   +5 [matter_file_grounded] ; total=8467 ; rate=663/min ; 1694/6537 batches
[06:07:30]   +5 [matter_file_grounded] ; total=8472 ; rate=663/min ; 1695/6537 batches
[06:07:30]   +5 [matter_file_grounded] ; total=8477 ; rate=663/min ; 1696/6537 batches
[06:07:30]   +5 [matter_file_grounded] ; total=8482 ; rate=663/min ; 1697/6537 batches
[06:07:30]   +5 [matter_file_grounded] ; total=8487 ; rate=664/min ; 1698/6537 batches
[06:07:30]   +5 [matter_file_grounded] ; total=8492 ; rate=664/min ; 1699/6537 batches
[06:07:30]   +5 [matter_file_grounded] ; total=8497 ; rate=664/min ; 1700/6537 batches
[06:07:31]   +5 [matter_file_grounded] ; total=8502 ; rate=665/min ; 1701/6537 batches
[06:07:31]   +5 [matter_file_grounded] ; total=8507 ; rate=665/min ; 1702/6537 batches
[06:07:31]   +5 [matter_file_grounded] ; total=8512 ; rate=665/min ; 1703/6537 batches
[06:07:31]   +5 [matter_file_grounded] ; total=8517 ; rate=666/min ; 1704/6537 batches
[06:07:31]   +5 [matter_file_grounded] ; total=8522 ; rate=666/min ; 1705/6537 batches
[06:07:31]   +5 [matter_file_grounded] ; total=8527 ; rate=666/min ; 1706/6537 batches
[06:07:31]   +5 [matter_file_grounded] ; total=8532 ; rate=667/min ; 1707/6537 batches
[06:07:31]   +5 [matter_file_grounded] ; total=8537 ; rate=667/min ; 1708/6537 batches
[06:07:31]   +5 [matter_file_grounded] ; total=8542 ; rate=667/min ; 1709/6537 batches
[06:07:31]   +5 [matter_file_grounded] ; total=8547 ; rate=667/min ; 1710/6537 batches
[06:07:31]   +5 [matter_file_grounded] ; total=8552 ; rate=668/min ; 1711/6537 batches
[06:07:32]   +5 [matter_file_grounded] ; total=8557 ; rate=668/min ; 1712/6537 batches
[06:07:32]   +5 [matter_file_grounded] ; total=8562 ; rate=668/min ; 1713/6537 batches
[06:07:32]   +5 [matter_file_grounded] ; total=8567 ; rate=669/min ; 1714/6537 batches
[06:07:32]   +5 [matter_file_grounded] ; total=8572 ; rate=669/min ; 1715/6537 batches
[06:07:32]   +5 [matter_file_grounded] ; total=8577 ; rate=669/min ; 1716/6537 batches
[06:07:32]   +5 [matter_file_grounded] ; total=8582 ; rate=670/min ; 1717/6537 batches
[06:07:32]   +5 [matter_file_grounded] ; total=8587 ; rate=670/min ; 1718/6537 batches
[06:07:32]   +5 [matter_file_grounded] ; total=8592 ; rate=670/min ; 1719/6537 batches
[06:07:32]   +5 [matter_file_grounded] ; total=8597 ; rate=671/min ; 1720/6537 batches
[06:07:32]   +5 [matter_file_grounded] ; total=8602 ; rate=671/min ; 1721/6537 batches
[06:07:32]   +5 [matter_file_grounded] ; total=8607 ; rate=671/min ; 1722/6537 batches
[06:07:32]   +5 [matter_file_grounded] ; total=8612 ; rate=672/min ; 1723/6537 batches
[06:07:32]   +5 [matter_file_grounded] ; total=8617 ; rate=672/min ; 1724/6537 batches
[06:07:32]   +5 [matter_file_grounded] ; total=8622 ; rate=672/min ; 1725/6537 batches
[06:07:32]   +5 [matter_file_grounded] ; total=8627 ; rate=673/min ; 1726/6537 batches
[06:07:32]   +5 [matter_file_grounded] ; total=8632 ; rate=673/min ; 1727/6537 batches
[06:07:33]   +5 [matter_file_grounded] ; total=8637 ; rate=673/min ; 1728/6537 batches
[06:07:33]   +5 [matter_file_grounded] ; total=8642 ; rate=674/min ; 1729/6537 batches
[06:07:33]   +5 [matter_file_grounded] ; total=8647 ; rate=674/min ; 1730/6537 batches
[06:07:33]   +5 [matter_file_grounded] ; total=8652 ; rate=675/min ; 1731/6537 batches
[06:07:33]   +5 [matter_file_grounded] ; total=8657 ; rate=675/min ; 1732/6537 batches
[06:07:33]   +5 [matter_file_grounded] ; total=8662 ; rate=675/min ; 1733/6537 batches
[06:07:33]   +5 [matter_file_grounded] ; total=8667 ; rate=676/min ; 1734/6537 batches
[06:07:33]   +5 [matter_file_grounded] ; total=8672 ; rate=676/min ; 1735/6537 batches
[06:07:33]   +5 [matter_file_grounded] ; total=8677 ; rate=676/min ; 1736/6537 batches
[06:07:33]   +5 [matter_file_grounded] ; total=8682 ; rate=677/min ; 1737/6537 batches
[06:07:33]   +5 [matter_file_grounded] ; total=8687 ; rate=677/min ; 1738/6537 batches
[06:07:33]   +5 [matter_file_grounded] ; total=8692 ; rate=677/min ; 1739/6537 batches
[06:07:33]   +5 [matter_file_grounded] ; total=8697 ; rate=678/min ; 1740/6537 batches
[06:07:33]   +5 [matter_file_grounded] ; total=8702 ; rate=678/min ; 1741/6537 batches
[06:07:33]   +5 [matter_file_grounded] ; total=8707 ; rate=678/min ; 1742/6537 batches
[06:07:33]   +5 [matter_file_grounded] ; total=8712 ; rate=679/min ; 1743/6537 batches
[06:07:34]   +5 [matter_file_grounded] ; total=8717 ; rate=679/min ; 1744/6537 batches
[06:07:34]   +5 [matter_file_grounded] ; total=8722 ; rate=679/min ; 1745/6537 batches
[06:07:34]   +5 [matter_file_grounded] ; total=8727 ; rate=680/min ; 1746/6537 batches
[06:07:34]   +5 [matter_file_grounded] ; total=8732 ; rate=680/min ; 1747/6537 batches
[06:07:34]   +5 [matter_file_grounded] ; total=8737 ; rate=680/min ; 1748/6537 batches
[06:07:34]   +5 [matter_file_grounded] ; total=8742 ; rate=681/min ; 1749/6537 batches
[06:07:34]   +5 [matter_file_grounded] ; total=8747 ; rate=681/min ; 1750/6537 batches
[06:07:34]   +5 [matter_file_grounded] ; total=8752 ; rate=681/min ; 1751/6537 batches
[06:07:34]   +5 [matter_file_grounded] ; total=8757 ; rate=682/min ; 1752/6537 batches
[06:07:34]   +5 [matter_file_grounded] ; total=8762 ; rate=682/min ; 1753/6537 batches
[06:07:34]   +5 [matter_file_grounded] ; total=8767 ; rate=682/min ; 1754/6537 batches
[06:07:34]   +5 [matter_file_grounded] ; total=8772 ; rate=683/min ; 1755/6537 batches
[06:07:34]   +5 [matter_file_grounded] ; total=8777 ; rate=683/min ; 1756/6537 batches
[06:07:34]   +5 [matter_file_grounded] ; total=8782 ; rate=683/min ; 1757/6537 batches
[06:07:34]   +5 [matter_file_grounded] ; total=8787 ; rate=684/min ; 1758/6537 batches
[06:07:34]   +5 [matter_file_grounded] ; total=8792 ; rate=684/min ; 1759/6537 batches
[06:07:34]   +5 [matter_file_grounded] ; total=8797 ; rate=684/min ; 1760/6537 batches
[06:07:35]   +5 [matter_file_grounded] ; total=8802 ; rate=685/min ; 1761/6537 batches
[06:07:35]   +5 [matter_file_grounded] ; total=8807 ; rate=685/min ; 1762/6537 batches
[06:07:35]   +5 [matter_file_grounded] ; total=8812 ; rate=685/min ; 1763/6537 batches
[06:07:35]   +5 [matter_file_grounded] ; total=8817 ; rate=686/min ; 1764/6537 batches
[06:07:35]   +5 [matter_file_grounded] ; total=8822 ; rate=686/min ; 1765/6537 batches
[06:07:35]   +5 [matter_file_grounded] ; total=8827 ; rate=686/min ; 1766/6537 batches
[06:07:35]   +5 [matter_file_grounded] ; total=8832 ; rate=687/min ; 1767/6537 batches
[06:07:35]   +5 [matter_file_grounded] ; total=8837 ; rate=687/min ; 1768/6537 batches
[06:07:35]   +5 [matter_file_grounded] ; total=8842 ; rate=687/min ; 1769/6537 batches
[06:07:35]   +5 [matter_file_grounded] ; total=8847 ; rate=688/min ; 1770/6537 batches
[06:07:35]   +5 [matter_file_grounded] ; total=8852 ; rate=688/min ; 1771/6537 batches
[06:07:35]   +5 [matter_file_grounded] ; total=8857 ; rate=688/min ; 1772/6537 batches
[06:07:35]   +5 [matter_file_grounded] ; total=8862 ; rate=689/min ; 1773/6537 batches
[06:07:35]   +5 [matter_file_grounded] ; total=8867 ; rate=689/min ; 1774/6537 batches
[06:07:35]   +5 [matter_file_grounded] ; total=8872 ; rate=689/min ; 1775/6537 batches
[06:07:35]   +5 [matter_file_grounded] ; total=8877 ; rate=690/min ; 1776/6537 batches
[06:07:36]   +5 [matter_file_grounded] ; total=8882 ; rate=690/min ; 1777/6537 batches
[06:07:36]   +5 [matter_file_grounded] ; total=8887 ; rate=690/min ; 1778/6537 batches
[06:07:36]   +5 [matter_file_grounded] ; total=8892 ; rate=691/min ; 1779/6537 batches
[06:07:36]   +5 [matter_file_grounded] ; total=8897 ; rate=691/min ; 1780/6537 batches
[06:07:36]   +5 [matter_file_grounded] ; total=8902 ; rate=691/min ; 1781/6537 batches
[06:07:36]   +5 [matter_file_grounded] ; total=8907 ; rate=692/min ; 1782/6537 batches
[06:07:36]   +5 [matter_file_grounded] ; total=8912 ; rate=692/min ; 1783/6537 batches
[06:07:36]   +5 [matter_file_grounded] ; total=8917 ; rate=692/min ; 1784/6537 batches
[06:07:36]   +5 [matter_file_grounded] ; total=8922 ; rate=693/min ; 1785/6537 batches
[06:07:36]   +5 [matter_file_grounded] ; total=8927 ; rate=693/min ; 1786/6537 batches
[06:07:36]   +5 [matter_file_grounded] ; total=8932 ; rate=693/min ; 1787/6537 batches
[06:07:36]   +5 [matter_file_grounded] ; total=8937 ; rate=694/min ; 1788/6537 batches
[06:07:36]   +5 [matter_file_grounded] ; total=8942 ; rate=694/min ; 1789/6537 batches
[06:07:36]   +5 [matter_file_grounded] ; total=8947 ; rate=694/min ; 1790/6537 batches
[06:07:36]   +5 [matter_file_grounded] ; total=8952 ; rate=695/min ; 1791/6537 batches
[06:07:36]   +5 [matter_file_grounded] ; total=8957 ; rate=695/min ; 1792/6537 batches
[06:07:36]   +5 [matter_file_grounded] ; total=8962 ; rate=695/min ; 1793/6537 batches
[06:07:36]   +5 [matter_file_grounded] ; total=8967 ; rate=696/min ; 1794/6537 batches
[06:07:36]   +5 [matter_file_grounded] ; total=8972 ; rate=696/min ; 1795/6537 batches
[06:07:36]   +5 [matter_file_grounded] ; total=8977 ; rate=696/min ; 1796/6537 batches
[06:07:36]   +5 [matter_file_grounded] ; total=8982 ; rate=697/min ; 1797/6537 batches
[06:07:37]   +5 [matter_file_grounded] ; total=8987 ; rate=697/min ; 1798/6537 batches
[06:07:37]   +5 [matter_file_grounded] ; total=8992 ; rate=698/min ; 1799/6537 batches
[06:07:37]   +5 [matter_file_grounded] ; total=8997 ; rate=698/min ; 1800/6537 batches
[06:07:37]   +5 [matter_file_grounded] ; total=9002 ; rate=698/min ; 1801/6537 batches
[06:07:37]   +5 [matter_file_grounded] ; total=9007 ; rate=698/min ; 1802/6537 batches
[06:07:37]   +5 [matter_file_grounded] ; total=9012 ; rate=699/min ; 1803/6537 batches
[06:07:37]   +5 [matter_file_grounded] ; total=9017 ; rate=699/min ; 1804/6537 batches
[06:07:37]   +5 [matter_file_grounded] ; total=9022 ; rate=700/min ; 1805/6537 batches
[06:07:37]   +5 [matter_file_grounded] ; total=9027 ; rate=700/min ; 1806/6537 batches
[06:07:37]   +5 [matter_file_grounded] ; total=9032 ; rate=700/min ; 1807/6537 batches
[06:07:37]   +5 [matter_file_grounded] ; total=9037 ; rate=701/min ; 1808/6537 batches
[06:07:37]   +5 [matter_file_grounded] ; total=9042 ; rate=701/min ; 1809/6537 batches
[06:07:37]   +5 [matter_file_grounded] ; total=9047 ; rate=701/min ; 1810/6537 batches
[06:07:37]   +5 [matter_file_grounded] ; total=9052 ; rate=702/min ; 1811/6537 batches
[06:07:37]   +5 [matter_file_grounded] ; total=9057 ; rate=702/min ; 1812/6537 batches
[06:07:37]   +5 [matter_file_grounded] ; total=9062 ; rate=702/min ; 1813/6537 batches
[06:07:37]   +5 [matter_file_grounded] ; total=9067 ; rate=703/min ; 1814/6537 batches
[06:07:37]   +5 [matter_file_grounded] ; total=9072 ; rate=703/min ; 1815/6537 batches
[06:07:37]   +5 [matter_file_grounded] ; total=9077 ; rate=703/min ; 1816/6537 batches
[06:07:37]   +5 [matter_file_grounded] ; total=9082 ; rate=704/min ; 1817/6537 batches
[06:07:37]   +5 [matter_file_grounded] ; total=9087 ; rate=704/min ; 1818/6537 batches
[06:07:37]   +5 [matter_file_grounded] ; total=9092 ; rate=704/min ; 1819/6537 batches
[06:07:38]   +5 [matter_file_grounded] ; total=9097 ; rate=705/min ; 1820/6537 batches
[06:07:38]   +5 [matter_file_grounded] ; total=9102 ; rate=705/min ; 1821/6537 batches
[06:07:38]   +5 [matter_file_grounded] ; total=9107 ; rate=705/min ; 1822/6537 batches
[06:07:38]   +5 [matter_file_grounded] ; total=9112 ; rate=706/min ; 1823/6537 batches
[06:07:38]   +5 [matter_file_grounded] ; total=9117 ; rate=706/min ; 1824/6537 batches
[06:07:38]   +5 [matter_file_grounded] ; total=9122 ; rate=706/min ; 1825/6537 batches
[06:07:38]   +5 [matter_file_grounded] ; total=9127 ; rate=707/min ; 1826/6537 batches
[06:07:38]   +5 [matter_file_grounded] ; total=9132 ; rate=707/min ; 1827/6537 batches
[06:07:38]   +5 [matter_file_grounded] ; total=9137 ; rate=707/min ; 1828/6537 batches
[06:07:38]   +5 [matter_file_grounded] ; total=9142 ; rate=708/min ; 1829/6537 batches
[06:07:38]   +5 [matter_file_grounded] ; total=9147 ; rate=708/min ; 1830/6537 batches
[06:07:38]   +5 [matter_file_grounded] ; total=9152 ; rate=709/min ; 1831/6537 batches
[06:07:38]   +5 [matter_file_grounded] ; total=9157 ; rate=709/min ; 1832/6537 batches
[06:07:38]   +5 [matter_file_grounded] ; total=9162 ; rate=709/min ; 1833/6537 batches
[06:07:38]   +5 [matter_file_grounded] ; total=9167 ; rate=710/min ; 1834/6537 batches
[06:07:38]   +5 [matter_file_grounded] ; total=9172 ; rate=710/min ; 1835/6537 batches
[06:07:38]   +5 [matter_file_grounded] ; total=9177 ; rate=710/min ; 1836/6537 batches
[06:07:38]   +5 [matter_file_grounded] ; total=9182 ; rate=711/min ; 1837/6537 batches
[06:07:38]   +5 [matter_file_grounded] ; total=9187 ; rate=711/min ; 1838/6537 batches
[06:07:38]   +5 [matter_file_grounded] ; total=9192 ; rate=711/min ; 1839/6537 batches
[06:07:39]   +5 [matter_file_grounded] ; total=9197 ; rate=712/min ; 1840/6537 batches
[06:07:39]   +5 [matter_file_grounded] ; total=9202 ; rate=712/min ; 1841/6537 batches
[06:07:39]   +5 [matter_file_grounded] ; total=9207 ; rate=712/min ; 1842/6537 batches
[06:07:39]   +5 [matter_file_grounded] ; total=9212 ; rate=713/min ; 1843/6537 batches
[06:07:39]   +5 [matter_file_grounded] ; total=9217 ; rate=713/min ; 1844/6537 batches
[06:07:39]   +5 [matter_file_grounded] ; total=9222 ; rate=713/min ; 1845/6537 batches
[06:07:39]   +5 [matter_file_grounded] ; total=9227 ; rate=714/min ; 1846/6537 batches
[06:07:39]   +5 [matter_file_grounded] ; total=9232 ; rate=714/min ; 1847/6537 batches
[06:07:39]   +5 [matter_file_grounded] ; total=9237 ; rate=714/min ; 1848/6537 batches
[06:07:39]   +5 [matter_file_grounded] ; total=9242 ; rate=715/min ; 1849/6537 batches
[06:07:39]   +5 [matter_file_grounded] ; total=9247 ; rate=715/min ; 1850/6537 batches
[06:07:39]   +5 [matter_file_grounded] ; total=9252 ; rate=715/min ; 1851/6537 batches
[06:07:39]   +5 [matter_file_grounded] ; total=9257 ; rate=716/min ; 1852/6537 batches
[06:07:39]   +5 [matter_file_grounded] ; total=9262 ; rate=716/min ; 1853/6537 batches
[06:07:39]   +5 [matter_file_grounded] ; total=9267 ; rate=716/min ; 1854/6537 batches
[06:07:39]   +5 [matter_file_grounded] ; total=9272 ; rate=717/min ; 1855/6537 batches
[06:07:39]   +5 [matter_file_grounded] ; total=9277 ; rate=717/min ; 1856/6537 batches
[06:07:39]   +5 [matter_file_grounded] ; total=9282 ; rate=717/min ; 1857/6537 batches
[06:07:39]   +5 [matter_file_grounded] ; total=9287 ; rate=718/min ; 1858/6537 batches
[06:07:39]   +5 [matter_file_grounded] ; total=9292 ; rate=718/min ; 1859/6537 batches
[06:07:40]   +5 [matter_file_grounded] ; total=9297 ; rate=718/min ; 1860/6537 batches
[06:07:40]   +5 [matter_file_grounded] ; total=9302 ; rate=719/min ; 1861/6537 batches
[06:07:40]   +5 [matter_file_grounded] ; total=9307 ; rate=719/min ; 1862/6537 batches
[06:07:40]   +5 [matter_file_grounded] ; total=9312 ; rate=719/min ; 1863/6537 batches
[06:07:40]   +5 [matter_file_grounded] ; total=9317 ; rate=720/min ; 1864/6537 batches
[06:07:40]   +5 [matter_file_grounded] ; total=9322 ; rate=720/min ; 1865/6537 batches
[06:07:40]   +5 [matter_file_grounded] ; total=9327 ; rate=720/min ; 1866/6537 batches
[06:07:40]   +5 [matter_file_grounded] ; total=9332 ; rate=721/min ; 1867/6537 batches
[06:07:40]   +5 [matter_file_grounded] ; total=9337 ; rate=721/min ; 1868/6537 batches
[06:07:40]   +5 [matter_file_grounded] ; total=9342 ; rate=722/min ; 1869/6537 batches
[06:07:40]   +5 [matter_file_grounded] ; total=9347 ; rate=722/min ; 1870/6537 batches
[06:07:40]   +5 [matter_file_grounded] ; total=9352 ; rate=722/min ; 1871/6537 batches
[06:07:40]   +5 [matter_file_grounded] ; total=9357 ; rate=722/min ; 1872/6537 batches
[06:07:40]   +5 [matter_file_grounded] ; total=9362 ; rate=723/min ; 1873/6537 batches
[06:07:40]   +5 [matter_file_grounded] ; total=9367 ; rate=723/min ; 1874/6537 batches
[06:07:40]   +5 [matter_file_grounded] ; total=9372 ; rate=724/min ; 1875/6537 batches
[06:07:40]   +5 [matter_file_grounded] ; total=9377 ; rate=724/min ; 1876/6537 batches
[06:07:40]   +5 [matter_file_grounded] ; total=9382 ; rate=724/min ; 1877/6537 batches
[06:07:41]   +5 [matter_file_grounded] ; total=9387 ; rate=724/min ; 1878/6537 batches
[06:07:41]   +5 [matter_file_grounded] ; total=9392 ; rate=725/min ; 1879/6537 batches
[06:07:41]   +5 [matter_file_grounded] ; total=9397 ; rate=725/min ; 1880/6537 batches
[06:07:41]   +5 [matter_file_grounded] ; total=9402 ; rate=725/min ; 1881/6537 batches
[06:07:41]   +5 [matter_file_grounded] ; total=9407 ; rate=726/min ; 1882/6537 batches
[06:07:41]   +5 [matter_file_grounded] ; total=9412 ; rate=726/min ; 1883/6537 batches
[06:07:41]   +5 [matter_file_grounded] ; total=9417 ; rate=726/min ; 1884/6537 batches
[06:07:41]   +5 [matter_file_grounded] ; total=9422 ; rate=727/min ; 1885/6537 batches
[06:07:41]   +5 [matter_file_grounded] ; total=9427 ; rate=727/min ; 1886/6537 batches
[06:07:41]   +5 [matter_file_grounded] ; total=9432 ; rate=727/min ; 1887/6537 batches
[06:07:41]   +5 [matter_file_grounded] ; total=9437 ; rate=728/min ; 1888/6537 batches
[06:07:41]   +5 [matter_file_grounded] ; total=9442 ; rate=728/min ; 1889/6537 batches
[06:07:41]   +5 [matter_file_grounded] ; total=9447 ; rate=728/min ; 1890/6537 batches
[06:07:41]   +5 [matter_file_grounded] ; total=9452 ; rate=729/min ; 1891/6537 batches
[06:07:41]   +5 [matter_file_grounded] ; total=9457 ; rate=729/min ; 1892/6537 batches
[06:07:41]   +5 [matter_file_grounded] ; total=9462 ; rate=729/min ; 1893/6537 batches
[06:07:42]   +5 [matter_file_grounded] ; total=9467 ; rate=730/min ; 1894/6537 batches
[06:07:42]   +5 [matter_file_grounded] ; total=9472 ; rate=730/min ; 1895/6537 batches
[06:07:42]   +5 [matter_file_grounded] ; total=9477 ; rate=730/min ; 1896/6537 batches
[06:07:42]   +5 [matter_file_grounded] ; total=9482 ; rate=731/min ; 1897/6537 batches
[06:07:42]   +5 [matter_file_grounded] ; total=9487 ; rate=731/min ; 1898/6537 batches
[06:07:42]   +5 [matter_file_grounded] ; total=9492 ; rate=731/min ; 1899/6537 batches
[06:07:42]   +5 [matter_file_grounded] ; total=9497 ; rate=731/min ; 1900/6537 batches
[06:07:49]   +5 [matter_file_grounded] ; total=9502 ; rate=725/min ; 1901/6537 batches
[06:07:49]   +5 [matter_file_grounded] ; total=9507 ; rate=726/min ; 1902/6537 batches
[06:07:49]   +5 [matter_file_grounded] ; total=9512 ; rate=726/min ; 1903/6537 batches
[06:07:49]   +5 [matter_file_grounded] ; total=9517 ; rate=726/min ; 1904/6537 batches
[06:07:49]   +5 [matter_file_grounded] ; total=9522 ; rate=727/min ; 1905/6537 batches
[06:07:50]   +5 [matter_file_grounded] ; total=9527 ; rate=727/min ; 1906/6537 batches
[06:07:50]   +5 [matter_file_grounded] ; total=9532 ; rate=727/min ; 1907/6537 batches
[06:07:50]   +5 [matter_file_grounded] ; total=9537 ; rate=727/min ; 1908/6537 batches
[06:07:50]   +5 [matter_file_grounded] ; total=9542 ; rate=728/min ; 1909/6537 batches
[06:07:50]   +5 [matter_file_grounded] ; total=9547 ; rate=728/min ; 1910/6537 batches
[06:07:50]   +5 [matter_file_grounded] ; total=9552 ; rate=728/min ; 1911/6537 batches
[06:07:50]   +5 [matter_file_grounded] ; total=9557 ; rate=729/min ; 1912/6537 batches
[06:07:50]   +5 [matter_file_grounded] ; total=9562 ; rate=729/min ; 1913/6537 batches
[06:07:50]   +5 [matter_file_grounded] ; total=9567 ; rate=729/min ; 1914/6537 batches
[06:07:50]   +5 [matter_file_grounded] ; total=9572 ; rate=730/min ; 1915/6537 batches
[06:07:50]   +5 [matter_file_grounded] ; total=9577 ; rate=730/min ; 1916/6537 batches
[06:07:50]   +5 [matter_file_grounded] ; total=9582 ; rate=730/min ; 1917/6537 batches
[06:07:50]   +5 [matter_file_grounded] ; total=9587 ; rate=731/min ; 1918/6537 batches
[06:07:50]   +5 [matter_file_grounded] ; total=9592 ; rate=731/min ; 1919/6537 batches
[06:07:51]   +5 [matter_file_grounded] ; total=9597 ; rate=731/min ; 1920/6537 batches
[06:07:51]   +5 [matter_file_grounded] ; total=9602 ; rate=732/min ; 1921/6537 batches
[06:07:51]   +5 [matter_file_grounded] ; total=9607 ; rate=732/min ; 1922/6537 batches
[06:07:51]   +5 [matter_file_grounded] ; total=9612 ; rate=732/min ; 1923/6537 batches
[06:07:51]   +5 [matter_file_grounded] ; total=9617 ; rate=732/min ; 1924/6537 batches
[06:07:51]   +5 [matter_file_grounded] ; total=9622 ; rate=733/min ; 1925/6537 batches
[06:07:51]   +5 [matter_file_grounded] ; total=9627 ; rate=733/min ; 1926/6537 batches
[06:07:51]   +5 [matter_file_grounded] ; total=9632 ; rate=733/min ; 1927/6537 batches
[06:07:51]   +5 [matter_file_grounded] ; total=9637 ; rate=734/min ; 1928/6537 batches
[06:07:51]   +5 [matter_file_grounded] ; total=9642 ; rate=734/min ; 1929/6537 batches
[06:07:51]   +5 [matter_file_grounded] ; total=9647 ; rate=734/min ; 1930/6537 batches
[06:07:51]   +5 [matter_file_grounded] ; total=9652 ; rate=735/min ; 1931/6537 batches
[06:07:51]   +5 [matter_file_grounded] ; total=9657 ; rate=735/min ; 1932/6537 batches
[06:07:52]   +5 [matter_file_grounded] ; total=9662 ; rate=735/min ; 1933/6537 batches
[06:07:52]   +5 [matter_file_grounded] ; total=9667 ; rate=736/min ; 1934/6537 batches
[06:07:52]   +5 [matter_file_grounded] ; total=9672 ; rate=736/min ; 1935/6537 batches
[06:07:52]   +5 [matter_file_grounded] ; total=9677 ; rate=736/min ; 1936/6537 batches
[06:07:52]   +5 [matter_file_grounded] ; total=9682 ; rate=737/min ; 1937/6537 batches
[06:07:52]   +5 [matter_file_grounded] ; total=9687 ; rate=737/min ; 1938/6537 batches
[06:07:52]   +5 [matter_file_grounded] ; total=9692 ; rate=737/min ; 1939/6537 batches
[06:07:52]   +5 [matter_file_grounded] ; total=9697 ; rate=738/min ; 1940/6537 batches
[06:07:52]   +5 [matter_file_grounded] ; total=9702 ; rate=738/min ; 1941/6537 batches
[06:07:52]   +5 [matter_file_grounded] ; total=9707 ; rate=738/min ; 1942/6537 batches
[06:07:52]   +5 [matter_file_grounded] ; total=9712 ; rate=738/min ; 1943/6537 batches
[06:07:52]   +5 [matter_file_grounded] ; total=9717 ; rate=739/min ; 1944/6537 batches
[06:07:52]   +5 [matter_file_grounded] ; total=9722 ; rate=739/min ; 1945/6537 batches
[06:07:52]   +5 [matter_file_grounded] ; total=9727 ; rate=739/min ; 1946/6537 batches
[06:07:53]   +5 [matter_file_grounded] ; total=9732 ; rate=740/min ; 1947/6537 batches
[06:07:53]   +5 [matter_file_grounded] ; total=9737 ; rate=740/min ; 1948/6537 batches
[06:07:53]   +5 [matter_file_grounded] ; total=9742 ; rate=740/min ; 1949/6537 batches
[06:07:53]   +5 [matter_file_grounded] ; total=9747 ; rate=741/min ; 1950/6537 batches
[06:07:53]   +5 [matter_file_grounded] ; total=9752 ; rate=741/min ; 1951/6537 batches
[06:07:53]   +5 [matter_file_grounded] ; total=9757 ; rate=741/min ; 1952/6537 batches
[06:07:53]   +5 [matter_file_grounded] ; total=9762 ; rate=741/min ; 1953/6537 batches
[06:07:53]   +5 [matter_file_grounded] ; total=9767 ; rate=742/min ; 1954/6537 batches
[06:07:53]   +5 [matter_file_grounded] ; total=9772 ; rate=742/min ; 1955/6537 batches
[06:07:53]   +5 [matter_file_grounded] ; total=9777 ; rate=742/min ; 1956/6537 batches
[06:07:53]   +5 [matter_file_grounded] ; total=9782 ; rate=743/min ; 1957/6537 batches
[06:07:53]   +5 [matter_file_grounded] ; total=9787 ; rate=743/min ; 1958/6537 batches
[06:07:54]   +5 [matter_file_grounded] ; total=9792 ; rate=743/min ; 1959/6537 batches
[06:07:54]   +5 [matter_file_grounded] ; total=9797 ; rate=744/min ; 1960/6537 batches
[06:07:54]   +5 [matter_file_grounded] ; total=9802 ; rate=744/min ; 1961/6537 batches
[06:07:54]   +5 [matter_file_grounded] ; total=9807 ; rate=744/min ; 1962/6537 batches
[06:07:54]   +5 [matter_file_grounded] ; total=9812 ; rate=744/min ; 1963/6537 batches
[06:07:54]   +5 [matter_file_grounded] ; total=9817 ; rate=745/min ; 1964/6537 batches
[06:07:54]   +5 [matter_file_grounded] ; total=9822 ; rate=745/min ; 1965/6537 batches
[06:07:54]   +5 [matter_file_grounded] ; total=9827 ; rate=745/min ; 1966/6537 batches
[06:07:54]   +5 [matter_file_grounded] ; total=9832 ; rate=746/min ; 1967/6537 batches
[06:07:54]   +5 [matter_file_grounded] ; total=9837 ; rate=746/min ; 1968/6537 batches
[06:07:54]   +5 [matter_file_grounded] ; total=9842 ; rate=746/min ; 1969/6537 batches
[06:07:54]   +5 [matter_file_grounded] ; total=9847 ; rate=747/min ; 1970/6537 batches
[06:07:55]   +5 [matter_file_grounded] ; total=9852 ; rate=747/min ; 1971/6537 batches
[06:07:55]   +5 [matter_file_grounded] ; total=9857 ; rate=747/min ; 1972/6537 batches
[06:07:55]   +5 [matter_file_grounded] ; total=9862 ; rate=747/min ; 1973/6537 batches
[06:07:55]   +5 [matter_file_grounded] ; total=9867 ; rate=748/min ; 1974/6537 batches
[06:07:55]   +5 [matter_file_grounded] ; total=9872 ; rate=748/min ; 1975/6537 batches
[06:07:55]   +5 [matter_file_grounded] ; total=9877 ; rate=748/min ; 1976/6537 batches
[06:07:55]   +5 [matter_file_grounded] ; total=9882 ; rate=749/min ; 1977/6537 batches
[06:07:55]   +5 [matter_file_grounded] ; total=9887 ; rate=749/min ; 1978/6537 batches
[06:07:55]   +5 [matter_file_grounded] ; total=9892 ; rate=749/min ; 1979/6537 batches
[06:07:55]   +5 [matter_file_grounded] ; total=9897 ; rate=750/min ; 1980/6537 batches
[06:07:55]   +5 [matter_file_grounded] ; total=9902 ; rate=750/min ; 1981/6537 batches
[06:07:55]   +5 [matter_file_grounded] ; total=9907 ; rate=750/min ; 1982/6537 batches
[06:07:55]   +5 [matter_file_grounded] ; total=9912 ; rate=751/min ; 1983/6537 batches
[06:07:56]   +5 [matter_file_grounded] ; total=9917 ; rate=751/min ; 1984/6537 batches
[06:07:56]   +5 [matter_file_grounded] ; total=9922 ; rate=751/min ; 1985/6537 batches
[06:07:56]   +5 [matter_file_grounded] ; total=9927 ; rate=751/min ; 1986/6537 batches
[06:07:56]   +5 [matter_file_grounded] ; total=9932 ; rate=752/min ; 1987/6537 batches
[06:07:56]   +5 [matter_file_grounded] ; total=9937 ; rate=752/min ; 1988/6537 batches
[06:07:56]   +5 [matter_file_grounded] ; total=9942 ; rate=752/min ; 1989/6537 batches
[06:07:56]   +5 [matter_file_grounded] ; total=9947 ; rate=753/min ; 1990/6537 batches
[06:07:56]   +5 [matter_file_grounded] ; total=9952 ; rate=753/min ; 1991/6537 batches
[06:07:56]   +5 [matter_file_grounded] ; total=9957 ; rate=753/min ; 1992/6537 batches
[06:07:56]   +5 [matter_file_grounded] ; total=9962 ; rate=753/min ; 1993/6537 batches
[06:07:56]   +5 [matter_file_grounded] ; total=9967 ; rate=754/min ; 1994/6537 batches
[06:07:56]   +5 [matter_file_grounded] ; total=9972 ; rate=754/min ; 1995/6537 batches
[06:07:57]   +5 [matter_file_grounded] ; total=9977 ; rate=754/min ; 1996/6537 batches
[06:07:57]   +5 [matter_file_grounded] ; total=9982 ; rate=755/min ; 1997/6537 batches
[06:07:57]   +5 [matter_file_grounded] ; total=9987 ; rate=755/min ; 1998/6537 batches
[06:07:57]   +5 [matter_file_grounded] ; total=9992 ; rate=755/min ; 1999/6537 batches
[06:07:57]   +5 [matter_file_grounded] ; total=9997 ; rate=756/min ; 2000/6537 batches
[06:07:57]   +5 [matter_file_grounded] ; total=10002 ; rate=756/min ; 2001/6537 batches
[06:07:57]   +5 [matter_file_grounded] ; total=10007 ; rate=756/min ; 2002/6537 batches
[06:07:57]   +5 [matter_file_grounded] ; total=10012 ; rate=757/min ; 2003/6537 batches
[06:07:57]   +5 [matter_file_grounded] ; total=10017 ; rate=757/min ; 2004/6537 batches
[06:07:57]   +5 [matter_file_grounded] ; total=10022 ; rate=757/min ; 2005/6537 batches
[06:07:57]   +5 [matter_file_grounded] ; total=10027 ; rate=758/min ; 2006/6537 batches
[06:07:57]   +5 [matter_file_grounded] ; total=10032 ; rate=758/min ; 2007/6537 batches
[06:07:57]   +5 [matter_file_grounded] ; total=10037 ; rate=758/min ; 2008/6537 batches
[06:07:57]   +5 [matter_file_grounded] ; total=10042 ; rate=758/min ; 2009/6537 batches
[06:07:58]   +5 [matter_file_grounded] ; total=10047 ; rate=759/min ; 2010/6537 batches
[06:07:58]   +5 [matter_file_grounded] ; total=10052 ; rate=759/min ; 2011/6537 batches
[06:07:58]   +5 [matter_file_grounded] ; total=10057 ; rate=759/min ; 2012/6537 batches
[06:07:58]   +5 [matter_file_grounded] ; total=10062 ; rate=760/min ; 2013/6537 batches
[06:07:58]   +5 [matter_file_grounded] ; total=10067 ; rate=760/min ; 2014/6537 batches
[06:07:58]   +5 [matter_file_grounded] ; total=10072 ; rate=760/min ; 2015/6537 batches
[06:07:58]   +5 [matter_file_grounded] ; total=10077 ; rate=761/min ; 2016/6537 batches
[06:07:58]   +5 [matter_file_grounded] ; total=10082 ; rate=761/min ; 2017/6537 batches
[06:07:58]   +5 [matter_file_grounded] ; total=10087 ; rate=761/min ; 2018/6537 batches
[06:07:58]   +5 [matter_file_grounded] ; total=10092 ; rate=761/min ; 2019/6537 batches
[06:07:58]   +5 [matter_file_grounded] ; total=10097 ; rate=762/min ; 2020/6537 batches
[06:07:58]   +5 [matter_file_grounded] ; total=10102 ; rate=762/min ; 2021/6537 batches
[06:07:59]   +5 [matter_file_grounded] ; total=10107 ; rate=762/min ; 2022/6537 batches
[06:07:59]   +5 [matter_file_grounded] ; total=10112 ; rate=763/min ; 2023/6537 batches
[06:07:59]   +5 [matter_file_grounded] ; total=10117 ; rate=763/min ; 2024/6537 batches
[06:07:59]   +5 [matter_file_grounded] ; total=10122 ; rate=763/min ; 2025/6537 batches
[06:07:59]   +5 [matter_file_grounded] ; total=10127 ; rate=764/min ; 2026/6537 batches
[06:07:59]   +5 [matter_file_grounded] ; total=10132 ; rate=764/min ; 2027/6537 batches
[06:07:59]   +5 [matter_file_grounded] ; total=10137 ; rate=764/min ; 2028/6537 batches
[06:07:59]   +5 [matter_file_grounded] ; total=10142 ; rate=764/min ; 2029/6537 batches
[06:07:59]   +5 [matter_file_grounded] ; total=10147 ; rate=765/min ; 2030/6537 batches
[06:07:59]   +5 [matter_file_grounded] ; total=10152 ; rate=765/min ; 2031/6537 batches
[06:07:59]   +5 [matter_file_grounded] ; total=10157 ; rate=765/min ; 2032/6537 batches
[06:07:59]   +5 [matter_file_grounded] ; total=10162 ; rate=766/min ; 2033/6537 batches
[06:08:00]   +5 [matter_file_grounded] ; total=10167 ; rate=766/min ; 2034/6537 batches
[06:08:00]   +5 [matter_file_grounded] ; total=10172 ; rate=766/min ; 2035/6537 batches
[06:08:00]   +5 [matter_file_grounded] ; total=10177 ; rate=766/min ; 2036/6537 batches
[06:08:00]   +5 [matter_file_grounded] ; total=10182 ; rate=767/min ; 2037/6537 batches
[06:08:00]   +5 [matter_file_grounded] ; total=10187 ; rate=767/min ; 2038/6537 batches
[06:08:00]   +5 [matter_file_grounded] ; total=10192 ; rate=767/min ; 2039/6537 batches
[06:08:00]   +5 [matter_file_grounded] ; total=10197 ; rate=768/min ; 2040/6537 batches
[06:08:00]   +5 [matter_file_grounded] ; total=10202 ; rate=768/min ; 2041/6537 batches
[06:08:00]   +5 [matter_file_grounded] ; total=10207 ; rate=768/min ; 2042/6537 batches
[06:08:00]   +5 [matter_file_grounded] ; total=10212 ; rate=768/min ; 2043/6537 batches
[06:08:01]   +5 [matter_file_grounded] ; total=10217 ; rate=769/min ; 2044/6537 batches
[06:08:01]   +5 [matter_file_grounded] ; total=10222 ; rate=769/min ; 2045/6537 batches
[06:08:01]   +5 [matter_file_grounded] ; total=10227 ; rate=769/min ; 2046/6537 batches
[06:08:01]   +5 [matter_file_grounded] ; total=10232 ; rate=770/min ; 2047/6537 batches
[06:08:01]   +5 [matter_file_grounded] (succeeded on retry #1)
[06:08:01]   +5 [matter_file_grounded] ; total=10237 ; rate=770/min ; 2048/6537 batches
[06:08:01]   +5 [matter_file_grounded] ; total=10242 ; rate=770/min ; 2049/6537 batches
[06:08:01]   +5 [matter_file_grounded] ; total=10247 ; rate=771/min ; 2050/6537 batches
[06:08:01]   +5 [matter_file_grounded] ; total=10252 ; rate=771/min ; 2051/6537 batches
[06:08:01]   +5 [matter_file_grounded] ; total=10257 ; rate=771/min ; 2052/6537 batches
[06:08:01]   +5 [matter_file_grounded] ; total=10262 ; rate=771/min ; 2053/6537 batches
[06:08:01]   +5 [matter_file_grounded] (succeeded on retry #1)
[06:08:01]   +5 [matter_file_grounded] ; total=10267 ; rate=772/min ; 2054/6537 batches
[06:08:01]   +5 [matter_file_grounded] ; total=10272 ; rate=772/min ; 2055/6537 batches
[06:08:01]   +5 [matter_file_grounded] ; total=10277 ; rate=772/min ; 2056/6537 batches
[06:08:01]   +5 [matter_file_grounded] ; total=10282 ; rate=773/min ; 2057/6537 batches
[06:08:01]   +5 [matter_file_grounded] ; total=10287 ; rate=773/min ; 2058/6537 batches
[06:08:02]   +5 [matter_file_grounded] ; total=10292 ; rate=773/min ; 2059/6537 batches
[06:08:02]   +5 [matter_file_grounded] ; total=10297 ; rate=774/min ; 2060/6537 batches
[06:08:02]   +5 [matter_file_grounded] ; total=10302 ; rate=774/min ; 2061/6537 batches
[06:08:02]   +5 [matter_file_grounded] ; total=10307 ; rate=774/min ; 2062/6537 batches
[06:08:02]   +5 [matter_file_grounded] ; total=10312 ; rate=775/min ; 2063/6537 batches
[06:08:02]   +5 [matter_file_grounded] ; total=10317 ; rate=775/min ; 2064/6537 batches
[06:08:02]   +5 [matter_file_grounded] ; total=10322 ; rate=775/min ; 2065/6537 batches
[06:08:02]   +5 [matter_file_grounded] ; total=10327 ; rate=776/min ; 2066/6537 batches
[06:08:02]   +5 [matter_file_grounded] ; total=10332 ; rate=776/min ; 2067/6537 batches
[06:08:02]   +5 [matter_file_grounded] ; total=10337 ; rate=777/min ; 2068/6537 batches
[06:08:02]   +5 [matter_file_grounded] ; total=10342 ; rate=777/min ; 2069/6537 batches
[06:08:02]   +5 [matter_file_grounded] ; total=10347 ; rate=777/min ; 2070/6537 batches
[06:08:02]   +5 [matter_file_grounded] ; total=10352 ; rate=778/min ; 2071/6537 batches
[06:08:02]   +5 [matter_file_grounded] ; total=10357 ; rate=778/min ; 2072/6537 batches
[06:08:02]   +5 [matter_file_grounded] ; total=10362 ; rate=778/min ; 2073/6537 batches
[06:08:02]   +5 [matter_file_grounded] ; total=10367 ; rate=779/min ; 2074/6537 batches
[06:08:02]   +5 [matter_file_grounded] ; total=10372 ; rate=779/min ; 2075/6537 batches
[06:08:02]   +5 [matter_file_grounded] ; total=10377 ; rate=779/min ; 2076/6537 batches
[06:08:02]   +5 [matter_file_grounded] ; total=10382 ; rate=780/min ; 2077/6537 batches
[06:08:02]   +5 [matter_file_grounded] ; total=10387 ; rate=780/min ; 2078/6537 batches
[06:08:02]   +5 [matter_file_grounded] ; total=10392 ; rate=780/min ; 2079/6537 batches
[06:08:02]   +5 [matter_file_grounded] ; total=10397 ; rate=781/min ; 2080/6537 batches
[06:08:02]   +5 [matter_file_grounded] ; total=10402 ; rate=781/min ; 2081/6537 batches
[06:08:02]   +5 [matter_file_grounded] ; total=10407 ; rate=781/min ; 2082/6537 batches
[06:08:02]   +5 [matter_file_grounded] ; total=10412 ; rate=782/min ; 2083/6537 batches
[06:08:02]   +5 [matter_file_grounded] (succeeded on retry #1)
[06:08:02]   +5 [matter_file_grounded] ; total=10417 ; rate=782/min ; 2084/6537 batches
[06:08:02]   +5 [matter_file_grounded] ; total=10422 ; rate=782/min ; 2085/6537 batches
[06:08:02]   +5 [matter_file_grounded] ; total=10427 ; rate=783/min ; 2086/6537 batches
[06:08:02]   +5 [matter_file_grounded] ; total=10432 ; rate=783/min ; 2087/6537 batches
[06:08:03]   +5 [matter_file_grounded] ; total=10437 ; rate=783/min ; 2088/6537 batches
[06:08:03]   +5 [matter_file_grounded] ; total=10442 ; rate=784/min ; 2089/6537 batches
[06:08:03]   +5 [matter_file_grounded] ; total=10447 ; rate=784/min ; 2090/6537 batches
[06:08:03]   +5 [matter_file_grounded] ; total=10452 ; rate=784/min ; 2091/6537 batches
[06:08:03]   +5 [matter_file_grounded] ; total=10457 ; rate=785/min ; 2092/6537 batches
[06:08:03]   +5 [matter_file_grounded] ; total=10462 ; rate=785/min ; 2093/6537 batches
[06:08:03]   +5 [matter_file_grounded] ; total=10467 ; rate=785/min ; 2094/6537 batches
[06:08:03]   +5 [matter_file_grounded] ; total=10472 ; rate=786/min ; 2095/6537 batches
[06:08:03]   +5 [matter_file_grounded] ; total=10477 ; rate=786/min ; 2096/6537 batches
[06:08:03]   +5 [matter_file_grounded] ; total=10482 ; rate=786/min ; 2097/6537 batches
[06:08:03]   +5 [matter_file_grounded] ; total=10487 ; rate=787/min ; 2098/6537 batches
[06:08:03]   +5 [matter_file_grounded] ; total=10492 ; rate=787/min ; 2099/6537 batches
[06:08:03]   +5 [matter_file_grounded] ; total=10497 ; rate=788/min ; 2100/6537 batches
[06:08:03]   +5 [matter_file_grounded] ; total=10502 ; rate=788/min ; 2101/6537 batches
[06:08:03]   +5 [matter_file_grounded] ; total=10507 ; rate=788/min ; 2102/6537 batches
[06:08:03]   +5 [matter_file_grounded] ; total=10512 ; rate=789/min ; 2103/6537 batches
[06:08:03]   +5 [matter_file_grounded] ; total=10517 ; rate=789/min ; 2104/6537 batches
[06:08:03]   +5 [matter_file_grounded] ; total=10522 ; rate=789/min ; 2105/6537 batches
[06:08:03]   +5 [matter_file_grounded] ; total=10527 ; rate=790/min ; 2106/6537 batches
[06:08:03]   +5 [matter_file_grounded] ; total=10532 ; rate=790/min ; 2107/6537 batches
[06:08:03]   +5 [matter_file_grounded] ; total=10537 ; rate=790/min ; 2108/6537 batches
[06:08:03]   +5 [matter_file_grounded] ; total=10542 ; rate=791/min ; 2109/6537 batches
[06:08:03]   +5 [matter_file_grounded] ; total=10547 ; rate=791/min ; 2110/6537 batches
[06:08:03]   +5 [matter_file_grounded] ; total=10552 ; rate=791/min ; 2111/6537 batches
[06:08:03]   +5 [matter_file_grounded] ; total=10557 ; rate=792/min ; 2112/6537 batches
[06:08:03]   +5 [matter_file_grounded] ; total=10562 ; rate=792/min ; 2113/6537 batches
[06:08:03]   +5 [matter_file_grounded] ; total=10567 ; rate=792/min ; 2114/6537 batches
[06:08:03]   +5 [matter_file_grounded] ; total=10572 ; rate=793/min ; 2115/6537 batches
[06:08:03]   +5 [matter_file_grounded] ; total=10577 ; rate=793/min ; 2116/6537 batches
[06:08:03]   +5 [matter_file_grounded] ; total=10582 ; rate=793/min ; 2117/6537 batches
[06:08:03]   +5 [matter_file_grounded] ; total=10587 ; rate=794/min ; 2118/6537 batches
[06:08:03]   +5 [matter_file_grounded] ; total=10592 ; rate=794/min ; 2119/6537 batches
[06:08:03]   +5 [matter_file_grounded] ; total=10597 ; rate=794/min ; 2120/6537 batches
[06:08:03]   +5 [matter_file_grounded] ; total=10602 ; rate=795/min ; 2121/6537 batches
[06:08:04]   +5 [matter_file_grounded] ; total=10607 ; rate=795/min ; 2122/6537 batches
[06:08:04]   +5 [matter_file_grounded] ; total=10612 ; rate=795/min ; 2123/6537 batches
[06:08:04]   +5 [matter_file_grounded] ; total=10617 ; rate=796/min ; 2124/6537 batches
[06:08:04]   +5 [matter_file_grounded] ; total=10622 ; rate=796/min ; 2125/6537 batches
[06:08:04]   +5 [matter_file_grounded] ; total=10627 ; rate=796/min ; 2126/6537 batches
[06:08:04]   +5 [matter_file_grounded] ; total=10632 ; rate=797/min ; 2127/6537 batches
[06:08:04]   +5 [matter_file_grounded] ; total=10637 ; rate=797/min ; 2128/6537 batches
[06:08:04]   +5 [matter_file_grounded] ; total=10642 ; rate=797/min ; 2129/6537 batches
[06:08:04]   +5 [matter_file_grounded] ; total=10647 ; rate=798/min ; 2130/6537 batches
[06:08:04]   +5 [matter_file_grounded] ; total=10652 ; rate=798/min ; 2131/6537 batches
[06:08:04]   +5 [matter_file_grounded] ; total=10657 ; rate=798/min ; 2132/6537 batches
[06:08:04]   +5 [matter_file_grounded] ; total=10662 ; rate=799/min ; 2133/6537 batches
[06:08:04]   +5 [matter_file_grounded] ; total=10667 ; rate=799/min ; 2134/6537 batches
[06:08:04]   +5 [matter_file_grounded] ; total=10672 ; rate=799/min ; 2135/6537 batches
[06:08:04]   +5 [matter_file_grounded] ; total=10677 ; rate=800/min ; 2136/6537 batches
[06:08:04]   +5 [matter_file_grounded] ; total=10682 ; rate=800/min ; 2137/6537 batches
[06:08:04]   +5 [matter_file_grounded] ; total=10687 ; rate=800/min ; 2138/6537 batches
[06:08:04]   +5 [matter_file_grounded] ; total=10692 ; rate=801/min ; 2139/6537 batches
[06:08:04]   +5 [matter_file_grounded] ; total=10697 ; rate=801/min ; 2140/6537 batches
[06:08:04]   +5 [matter_file_grounded] ; total=10702 ; rate=801/min ; 2141/6537 batches
[06:08:04]   +5 [matter_file_grounded] ; total=10707 ; rate=802/min ; 2142/6537 batches
[06:08:04]   +5 [matter_file_grounded] ; total=10712 ; rate=802/min ; 2143/6537 batches
[06:08:04]   +5 [matter_file_grounded] ; total=10717 ; rate=802/min ; 2144/6537 batches
[06:08:04]   +5 [matter_file_grounded] ; total=10722 ; rate=803/min ; 2145/6537 batches
[06:08:05]   +5 [matter_file_grounded] ; total=10727 ; rate=803/min ; 2146/6537 batches
[06:08:05]   +5 [matter_file_grounded] ; total=10732 ; rate=803/min ; 2147/6537 batches
[06:08:05]   +5 [matter_file_grounded] ; total=10737 ; rate=804/min ; 2148/6537 batches
[06:08:05]   +5 [matter_file_grounded] ; total=10742 ; rate=804/min ; 2149/6537 batches
[06:08:05]   +5 [matter_file_grounded] ; total=10747 ; rate=804/min ; 2150/6537 batches
[06:08:05]   +5 [matter_file_grounded] ; total=10752 ; rate=805/min ; 2151/6537 batches
[06:08:05]   +5 [matter_file_grounded] ; total=10757 ; rate=805/min ; 2152/6537 batches
[06:08:05]   +5 [matter_file_grounded] ; total=10762 ; rate=806/min ; 2153/6537 batches
[06:08:05]   +5 [matter_file_grounded] ; total=10767 ; rate=806/min ; 2154/6537 batches
[06:08:05]   +5 [matter_file_grounded] ; total=10772 ; rate=806/min ; 2155/6537 batches
[06:08:05]   +5 [matter_file_grounded] ; total=10777 ; rate=806/min ; 2156/6537 batches
[06:08:05]   +5 [matter_file_grounded] ; total=10782 ; rate=807/min ; 2157/6537 batches
[06:08:05]   +5 [matter_file_grounded] ; total=10787 ; rate=807/min ; 2158/6537 batches
[06:08:05]   +5 [matter_file_grounded] ; total=10792 ; rate=807/min ; 2159/6537 batches
[06:08:05]   +5 [matter_file_grounded] ; total=10797 ; rate=808/min ; 2160/6537 batches
[06:08:05]   +5 [matter_file_grounded] ; total=10802 ; rate=808/min ; 2161/6537 batches
[06:08:05]   +5 [matter_file_grounded] ; total=10807 ; rate=809/min ; 2162/6537 batches
[06:08:05]   +5 [matter_file_grounded] ; total=10812 ; rate=809/min ; 2163/6537 batches
[06:08:05]   +5 [matter_file_grounded] ; total=10817 ; rate=809/min ; 2164/6537 batches
[06:08:05]   +5 [matter_file_grounded] ; total=10822 ; rate=810/min ; 2165/6537 batches
[06:08:05]   +5 [matter_file_grounded] ; total=10827 ; rate=810/min ; 2166/6537 batches
[06:08:05]   +5 [matter_file_grounded] ; total=10832 ; rate=810/min ; 2167/6537 batches
[06:08:05]   +5 [matter_file_grounded] ; total=10837 ; rate=811/min ; 2168/6537 batches
[06:08:05]   +5 [matter_file_grounded] ; total=10842 ; rate=811/min ; 2169/6537 batches
[06:08:05]   +5 [matter_file_grounded] ; total=10847 ; rate=811/min ; 2170/6537 batches
[06:08:05]   +5 [matter_file_grounded] ; total=10852 ; rate=812/min ; 2171/6537 batches
[06:08:05]   +5 [matter_file_grounded] ; total=10857 ; rate=812/min ; 2172/6537 batches
[06:08:05]   +5 [matter_file_grounded] ; total=10862 ; rate=812/min ; 2173/6537 batches
[06:08:05]   +5 [matter_file_grounded] ; total=10867 ; rate=813/min ; 2174/6537 batches
[06:08:05]   +5 [matter_file_grounded] ; total=10872 ; rate=813/min ; 2175/6537 batches
[06:08:06]   +5 [matter_file_grounded] ; total=10877 ; rate=813/min ; 2176/6537 batches
[06:08:06]   +5 [matter_file_grounded] ; total=10882 ; rate=814/min ; 2177/6537 batches
[06:08:06]   +5 [matter_file_grounded] ; total=10887 ; rate=814/min ; 2178/6537 batches
[06:08:06]   +5 [matter_file_grounded] ; total=10892 ; rate=814/min ; 2179/6537 batches
[06:08:06]   +5 [matter_file_grounded] ; total=10897 ; rate=815/min ; 2180/6537 batches
[06:08:06]   +5 [matter_file_grounded] ; total=10902 ; rate=815/min ; 2181/6537 batches
[06:08:06]   +5 [matter_file_grounded] ; total=10907 ; rate=815/min ; 2182/6537 batches
[06:08:06]   +5 [matter_file_grounded] ; total=10912 ; rate=816/min ; 2183/6537 batches
[06:08:06]   +5 [matter_file_grounded] ; total=10917 ; rate=816/min ; 2184/6537 batches
[06:08:06]   +5 [matter_file_grounded] ; total=10922 ; rate=816/min ; 2185/6537 batches
[06:08:06]   +5 [matter_file_grounded] ; total=10927 ; rate=817/min ; 2186/6537 batches
[06:08:06]   +5 [matter_file_grounded] ; total=10932 ; rate=817/min ; 2187/6537 batches
[06:08:06]   +5 [matter_file_grounded] ; total=10937 ; rate=817/min ; 2188/6537 batches
[06:08:06]   +5 [matter_file_grounded] ; total=10942 ; rate=818/min ; 2189/6537 batches
[06:08:06]   +5 [matter_file_grounded] ; total=10947 ; rate=818/min ; 2190/6537 batches
[06:08:06]   +5 [matter_file_grounded] ; total=10952 ; rate=818/min ; 2191/6537 batches
[06:08:06]   +5 [matter_file_grounded] ; total=10957 ; rate=819/min ; 2192/6537 batches
[06:08:06]   +5 [matter_file_grounded] ; total=10962 ; rate=819/min ; 2193/6537 batches
[06:08:06]   +5 [matter_file_grounded] ; total=10967 ; rate=819/min ; 2194/6537 batches
[06:08:06]   +5 [matter_file_grounded] ; total=10972 ; rate=820/min ; 2195/6537 batches
[06:08:06]   +5 [matter_file_grounded] ; total=10977 ; rate=820/min ; 2196/6537 batches
[06:08:06]   +5 [matter_file_grounded] ; total=10982 ; rate=820/min ; 2197/6537 batches
[06:08:06]   +5 [matter_file_grounded] ; total=10987 ; rate=821/min ; 2198/6537 batches
[06:08:06]   +5 [matter_file_grounded] ; total=10992 ; rate=821/min ; 2199/6537 batches
[06:08:06]   +5 [matter_file_grounded] ; total=10997 ; rate=821/min ; 2200/6537 batches
[06:08:06]   +5 [matter_file_grounded] ; total=11002 ; rate=822/min ; 2201/6537 batches
[06:08:06]   +5 [matter_file_grounded] ; total=11007 ; rate=822/min ; 2202/6537 batches
[06:08:07]   +5 [matter_file_grounded] ; total=11012 ; rate=822/min ; 2203/6537 batches
[06:08:07]   +5 [matter_file_grounded] ; total=11017 ; rate=823/min ; 2204/6537 batches
[06:08:07]   +5 [matter_file_grounded] ; total=11022 ; rate=823/min ; 2205/6537 batches
[06:08:07]   +5 [matter_file_grounded] ; total=11027 ; rate=823/min ; 2206/6537 batches
[06:08:07]   +5 [matter_file_grounded] ; total=11032 ; rate=824/min ; 2207/6537 batches
[06:08:07]   +5 [matter_file_grounded] ; total=11037 ; rate=824/min ; 2208/6537 batches
[06:08:07]   +5 [matter_file_grounded] ; total=11042 ; rate=824/min ; 2209/6537 batches
[06:08:07]   +5 [matter_file_grounded] ; total=11047 ; rate=825/min ; 2210/6537 batches
[06:08:07]   +5 [matter_file_grounded] ; total=11052 ; rate=825/min ; 2211/6537 batches
[06:08:07]   +5 [matter_file_grounded] ; total=11057 ; rate=825/min ; 2212/6537 batches
[06:08:07]   +5 [matter_file_grounded] ; total=11062 ; rate=826/min ; 2213/6537 batches
[06:08:07]   +5 [matter_file_grounded] ; total=11067 ; rate=826/min ; 2214/6537 batches
[06:08:07]   +5 [matter_file_grounded] ; total=11072 ; rate=826/min ; 2215/6537 batches
[06:08:07]   +5 [matter_file_grounded] ; total=11077 ; rate=827/min ; 2216/6537 batches
[06:08:07]   +5 [matter_file_grounded] ; total=11082 ; rate=827/min ; 2217/6537 batches
[06:08:07]   +5 [matter_file_grounded] ; total=11087 ; rate=827/min ; 2218/6537 batches
[06:08:07]   +5 [matter_file_grounded] ; total=11092 ; rate=828/min ; 2219/6537 batches
[06:08:07]   +5 [matter_file_grounded] ; total=11097 ; rate=828/min ; 2220/6537 batches
[06:08:07]   +5 [matter_file_grounded] ; total=11102 ; rate=828/min ; 2221/6537 batches
[06:08:07]   +5 [matter_file_grounded] ; total=11107 ; rate=829/min ; 2222/6537 batches
[06:08:07]   +5 [matter_file_grounded] ; total=11112 ; rate=829/min ; 2223/6537 batches
[06:08:07]   +5 [matter_file_grounded] ; total=11117 ; rate=829/min ; 2224/6537 batches
[06:08:07]   +5 [matter_file_grounded] ; total=11122 ; rate=830/min ; 2225/6537 batches
[06:08:07]   +5 [matter_file_grounded] ; total=11127 ; rate=830/min ; 2226/6537 batches
[06:08:07]   +5 [matter_file_grounded] ; total=11132 ; rate=830/min ; 2227/6537 batches
[06:08:08]   +5 [matter_file_grounded] ; total=11137 ; rate=831/min ; 2228/6537 batches
[06:08:08]   +5 [matter_file_grounded] ; total=11142 ; rate=831/min ; 2229/6537 batches
[06:08:08]   +5 [matter_file_grounded] ; total=11147 ; rate=831/min ; 2230/6537 batches
[06:08:08]   +5 [matter_file_grounded] ; total=11152 ; rate=832/min ; 2231/6537 batches
[06:08:08]   +5 [matter_file_grounded] ; total=11157 ; rate=832/min ; 2232/6537 batches
[06:08:08]   +5 [matter_file_grounded] ; total=11162 ; rate=832/min ; 2233/6537 batches
[06:08:08]   +5 [matter_file_grounded] ; total=11167 ; rate=833/min ; 2234/6537 batches
[06:08:08]   +5 [matter_file_grounded] ; total=11172 ; rate=833/min ; 2235/6537 batches
[06:08:08]   +5 [matter_file_grounded] ; total=11177 ; rate=833/min ; 2236/6537 batches
[06:08:08]   +5 [matter_file_grounded] ; total=11182 ; rate=834/min ; 2237/6537 batches
[06:08:08]   +5 [matter_file_grounded] ; total=11187 ; rate=834/min ; 2238/6537 batches
[06:08:08]   +5 [matter_file_grounded] ; total=11192 ; rate=834/min ; 2239/6537 batches
[06:08:08]   +5 [matter_file_grounded] ; total=11197 ; rate=835/min ; 2240/6537 batches
[06:08:08]   +5 [matter_file_grounded] ; total=11202 ; rate=835/min ; 2241/6537 batches
[06:08:08]   +5 [matter_file_grounded] ; total=11207 ; rate=835/min ; 2242/6537 batches
[06:08:08]   +5 [matter_file_grounded] ; total=11212 ; rate=836/min ; 2243/6537 batches
[06:08:08]   +5 [matter_file_grounded] ; total=11217 ; rate=836/min ; 2244/6537 batches
[06:08:08]   +5 [matter_file_grounded] ; total=11222 ; rate=836/min ; 2245/6537 batches
[06:08:08]   +5 [matter_file_grounded] ; total=11227 ; rate=837/min ; 2246/6537 batches
[06:08:08]   +5 [matter_file_grounded] ; total=11232 ; rate=837/min ; 2247/6537 batches
[06:08:08]   +5 [matter_file_grounded] ; total=11237 ; rate=837/min ; 2248/6537 batches
[06:08:08]   +5 [matter_file_grounded] ; total=11242 ; rate=838/min ; 2249/6537 batches
[06:08:08]   +5 [matter_file_grounded] ; total=11247 ; rate=838/min ; 2250/6537 batches
[06:08:08]   +5 [matter_file_grounded] ; total=11252 ; rate=838/min ; 2251/6537 batches
[06:08:08]   +5 [matter_file_grounded] ; total=11257 ; rate=839/min ; 2252/6537 batches
[06:08:08]   +5 [matter_file_grounded] ; total=11262 ; rate=839/min ; 2253/6537 batches
[06:08:08]   +5 [matter_file_grounded] ; total=11267 ; rate=839/min ; 2254/6537 batches
[06:08:08]   +5 [matter_file_grounded] ; total=11272 ; rate=840/min ; 2255/6537 batches
[06:08:08]   +5 [matter_file_grounded] ; total=11277 ; rate=840/min ; 2256/6537 batches
[06:08:08]   +5 [matter_file_grounded] ; total=11282 ; rate=840/min ; 2257/6537 batches
[06:08:09]   +5 [matter_file_grounded] ; total=11287 ; rate=841/min ; 2258/6537 batches
[06:08:09]   +5 [matter_file_grounded] ; total=11292 ; rate=841/min ; 2259/6537 batches
[06:08:09]   +5 [matter_file_grounded] ; total=11297 ; rate=842/min ; 2260/6537 batches
[06:08:09]   +5 [matter_file_grounded] ; total=11302 ; rate=842/min ; 2261/6537 batches
[06:08:09]   +5 [matter_file_grounded] ; total=11307 ; rate=842/min ; 2262/6537 batches
[06:08:09]   +5 [matter_file_grounded] ; total=11312 ; rate=843/min ; 2263/6537 batches
[06:08:09]   +5 [matter_file_grounded] ; total=11317 ; rate=843/min ; 2264/6537 batches
[06:08:09]   +5 [matter_file_grounded] ; total=11322 ; rate=843/min ; 2265/6537 batches
[06:08:09]   +5 [matter_file_grounded] ; total=11327 ; rate=844/min ; 2266/6537 batches
[06:08:09]   +5 [matter_file_grounded] ; total=11332 ; rate=844/min ; 2267/6537 batches
[06:08:09]   +5 [matter_file_grounded] ; total=11337 ; rate=844/min ; 2268/6537 batches
[06:08:09]   +5 [matter_file_grounded] ; total=11342 ; rate=845/min ; 2269/6537 batches
[06:08:09]   +5 [matter_file_grounded] ; total=11347 ; rate=845/min ; 2270/6537 batches
[06:08:09]   +5 [matter_file_grounded] ; total=11352 ; rate=845/min ; 2271/6537 batches
[06:08:09]   +5 [matter_file_grounded] ; total=11357 ; rate=846/min ; 2272/6537 batches
[06:08:09]   +5 [matter_file_grounded] ; total=11362 ; rate=846/min ; 2273/6537 batches
[06:08:09]   +5 [matter_file_grounded] ; total=11367 ; rate=846/min ; 2274/6537 batches
[06:08:09]   +5 [matter_file_grounded] ; total=11372 ; rate=847/min ; 2275/6537 batches
[06:08:09]   +5 [matter_file_grounded] ; total=11377 ; rate=847/min ; 2276/6537 batches
[06:08:09]   +5 [matter_file_grounded] ; total=11382 ; rate=847/min ; 2277/6537 batches
[06:08:09]   +5 [matter_file_grounded] ; total=11387 ; rate=848/min ; 2278/6537 batches
[06:08:09]   +5 [matter_file_grounded] ; total=11392 ; rate=848/min ; 2279/6537 batches
[06:08:09]   +5 [matter_file_grounded] ; total=11397 ; rate=848/min ; 2280/6537 batches
[06:08:09]   +5 [matter_file_grounded] ; total=11402 ; rate=849/min ; 2281/6537 batches
[06:08:09]   +5 [matter_file_grounded] ; total=11407 ; rate=849/min ; 2282/6537 batches
[06:08:09]   +5 [matter_file_grounded] ; total=11412 ; rate=849/min ; 2283/6537 batches
[06:08:09]   +5 [matter_file_grounded] ; total=11417 ; rate=850/min ; 2284/6537 batches
[06:08:09]   +5 [matter_file_grounded] ; total=11422 ; rate=850/min ; 2285/6537 batches
[06:08:09]   +5 [matter_file_grounded] ; total=11427 ; rate=850/min ; 2286/6537 batches
[06:08:09]   +5 [matter_file_grounded] ; total=11432 ; rate=851/min ; 2287/6537 batches
[06:08:09]   +5 [matter_file_grounded] ; total=11437 ; rate=851/min ; 2288/6537 batches
[06:08:09]   +5 [matter_file_grounded] ; total=11442 ; rate=851/min ; 2289/6537 batches
[06:08:09]   +5 [matter_file_grounded] ; total=11447 ; rate=852/min ; 2290/6537 batches
[06:08:10]   +5 [matter_file_grounded] ; total=11452 ; rate=852/min ; 2291/6537 batches
[06:08:10]   +5 [matter_file_grounded] ; total=11457 ; rate=852/min ; 2292/6537 batches
[06:08:10]   +5 [matter_file_grounded] ; total=11462 ; rate=853/min ; 2293/6537 batches
[06:08:10]   +5 [matter_file_grounded] ; total=11467 ; rate=853/min ; 2294/6537 batches
[06:08:10]   +5 [matter_file_grounded] ; total=11472 ; rate=853/min ; 2295/6537 batches
[06:08:10]   +5 [matter_file_grounded] ; total=11477 ; rate=854/min ; 2296/6537 batches
[06:08:10]   +5 [matter_file_grounded] ; total=11482 ; rate=854/min ; 2297/6537 batches
[06:08:10]   +5 [matter_file_grounded] ; total=11487 ; rate=854/min ; 2298/6537 batches
[06:08:10]   +5 [matter_file_grounded] ; total=11492 ; rate=855/min ; 2299/6537 batches
[06:08:10]   +5 [matter_file_grounded] ; total=11497 ; rate=855/min ; 2300/6537 batches
[06:08:10]   +5 [matter_file_grounded] ; total=11502 ; rate=855/min ; 2301/6537 batches
[06:08:10]   +5 [matter_file_grounded] ; total=11507 ; rate=856/min ; 2302/6537 batches
[06:08:10]   +5 [matter_file_grounded] ; total=11512 ; rate=856/min ; 2303/6537 batches
[06:08:10]   +5 [matter_file_grounded] ; total=11517 ; rate=856/min ; 2304/6537 batches
[06:08:10]   +5 [matter_file_grounded] ; total=11522 ; rate=857/min ; 2305/6537 batches
[06:08:10]   +5 [matter_file_grounded] ; total=11527 ; rate=857/min ; 2306/6537 batches
[06:08:10]   +5 [matter_file_grounded] ; total=11532 ; rate=857/min ; 2307/6537 batches
[06:08:10]   +5 [matter_file_grounded] ; total=11537 ; rate=858/min ; 2308/6537 batches
[06:08:10]   +5 [matter_file_grounded] ; total=11542 ; rate=858/min ; 2309/6537 batches
[06:08:10]   +5 [matter_file_grounded] ; total=11547 ; rate=859/min ; 2310/6537 batches
[06:08:10]   +5 [matter_file_grounded] ; total=11552 ; rate=859/min ; 2311/6537 batches
[06:08:10]   +5 [matter_file_grounded] ; total=11557 ; rate=859/min ; 2312/6537 batches
[06:08:10]   +5 [matter_file_grounded] ; total=11562 ; rate=860/min ; 2313/6537 batches
[06:08:10]   +5 [matter_file_grounded] ; total=11567 ; rate=860/min ; 2314/6537 batches
[06:08:10]   +5 [matter_file_grounded] ; total=11572 ; rate=860/min ; 2315/6537 batches
[06:08:10]   +5 [matter_file_grounded] ; total=11577 ; rate=861/min ; 2316/6537 batches
[06:08:10]   +5 [matter_file_grounded] ; total=11582 ; rate=861/min ; 2317/6537 batches
[06:08:10]   +5 [matter_file_grounded] ; total=11587 ; rate=861/min ; 2318/6537 batches
[06:08:10]   +5 [matter_file_grounded] ; total=11592 ; rate=862/min ; 2319/6537 batches
[06:08:10]   +5 [matter_file_grounded] ; total=11597 ; rate=862/min ; 2320/6537 batches
[06:08:10]   +5 [matter_file_grounded] ; total=11602 ; rate=862/min ; 2321/6537 batches
[06:08:10]   +5 [matter_file_grounded] ; total=11607 ; rate=863/min ; 2322/6537 batches
[06:08:10]   +5 [matter_file_grounded] ; total=11612 ; rate=863/min ; 2323/6537 batches
[06:08:10]   +5 [matter_file_grounded] ; total=11617 ; rate=863/min ; 2324/6537 batches
[06:08:11]   +5 [matter_file_grounded] ; total=11622 ; rate=864/min ; 2325/6537 batches
[06:08:11]   +5 [matter_file_grounded] ; total=11627 ; rate=864/min ; 2326/6537 batches
[06:08:11]   +5 [matter_file_grounded] ; total=11632 ; rate=864/min ; 2327/6537 batches
[06:08:11]   +5 [matter_file_grounded] ; total=11637 ; rate=865/min ; 2328/6537 batches
[06:08:11]   +5 [matter_file_grounded] ; total=11642 ; rate=865/min ; 2329/6537 batches
[06:08:11]   +5 [matter_file_grounded] ; total=11647 ; rate=865/min ; 2330/6537 batches
[06:08:11]   +5 [matter_file_grounded] ; total=11652 ; rate=866/min ; 2331/6537 batches
[06:08:11]   +5 [matter_file_grounded] ; total=11657 ; rate=866/min ; 2332/6537 batches
[06:08:11]   +5 [matter_file_grounded] ; total=11662 ; rate=866/min ; 2333/6537 batches
[06:08:11]   +5 [matter_file_grounded] ; total=11667 ; rate=867/min ; 2334/6537 batches
[06:08:11]   +5 [matter_file_grounded] ; total=11672 ; rate=867/min ; 2335/6537 batches
[06:08:11]   +5 [matter_file_grounded] ; total=11677 ; rate=867/min ; 2336/6537 batches
[06:08:11]   +5 [matter_file_grounded] ; total=11682 ; rate=868/min ; 2337/6537 batches
[06:08:11]   +5 [matter_file_grounded] ; total=11687 ; rate=868/min ; 2338/6537 batches
[06:08:11]   +5 [matter_file_grounded] ; total=11692 ; rate=868/min ; 2339/6537 batches
[06:08:11]   +5 [matter_file_grounded] ; total=11697 ; rate=868/min ; 2340/6537 batches
[06:08:11]   +5 [matter_file_grounded] ; total=11702 ; rate=869/min ; 2341/6537 batches
[06:08:11]   +5 [matter_file_grounded] ; total=11707 ; rate=869/min ; 2342/6537 batches
[06:08:11]   +5 [matter_file_grounded] ; total=11712 ; rate=869/min ; 2343/6537 batches
[06:08:11]   +5 [matter_file_grounded] ; total=11717 ; rate=870/min ; 2344/6537 batches
[06:08:11]   +5 [matter_file_grounded] ; total=11722 ; rate=870/min ; 2345/6537 batches
[06:08:11]   +5 [matter_file_grounded] ; total=11727 ; rate=871/min ; 2346/6537 batches
[06:08:11]   +5 [matter_file_grounded] ; total=11732 ; rate=871/min ; 2347/6537 batches
[06:08:11]   +5 [matter_file_grounded] ; total=11737 ; rate=871/min ; 2348/6537 batches
[06:08:11]   +5 [matter_file_grounded] ; total=11742 ; rate=871/min ; 2349/6537 batches
[06:08:11]   +5 [matter_file_grounded] ; total=11747 ; rate=872/min ; 2350/6537 batches
[06:08:12]   +5 [matter_file_grounded] ; total=11752 ; rate=872/min ; 2351/6537 batches
[06:08:12]   +5 [matter_file_grounded] ; total=11757 ; rate=872/min ; 2352/6537 batches
[06:08:12]   +5 [matter_file_grounded] ; total=11762 ; rate=873/min ; 2353/6537 batches
[06:08:12]   +5 [matter_file_grounded] ; total=11767 ; rate=873/min ; 2354/6537 batches
[06:08:12]   +5 [matter_file_grounded] ; total=11772 ; rate=873/min ; 2355/6537 batches
[06:08:12]   +5 [matter_file_grounded] ; total=11777 ; rate=874/min ; 2356/6537 batches
[06:08:12]   +5 [matter_file_grounded] ; total=11782 ; rate=874/min ; 2357/6537 batches
[06:08:12]   +5 [matter_file_grounded] ; total=11787 ; rate=874/min ; 2358/6537 batches
[06:08:12]   +5 [matter_file_grounded] ; total=11792 ; rate=875/min ; 2359/6537 batches
[06:08:12]   +5 [matter_file_grounded] ; total=11797 ; rate=875/min ; 2360/6537 batches
[06:08:12]   +5 [matter_file_grounded] ; total=11802 ; rate=875/min ; 2361/6537 batches
[06:08:12]   +5 [matter_file_grounded] ; total=11807 ; rate=876/min ; 2362/6537 batches
[06:08:12]   +5 [matter_file_grounded] ; total=11812 ; rate=876/min ; 2363/6537 batches
[06:08:12]   +5 [matter_file_grounded] ; total=11817 ; rate=876/min ; 2364/6537 batches
[06:08:12]   +5 [matter_file_grounded] ; total=11822 ; rate=877/min ; 2365/6537 batches
[06:08:12]   +5 [matter_file_grounded] ; total=11827 ; rate=877/min ; 2366/6537 batches
[06:08:12]   +5 [matter_file_grounded] ; total=11832 ; rate=877/min ; 2367/6537 batches
[06:08:12]   +5 [matter_file_grounded] ; total=11837 ; rate=878/min ; 2368/6537 batches
[06:08:12]   +5 [matter_file_grounded] ; total=11842 ; rate=878/min ; 2369/6537 batches
[06:08:12]   +5 [matter_file_grounded] ; total=11847 ; rate=878/min ; 2370/6537 batches
[06:08:12]   +5 [matter_file_grounded] ; total=11852 ; rate=879/min ; 2371/6537 batches
[06:08:12]   +5 [matter_file_grounded] ; total=11857 ; rate=879/min ; 2372/6537 batches
[06:08:12]   +5 [matter_file_grounded] ; total=11862 ; rate=879/min ; 2373/6537 batches
[06:08:12]   +5 [matter_file_grounded] ; total=11867 ; rate=880/min ; 2374/6537 batches
[06:08:12]   +5 [matter_file_grounded] ; total=11872 ; rate=880/min ; 2375/6537 batches
[06:08:12]   +5 [matter_file_grounded] ; total=11877 ; rate=880/min ; 2376/6537 batches
[06:08:12]   +5 [matter_file_grounded] ; total=11882 ; rate=881/min ; 2377/6537 batches
[06:08:12]   +5 [matter_file_grounded] ; total=11887 ; rate=881/min ; 2378/6537 batches
[06:08:13]   +5 [matter_file_grounded] ; total=11892 ; rate=881/min ; 2379/6537 batches
[06:08:13]   +5 [matter_file_grounded] ; total=11897 ; rate=882/min ; 2380/6537 batches
[06:08:13]   +5 [matter_file_grounded] ; total=11902 ; rate=882/min ; 2381/6537 batches
[06:08:13]   +5 [matter_file_grounded] ; total=11907 ; rate=883/min ; 2382/6537 batches
[06:08:13]   +5 [matter_file_grounded] ; total=11912 ; rate=883/min ; 2383/6537 batches
[06:08:13]   +5 [matter_file_grounded] ; total=11917 ; rate=883/min ; 2384/6537 batches
[06:08:13]   +5 [matter_file_grounded] ; total=11922 ; rate=884/min ; 2385/6537 batches
[06:08:13]   +5 [matter_file_grounded] ; total=11927 ; rate=884/min ; 2386/6537 batches
[06:08:13]   +5 [matter_file_grounded] ; total=11932 ; rate=884/min ; 2387/6537 batches
[06:08:13]   +5 [matter_file_grounded] ; total=11937 ; rate=885/min ; 2388/6537 batches
[06:08:13]   +5 [matter_file_grounded] ; total=11942 ; rate=885/min ; 2389/6537 batches
[06:08:13]   +5 [matter_file_grounded] ; total=11947 ; rate=885/min ; 2390/6537 batches
[06:08:13]   +5 [matter_file_grounded] ; total=11952 ; rate=886/min ; 2391/6537 batches
[06:08:13]   +5 [matter_file_grounded] ; total=11957 ; rate=886/min ; 2392/6537 batches
[06:08:13]   +5 [matter_file_grounded] ; total=11962 ; rate=886/min ; 2393/6537 batches
[06:08:13]   +5 [matter_file_grounded] ; total=11967 ; rate=887/min ; 2394/6537 batches
[06:08:13]   +5 [matter_file_grounded] ; total=11972 ; rate=887/min ; 2395/6537 batches
[06:08:13]   +5 [matter_file_grounded] ; total=11977 ; rate=887/min ; 2396/6537 batches
[06:08:13]   +5 [matter_file_grounded] ; total=11982 ; rate=888/min ; 2397/6537 batches
[06:08:13]   +5 [matter_file_grounded] ; total=11987 ; rate=888/min ; 2398/6537 batches
[06:08:13]   +5 [matter_file_grounded] ; total=11992 ; rate=888/min ; 2399/6537 batches
[06:08:13]   +5 [matter_file_grounded] ; total=11997 ; rate=889/min ; 2400/6537 batches
[06:08:13]   +5 [matter_file_grounded] ; total=12002 ; rate=889/min ; 2401/6537 batches
[06:08:13]   +5 [matter_file_grounded] ; total=12007 ; rate=889/min ; 2402/6537 batches
[06:08:13]   +5 [matter_file_grounded] ; total=12012 ; rate=890/min ; 2403/6537 batches
[06:08:13]   +5 [matter_file_grounded] ; total=12017 ; rate=890/min ; 2404/6537 batches
[06:08:13]   +5 [matter_file_grounded] ; total=12022 ; rate=890/min ; 2405/6537 batches
[06:08:13]   +5 [matter_file_grounded] ; total=12027 ; rate=891/min ; 2406/6537 batches
[06:08:13]   +5 [matter_file_grounded] ; total=12032 ; rate=891/min ; 2407/6537 batches
[06:08:13]   +5 [matter_file_grounded] ; total=12037 ; rate=891/min ; 2408/6537 batches
[06:08:13]   +5 [matter_file_grounded] ; total=12042 ; rate=892/min ; 2409/6537 batches
[06:08:13]   +5 [matter_file_grounded] ; total=12047 ; rate=892/min ; 2410/6537 batches
[06:08:13]   +5 [matter_file_grounded] ; total=12052 ; rate=892/min ; 2411/6537 batches
[06:08:13]   +5 [matter_file_grounded] ; total=12057 ; rate=893/min ; 2412/6537 batches
[06:08:13]   +5 [matter_file_grounded] ; total=12062 ; rate=893/min ; 2413/6537 batches
[06:08:13]   +5 [matter_file_grounded] ; total=12067 ; rate=893/min ; 2414/6537 batches
[06:08:13]   +5 [matter_file_grounded] ; total=12072 ; rate=894/min ; 2415/6537 batches
[06:08:14]   +5 [matter_file_grounded] ; total=12077 ; rate=894/min ; 2416/6537 batches
[06:08:14]   +5 [matter_file_grounded] ; total=12082 ; rate=894/min ; 2417/6537 batches
[06:08:14]   +5 [matter_file_grounded] ; total=12087 ; rate=895/min ; 2418/6537 batches
[06:08:14]   +5 [matter_file_grounded] ; total=12092 ; rate=895/min ; 2419/6537 batches
[06:08:14]   +5 [matter_file_grounded] ; total=12097 ; rate=895/min ; 2420/6537 batches
[06:08:14]   +5 [matter_file_grounded] ; total=12102 ; rate=896/min ; 2421/6537 batches
[06:08:14]   +5 [matter_file_grounded] ; total=12107 ; rate=896/min ; 2422/6537 batches
[06:08:14]   +5 [matter_file_grounded] ; total=12112 ; rate=896/min ; 2423/6537 batches
[06:08:14]   +5 [matter_file_grounded] ; total=12117 ; rate=897/min ; 2424/6537 batches
[06:08:14]   +5 [matter_file_grounded] ; total=12122 ; rate=897/min ; 2425/6537 batches
[06:08:14]   +5 [matter_file_grounded] ; total=12127 ; rate=897/min ; 2426/6537 batches
[06:08:14]   +5 [matter_file_grounded] ; total=12132 ; rate=898/min ; 2427/6537 batches
[06:08:14]   +5 [matter_file_grounded] ; total=12137 ; rate=898/min ; 2428/6537 batches
[06:08:14]   +5 [matter_file_grounded] ; total=12142 ; rate=898/min ; 2429/6537 batches
[06:08:14]   +5 [matter_file_grounded] ; total=12147 ; rate=899/min ; 2430/6537 batches
[06:08:14]   +5 [matter_file_grounded] ; total=12152 ; rate=899/min ; 2431/6537 batches
[06:08:14]   +5 [matter_file_grounded] ; total=12157 ; rate=899/min ; 2432/6537 batches
[06:08:14]   +5 [matter_file_grounded] ; total=12162 ; rate=900/min ; 2433/6537 batches
[06:08:14]   +5 [matter_file_grounded] ; total=12167 ; rate=900/min ; 2434/6537 batches
[06:08:14]   +5 [matter_file_grounded] ; total=12172 ; rate=901/min ; 2435/6537 batches
[06:08:14]   +5 [matter_file_grounded] ; total=12177 ; rate=901/min ; 2436/6537 batches
[06:08:14]   +5 [matter_file_grounded] ; total=12182 ; rate=901/min ; 2437/6537 batches
[06:08:14]   +5 [matter_file_grounded] ; total=12187 ; rate=901/min ; 2438/6537 batches
[06:08:14]   +5 [matter_file_grounded] ; total=12192 ; rate=902/min ; 2439/6537 batches
[06:08:14]   +5 [matter_file_grounded] ; total=12197 ; rate=902/min ; 2440/6537 batches
[06:08:14]   +5 [matter_file_grounded] ; total=12202 ; rate=903/min ; 2441/6537 batches
[06:08:14]   +5 [matter_file_grounded] ; total=12207 ; rate=903/min ; 2442/6537 batches
[06:08:14]   +5 [matter_file_grounded] ; total=12212 ; rate=903/min ; 2443/6537 batches
[06:08:14]   +5 [matter_file_grounded] ; total=12217 ; rate=904/min ; 2444/6537 batches
[06:08:14]   +5 [matter_file_grounded] ; total=12222 ; rate=904/min ; 2445/6537 batches
[06:08:14]   +5 [matter_file_grounded] ; total=12227 ; rate=904/min ; 2446/6537 batches
[06:08:14]   +5 [matter_file_grounded] ; total=12232 ; rate=905/min ; 2447/6537 batches
[06:08:14]   +5 [matter_file_grounded] ; total=12237 ; rate=905/min ; 2448/6537 batches
[06:08:15]   +5 [matter_file_grounded] ; total=12242 ; rate=905/min ; 2449/6537 batches
[06:08:15]   +5 [matter_file_grounded] ; total=12247 ; rate=906/min ; 2450/6537 batches
[06:08:15]   +5 [matter_file_grounded] ; total=12252 ; rate=906/min ; 2451/6537 batches
[06:08:15]   +5 [matter_file_grounded] ; total=12257 ; rate=906/min ; 2452/6537 batches
[06:08:15]   +5 [matter_file_grounded] ; total=12262 ; rate=907/min ; 2453/6537 batches
[06:08:15]   +5 [matter_file_grounded] ; total=12267 ; rate=907/min ; 2454/6537 batches
[06:08:15]   +5 [matter_file_grounded] ; total=12272 ; rate=907/min ; 2455/6537 batches
[06:08:15]   +5 [matter_file_grounded] ; total=12277 ; rate=908/min ; 2456/6537 batches
[06:08:15]   +5 [matter_file_grounded] ; total=12282 ; rate=908/min ; 2457/6537 batches
[06:08:15]   +5 [matter_file_grounded] ; total=12287 ; rate=908/min ; 2458/6537 batches
[06:08:15]   +5 [matter_file_grounded] ; total=12292 ; rate=909/min ; 2459/6537 batches
[06:08:15]   +5 [matter_file_grounded] ; total=12297 ; rate=909/min ; 2460/6537 batches
[06:08:15]   +5 [matter_file_grounded] ; total=12302 ; rate=909/min ; 2461/6537 batches
[06:08:15]   +5 [matter_file_grounded] ; total=12307 ; rate=910/min ; 2462/6537 batches
[06:08:15]   +5 [matter_file_grounded] ; total=12312 ; rate=910/min ; 2463/6537 batches
[06:08:15]   +5 [matter_file_grounded] ; total=12317 ; rate=910/min ; 2464/6537 batches
[06:08:15]   +5 [matter_file_grounded] ; total=12322 ; rate=911/min ; 2465/6537 batches
[06:08:15]   +5 [matter_file_grounded] ; total=12327 ; rate=911/min ; 2466/6537 batches
[06:08:15]   +5 [matter_file_grounded] ; total=12332 ; rate=911/min ; 2467/6537 batches
[06:08:15]   +5 [matter_file_grounded] ; total=12337 ; rate=912/min ; 2468/6537 batches
[06:08:15]   +5 [matter_file_grounded] ; total=12342 ; rate=912/min ; 2469/6537 batches
[06:08:15]   +5 [matter_file_grounded] ; total=12347 ; rate=912/min ; 2470/6537 batches
[06:08:15]   +5 [matter_file_grounded] ; total=12352 ; rate=913/min ; 2471/6537 batches
[06:08:15]   +5 [matter_file_grounded] ; total=12357 ; rate=913/min ; 2472/6537 batches
[06:08:15]   +5 [matter_file_grounded] ; total=12362 ; rate=913/min ; 2473/6537 batches
[06:08:15]   +5 [matter_file_grounded] ; total=12367 ; rate=913/min ; 2474/6537 batches
[06:08:15]   +5 [matter_file_grounded] ; total=12372 ; rate=914/min ; 2475/6537 batches
[06:08:16]   +5 [matter_file_grounded] ; total=12377 ; rate=914/min ; 2476/6537 batches
[06:08:16]   +5 [matter_file_grounded] ; total=12382 ; rate=914/min ; 2477/6537 batches
[06:08:16]   +5 [matter_file_grounded] ; total=12387 ; rate=915/min ; 2478/6537 batches
[06:08:16]   +5 [matter_file_grounded] ; total=12392 ; rate=915/min ; 2479/6537 batches
[06:08:16]   +5 [matter_file_grounded] ; total=12397 ; rate=915/min ; 2480/6537 batches
[06:08:16]   +5 [matter_file_grounded] ; total=12402 ; rate=916/min ; 2481/6537 batches
[06:08:16]   +5 [matter_file_grounded] ; total=12407 ; rate=916/min ; 2482/6537 batches
[06:08:16]   +5 [matter_file_grounded] ; total=12412 ; rate=916/min ; 2483/6537 batches
[06:08:16]   +5 [matter_file_grounded] ; total=12417 ; rate=916/min ; 2484/6537 batches
[06:08:16]   +5 [matter_file_grounded] ; total=12422 ; rate=917/min ; 2485/6537 batches
[06:08:16]   +5 [matter_file_grounded] ; total=12427 ; rate=917/min ; 2486/6537 batches
[06:08:16]   +5 [matter_file_grounded] ; total=12432 ; rate=917/min ; 2487/6537 batches
[06:08:16]   +5 [matter_file_grounded] ; total=12437 ; rate=918/min ; 2488/6537 batches
[06:08:16]   +5 [matter_file_grounded] ; total=12442 ; rate=918/min ; 2489/6537 batches
[06:08:16]   +5 [matter_file_grounded] ; total=12447 ; rate=918/min ; 2490/6537 batches
[06:08:16]   +5 [matter_file_grounded] ; total=12452 ; rate=919/min ; 2491/6537 batches
[06:08:17]   +5 [matter_file_grounded] ; total=12457 ; rate=919/min ; 2492/6537 batches
[06:08:17]   +5 [matter_file_grounded] ; total=12462 ; rate=919/min ; 2493/6537 batches
[06:08:17]   +5 [matter_file_grounded] ; total=12467 ; rate=920/min ; 2494/6537 batches
[06:08:17]   +5 [matter_file_grounded] ; total=12472 ; rate=920/min ; 2495/6537 batches
[06:08:17]   +5 [matter_file_grounded] ; total=12477 ; rate=920/min ; 2496/6537 batches
[06:08:17]   +5 [matter_file_grounded] ; total=12482 ; rate=920/min ; 2497/6537 batches
[06:08:17]   +5 [matter_file_grounded] ; total=12487 ; rate=921/min ; 2498/6537 batches
[06:08:17]   +5 [matter_file_grounded] ; total=12492 ; rate=921/min ; 2499/6537 batches
[06:08:17]   +5 [matter_file_grounded] ; total=12497 ; rate=921/min ; 2500/6537 batches
[06:08:17]   +5 [matter_file_grounded] ; total=12502 ; rate=922/min ; 2501/6537 batches
[06:08:17]   +5 [matter_file_grounded] ; total=12507 ; rate=922/min ; 2502/6537 batches
[06:08:17]   +5 [matter_file_grounded] ; total=12512 ; rate=922/min ; 2503/6537 batches
[06:08:17]   +5 [matter_file_grounded] ; total=12517 ; rate=923/min ; 2504/6537 batches
[06:08:17]   +5 [matter_file_grounded] ; total=12522 ; rate=923/min ; 2505/6537 batches
[06:08:17]   +5 [matter_file_grounded] ; total=12527 ; rate=923/min ; 2506/6537 batches
[06:08:17]   +5 [matter_file_grounded] ; total=12532 ; rate=924/min ; 2507/6537 batches
[06:08:17]   +5 [matter_file_grounded] ; total=12537 ; rate=924/min ; 2508/6537 batches
[06:08:17]   +5 [matter_file_grounded] ; total=12542 ; rate=924/min ; 2509/6537 batches
[06:08:17]   +5 [matter_file_grounded] ; total=12547 ; rate=925/min ; 2510/6537 batches
[06:08:17]   +5 [matter_file_grounded] ; total=12552 ; rate=925/min ; 2511/6537 batches
[06:08:17]   +5 [matter_file_grounded] ; total=12557 ; rate=925/min ; 2512/6537 batches
[06:08:17]   +5 [matter_file_grounded] ; total=12562 ; rate=926/min ; 2513/6537 batches
[06:08:17]   +5 [matter_file_grounded] ; total=12567 ; rate=926/min ; 2514/6537 batches
[06:08:17]   +5 [matter_file_grounded] ; total=12572 ; rate=926/min ; 2515/6537 batches
[06:08:17]   +5 [matter_file_grounded] ; total=12577 ; rate=927/min ; 2516/6537 batches
[06:08:17]   +5 [matter_file_grounded] ; total=12582 ; rate=927/min ; 2517/6537 batches
[06:08:17]   +5 [matter_file_grounded] ; total=12587 ; rate=928/min ; 2518/6537 batches
[06:08:17]   +5 [matter_file_grounded] ; total=12592 ; rate=928/min ; 2519/6537 batches
[06:08:17]   +5 [matter_file_grounded] ; total=12597 ; rate=928/min ; 2520/6537 batches
[06:08:17]   +5 [matter_file_grounded] ; total=12602 ; rate=928/min ; 2521/6537 batches
[06:08:17]   +5 [matter_file_grounded] ; total=12607 ; rate=929/min ; 2522/6537 batches
[06:08:17]   +5 [matter_file_grounded] ; total=12612 ; rate=929/min ; 2523/6537 batches
[06:08:17]   +5 [matter_file_grounded] ; total=12617 ; rate=930/min ; 2524/6537 batches
[06:08:18]   +5 [matter_file_grounded] ; total=12622 ; rate=930/min ; 2525/6537 batches
[06:08:18]   +5 [matter_file_grounded] ; total=12627 ; rate=930/min ; 2526/6537 batches
[06:08:18]   +5 [matter_file_grounded] ; total=12632 ; rate=931/min ; 2527/6537 batches
[06:08:18]   +5 [matter_file_grounded] ; total=12637 ; rate=931/min ; 2528/6537 batches
[06:08:18]   +5 [matter_file_grounded] ; total=12642 ; rate=931/min ; 2529/6537 batches
[06:08:18]   +5 [matter_file_grounded] ; total=12647 ; rate=931/min ; 2530/6537 batches
[06:08:18]   +5 [matter_file_grounded] ; total=12652 ; rate=932/min ; 2531/6537 batches
[06:08:18]   +5 [matter_file_grounded] ; total=12657 ; rate=932/min ; 2532/6537 batches
[06:08:18]   +5 [matter_file_grounded] ; total=12662 ; rate=933/min ; 2533/6537 batches
[06:08:18]   +5 [matter_file_grounded] ; total=12667 ; rate=933/min ; 2534/6537 batches
[06:08:18]   +5 [matter_file_grounded] ; total=12672 ; rate=933/min ; 2535/6537 batches
[06:08:18]   +5 [matter_file_grounded] ; total=12677 ; rate=934/min ; 2536/6537 batches
[06:08:18]   +5 [matter_file_grounded] ; total=12682 ; rate=934/min ; 2537/6537 batches
[06:08:18]   +5 [matter_file_grounded] ; total=12687 ; rate=934/min ; 2538/6537 batches
[06:08:18]   +5 [matter_file_grounded] ; total=12692 ; rate=935/min ; 2539/6537 batches
[06:08:18]   +5 [matter_file_grounded] ; total=12697 ; rate=935/min ; 2540/6537 batches
[06:08:18]   +5 [matter_file_grounded] ; total=12702 ; rate=935/min ; 2541/6537 batches
[06:08:18]   +5 [matter_file_grounded] ; total=12707 ; rate=936/min ; 2542/6537 batches
[06:08:18]   +5 [matter_file_grounded] ; total=12712 ; rate=936/min ; 2543/6537 batches
[06:08:18]   +5 [matter_file_grounded] ; total=12717 ; rate=936/min ; 2544/6537 batches
[06:08:18]   +5 [matter_file_grounded] ; total=12722 ; rate=937/min ; 2545/6537 batches
[06:08:18]   +5 [matter_file_grounded] ; total=12727 ; rate=937/min ; 2546/6537 batches
[06:08:18]   +5 [matter_file_grounded] ; total=12732 ; rate=937/min ; 2547/6537 batches
[06:08:18]   +5 [matter_file_grounded] ; total=12737 ; rate=938/min ; 2548/6537 batches
[06:08:18]   +5 [matter_file_grounded] ; total=12742 ; rate=938/min ; 2549/6537 batches
[06:08:18]   +5 [matter_file_grounded] ; total=12747 ; rate=938/min ; 2550/6537 batches
[06:08:18]   +5 [matter_file_grounded] ; total=12752 ; rate=939/min ; 2551/6537 batches
[06:08:18]   +5 [matter_file_grounded] ; total=12757 ; rate=939/min ; 2552/6537 batches
[06:08:18]   +5 [matter_file_grounded] ; total=12762 ; rate=939/min ; 2553/6537 batches
[06:08:18]   +5 [matter_file_grounded] ; total=12767 ; rate=940/min ; 2554/6537 batches
[06:08:18]   +5 [matter_file_grounded] ; total=12772 ; rate=940/min ; 2555/6537 batches
[06:08:18]   +5 [matter_file_grounded] ; total=12777 ; rate=940/min ; 2556/6537 batches
[06:08:18]   +5 [matter_file_grounded] ; total=12782 ; rate=941/min ; 2557/6537 batches
[06:08:18]   +5 [matter_file_grounded] ; total=12787 ; rate=941/min ; 2558/6537 batches
[06:08:18]   +5 [matter_file_grounded] ; total=12792 ; rate=941/min ; 2559/6537 batches
[06:08:19]   +5 [matter_file_grounded] ; total=12797 ; rate=942/min ; 2560/6537 batches
[06:08:19]   +5 [matter_file_grounded] ; total=12802 ; rate=942/min ; 2561/6537 batches
[06:08:19]   +5 [matter_file_grounded] ; total=12807 ; rate=942/min ; 2562/6537 batches
[06:08:19]   +5 [matter_file_grounded] ; total=12812 ; rate=943/min ; 2563/6537 batches
[06:08:19]   +5 [matter_file_grounded] ; total=12817 ; rate=943/min ; 2564/6537 batches
[06:08:19]   +5 [matter_file_grounded] ; total=12822 ; rate=943/min ; 2565/6537 batches
[06:08:19]   +5 [matter_file_grounded] ; total=12827 ; rate=944/min ; 2566/6537 batches
[06:08:50]   +3 [matter_file_grounded] ; total=12830 ; rate=908/min ; 2567/6537 batches
[06:08:55]   +5 [adverse_authority_handling] ; total=12835 ; rate=903/min ; 2568/6537 batches
[06:09:04]   +5 [adverse_authority_handling] ; total=12840 ; rate=894/min ; 2569/6537 batches
[06:09:10]   +5 [adverse_authority_handling] ; total=12845 ; rate=889/min ; 2570/6537 batches
[06:09:28]   +5 [adverse_authority_handling] ; total=12850 ; rate=872/min ; 2571/6537 batches
[06:09:35]   +5 [adverse_authority_handling] ; total=12855 ; rate=864/min ; 2572/6537 batches
[06:09:51]   +5 [adverse_authority_handling] ; total=12860 ; rate=850/min ; 2573/6537 batches
[06:09:59]   +5 [adverse_authority_handling] ; total=12865 ; rate=842/min ; 2574/6537 batches
[06:10:09]   +5 [adverse_authority_handling] ; total=12870 ; rate=834/min ; 2575/6537 batches
[06:10:22]   +5 [adverse_authority_handling] ; total=12875 ; rate=822/min ; 2576/6537 batches
[06:10:48]   +5 [adverse_authority_handling] ; total=12880 ; rate=801/min ; 2577/6537 batches
[06:10:48]   +5 [adverse_authority_handling] ; total=12885 ; rate=801/min ; 2578/6537 batches
[06:10:48]   +5 [adverse_authority_handling] ; total=12890 ; rate=802/min ; 2579/6537 batches
[06:10:48]   +5 [adverse_authority_handling] ; total=12895 ; rate=802/min ; 2580/6537 batches
[06:10:48]   +5 [adverse_authority_handling] ; total=12900 ; rate=802/min ; 2581/6537 batches
[06:10:48]   +5 [adverse_authority_handling] ; total=12905 ; rate=802/min ; 2582/6537 batches
[06:10:48]   +5 [adverse_authority_handling] ; total=12910 ; rate=803/min ; 2583/6537 batches
[06:10:48]   +5 [adverse_authority_handling] ; total=12915 ; rate=803/min ; 2584/6537 batches
[06:10:48]   +5 [adverse_authority_handling] ; total=12920 ; rate=803/min ; 2585/6537 batches
[06:10:48]   +5 [adverse_authority_handling] ; total=12925 ; rate=803/min ; 2586/6537 batches
[06:10:56]   +5 [adverse_authority_handling] ; total=12930 ; rate=798/min ; 2587/6537 batches
[06:10:56]   +5 [adverse_authority_handling] ; total=12935 ; rate=798/min ; 2588/6537 batches
[06:10:56]   +5 [adverse_authority_handling] ; total=12940 ; rate=798/min ; 2589/6537 batches
[06:11:01]   FAIL [adverse_authority_handling]: empty_or_unparseable_after_retry
[06:11:01]   +5 [adverse_authority_handling] ; total=12945 ; rate=794/min ; 2590/6537 batches
[06:11:01]   +5 [adverse_authority_handling] ; total=12950 ; rate=795/min ; 2591/6537 batches
[06:11:01]   +5 [adverse_authority_handling] ; total=12955 ; rate=795/min ; 2592/6537 batches
[06:11:01]   +5 [adverse_authority_handling] ; total=12960 ; rate=795/min ; 2593/6537 batches
[06:11:01]   +5 [adverse_authority_handling] ; total=12965 ; rate=795/min ; 2594/6537 batches
[06:11:01]   +5 [adverse_authority_handling] ; total=12970 ; rate=796/min ; 2595/6537 batches
[06:11:01]   +5 [adverse_authority_handling] ; total=12975 ; rate=796/min ; 2596/6537 batches
[06:11:01]   +5 [adverse_authority_handling] ; total=12980 ; rate=796/min ; 2597/6537 batches
[06:11:01]   +5 [adverse_authority_handling] ; total=12985 ; rate=796/min ; 2598/6537 batches
[06:11:02]   +5 [adverse_authority_handling] ; total=12990 ; rate=796/min ; 2599/6537 batches
[06:11:02]   +5 [adverse_authority_handling] ; total=12995 ; rate=796/min ; 2600/6537 batches
[06:11:02]   +5 [adverse_authority_handling] ; total=13000 ; rate=796/min ; 2601/6537 batches
[06:11:02]   +5 [adverse_authority_handling] ; total=13005 ; rate=797/min ; 2602/6537 batches
[06:11:03]   +5 [adverse_authority_handling] ; total=13010 ; rate=797/min ; 2603/6537 batches
[06:11:03]   +5 [adverse_authority_handling] ; total=13015 ; rate=797/min ; 2604/6537 batches
[06:11:03]   +5 [adverse_authority_handling] ; total=13020 ; rate=797/min ; 2605/6537 batches
[06:11:03]   +5 [adverse_authority_handling] ; total=13025 ; rate=798/min ; 2606/6537 batches
[06:11:03]   +5 [adverse_authority_handling] ; total=13030 ; rate=798/min ; 2607/6537 batches
[06:11:03]   +5 [adverse_authority_handling] ; total=13035 ; rate=798/min ; 2608/6537 batches
[06:11:03]   +5 [adverse_authority_handling] ; total=13040 ; rate=798/min ; 2609/6537 batches
[06:11:03]   +5 [adverse_authority_handling] ; total=13045 ; rate=799/min ; 2610/6537 batches
[06:11:03]   +5 [adverse_authority_handling] ; total=13050 ; rate=799/min ; 2611/6537 batches
[06:11:29]   FAIL [adverse_authority_handling]: empty_or_unparseable_after_retry
[06:11:29]   +5 [adverse_authority_handling] ; total=13055 ; rate=779/min ; 2612/6537 batches
[06:11:29]   +5 [adverse_authority_handling] ; total=13060 ; rate=779/min ; 2613/6537 batches
[06:11:29]   +5 [adverse_authority_handling] ; total=13065 ; rate=780/min ; 2614/6537 batches
[06:11:29]   +5 [adverse_authority_handling] ; total=13070 ; rate=780/min ; 2615/6537 batches
[06:11:29]   +5 [adverse_authority_handling] ; total=13075 ; rate=780/min ; 2616/6537 batches
[06:11:29]   +5 [adverse_authority_handling] ; total=13080 ; rate=780/min ; 2617/6537 batches
[06:11:29]   +5 [adverse_authority_handling] ; total=13085 ; rate=781/min ; 2618/6537 batches
[06:11:29]   +5 [adverse_authority_handling] ; total=13090 ; rate=781/min ; 2619/6537 batches
[06:11:29]   +5 [adverse_authority_handling] ; total=13095 ; rate=781/min ; 2620/6537 batches
[06:11:29]   +5 [adverse_authority_handling] ; total=13100 ; rate=781/min ; 2621/6537 batches
[06:11:29]   +5 [adverse_authority_handling] ; total=13105 ; rate=782/min ; 2622/6537 batches
[06:11:29]   +5 [adverse_authority_handling] ; total=13110 ; rate=782/min ; 2623/6537 batches
[06:11:42]   FAIL [adverse_authority_handling]: empty_or_unparseable_after_retry
[06:11:42]   +5 [adverse_authority_handling] ; total=13115 ; rate=773/min ; 2624/6537 batches
[06:11:42]   +5 [adverse_authority_handling] ; total=13120 ; rate=773/min ; 2625/6537 batches
[06:11:42]   +5 [adverse_authority_handling] ; total=13125 ; rate=773/min ; 2626/6537 batches
[06:11:42]   +5 [adverse_authority_handling] ; total=13130 ; rate=773/min ; 2627/6537 batches
[06:11:42]   +5 [adverse_authority_handling] ; total=13135 ; rate=774/min ; 2628/6537 batches
[06:11:42]   +5 [adverse_authority_handling] ; total=13140 ; rate=774/min ; 2629/6537 batches
[06:11:42]   +5 [adverse_authority_handling] ; total=13145 ; rate=774/min ; 2630/6537 batches
[06:11:42]   +5 [adverse_authority_handling] ; total=13150 ; rate=774/min ; 2631/6537 batches
[06:11:42]   +5 [adverse_authority_handling] ; total=13155 ; rate=775/min ; 2632/6537 batches
[06:11:42]   +5 [adverse_authority_handling] ; total=13160 ; rate=775/min ; 2633/6537 batches
[06:11:42]   +5 [adverse_authority_handling] ; total=13165 ; rate=775/min ; 2634/6537 batches
[06:11:42]   +5 [adverse_authority_handling] ; total=13170 ; rate=775/min ; 2635/6537 batches
[06:11:44]   FAIL [adverse_authority_handling]: empty_or_unparseable_after_retry
[06:11:44]   +5 [adverse_authority_handling] ; total=13175 ; rate=775/min ; 2636/6537 batches
[06:11:44]   +5 [adverse_authority_handling] ; total=13180 ; rate=775/min ; 2637/6537 batches
[06:11:44]   +5 [adverse_authority_handling] ; total=13185 ; rate=775/min ; 2638/6537 batches
[06:11:44]   +5 [adverse_authority_handling] ; total=13190 ; rate=775/min ; 2639/6537 batches
[06:11:44]   +5 [adverse_authority_handling] ; total=13195 ; rate=776/min ; 2640/6537 batches
[06:11:44]   +5 [adverse_authority_handling] ; total=13200 ; rate=776/min ; 2641/6537 batches
[06:11:44]   +5 [adverse_authority_handling] ; total=13205 ; rate=776/min ; 2642/6537 batches
[06:11:44]   +5 [adverse_authority_handling] ; total=13210 ; rate=776/min ; 2643/6537 batches
[06:11:44]   +5 [adverse_authority_handling] ; total=13215 ; rate=777/min ; 2644/6537 batches
[06:11:44]   +5 [adverse_authority_handling] ; total=13220 ; rate=777/min ; 2645/6537 batches
[06:11:44]   +5 [adverse_authority_handling] ; total=13225 ; rate=777/min ; 2646/6537 batches
[06:11:44]   +5 [adverse_authority_handling] ; total=13230 ; rate=777/min ; 2647/6537 batches
[06:11:47]   +5 [adverse_authority_handling] ; total=13235 ; rate=775/min ; 2648/6537 batches
[06:11:47]   +5 [adverse_authority_handling] ; total=13240 ; rate=776/min ; 2649/6537 batches
[06:11:47]   +5 [adverse_authority_handling] ; total=13245 ; rate=776/min ; 2650/6537 batches
[06:11:47]   +5 [adverse_authority_handling] ; total=13250 ; rate=776/min ; 2651/6537 batches
[06:11:47]   +5 [adverse_authority_handling] ; total=13255 ; rate=776/min ; 2652/6537 batches
[06:11:47]   +5 [adverse_authority_handling] ; total=13260 ; rate=777/min ; 2653/6537 batches
[06:11:48]   +5 [adverse_authority_handling] ; total=13265 ; rate=777/min ; 2654/6537 batches
[06:11:48]   +5 [adverse_authority_handling] ; total=13270 ; rate=777/min ; 2655/6537 batches
[06:11:48]   +5 [adverse_authority_handling] ; total=13275 ; rate=777/min ; 2656/6537 batches
[06:11:48]   +5 [adverse_authority_handling] ; total=13280 ; rate=778/min ; 2657/6537 batches
[06:11:48]   +5 [adverse_authority_handling] ; total=13285 ; rate=778/min ; 2658/6537 batches
[06:11:48]   +5 [adverse_authority_handling] ; total=13290 ; rate=778/min ; 2659/6537 batches
[06:11:48]   +5 [adverse_authority_handling] ; total=13295 ; rate=778/min ; 2660/6537 batches
[06:12:09]   FAIL [adverse_authority_handling]: empty_or_unparseable_after_retry
[06:12:09]   +5 [adverse_authority_handling] ; total=13300 ; rate=763/min ; 2661/6537 batches
[06:12:10]   +5 [adverse_authority_handling] ; total=13305 ; rate=763/min ; 2662/6537 batches
[06:12:10]   +5 [adverse_authority_handling] ; total=13310 ; rate=763/min ; 2663/6537 batches
[06:12:10]   +5 [adverse_authority_handling] ; total=13315 ; rate=763/min ; 2664/6537 batches
[06:12:10]   +5 [adverse_authority_handling] ; total=13320 ; rate=764/min ; 2665/6537 batches
[06:12:10]   +5 [adverse_authority_handling] ; total=13325 ; rate=764/min ; 2666/6537 batches
[06:12:10]   +5 [adverse_authority_handling] ; total=13330 ; rate=764/min ; 2667/6537 batches
[06:12:10]   +5 [adverse_authority_handling] ; total=13335 ; rate=764/min ; 2668/6537 batches
[06:12:10]   +5 [adverse_authority_handling] ; total=13340 ; rate=765/min ; 2669/6537 batches
[06:12:10]   +5 [adverse_authority_handling] ; total=13345 ; rate=765/min ; 2670/6537 batches
[06:12:10]   +5 [adverse_authority_handling] ; total=13350 ; rate=765/min ; 2671/6537 batches
[06:12:10]   +5 [adverse_authority_handling] ; total=13355 ; rate=765/min ; 2672/6537 batches
[06:12:23]   FAIL [adverse_authority_handling]: empty_or_unparseable_after_retry
[06:12:23]   +5 [adverse_authority_handling] ; total=13360 ; rate=756/min ; 2673/6537 batches
[06:12:23]   +5 [adverse_authority_handling] ; total=13365 ; rate=757/min ; 2674/6537 batches
[06:12:23]   +5 [adverse_authority_handling] ; total=13370 ; rate=757/min ; 2675/6537 batches
[06:12:23]   +5 [adverse_authority_handling] ; total=13375 ; rate=757/min ; 2676/6537 batches
[06:12:23]   +5 [adverse_authority_handling] ; total=13380 ; rate=757/min ; 2677/6537 batches
[06:12:23]   +5 [adverse_authority_handling] ; total=13385 ; rate=758/min ; 2678/6537 batches
[06:12:23]   +5 [adverse_authority_handling] ; total=13390 ; rate=758/min ; 2679/6537 batches
[06:12:23]   +5 [adverse_authority_handling] ; total=13395 ; rate=758/min ; 2680/6537 batches
[06:12:23]   +5 [adverse_authority_handling] ; total=13400 ; rate=758/min ; 2681/6537 batches
[06:12:23]   +5 [adverse_authority_handling] ; total=13405 ; rate=759/min ; 2682/6537 batches
[06:12:23]   +5 [adverse_authority_handling] ; total=13410 ; rate=759/min ; 2683/6537 batches
[06:12:23]   +5 [adverse_authority_handling] ; total=13415 ; rate=759/min ; 2684/6537 batches
[06:12:24]   FAIL [adverse_authority_handling]: empty_or_unparseable_after_retry
[06:12:24]   +5 [adverse_authority_handling] ; total=13420 ; rate=759/min ; 2685/6537 batches
[06:12:25]   +5 [adverse_authority_handling] ; total=13425 ; rate=759/min ; 2686/6537 batches
[06:12:25]   +5 [adverse_authority_handling] ; total=13430 ; rate=759/min ; 2687/6537 batches
[06:12:25]   +5 [adverse_authority_handling] ; total=13435 ; rate=759/min ; 2688/6537 batches
[06:12:25]   +5 [adverse_authority_handling] ; total=13440 ; rate=760/min ; 2689/6537 batches
[06:12:25]   +5 [adverse_authority_handling] ; total=13445 ; rate=760/min ; 2690/6537 batches
[06:12:25]   +5 [adverse_authority_handling] ; total=13450 ; rate=760/min ; 2691/6537 batches
[06:12:25]   +5 [adverse_authority_handling] ; total=13455 ; rate=760/min ; 2692/6537 batches
[06:12:25]   +5 [adverse_authority_handling] ; total=13460 ; rate=761/min ; 2693/6537 batches
[06:12:25]   +5 [adverse_authority_handling] ; total=13465 ; rate=761/min ; 2694/6537 batches
[06:12:25]   +5 [adverse_authority_handling] ; total=13470 ; rate=761/min ; 2695/6537 batches
[06:12:25]   +5 [adverse_authority_handling] ; total=13475 ; rate=761/min ; 2696/6537 batches
[06:12:28]   FAIL [adverse_authority_handling]: empty_or_unparseable_after_retry
[06:12:28]   +5 [adverse_authority_handling] ; total=13480 ; rate=759/min ; 2697/6537 batches
[06:12:28]   +5 [adverse_authority_handling] ; total=13485 ; rate=760/min ; 2698/6537 batches
[06:12:28]   +5 [adverse_authority_handling] ; total=13490 ; rate=760/min ; 2699/6537 batches
[06:12:28]   +5 [adverse_authority_handling] ; total=13495 ; rate=760/min ; 2700/6537 batches
[06:12:28]   +5 [adverse_authority_handling] ; total=13500 ; rate=760/min ; 2701/6537 batches
[06:12:29]   +5 [adverse_authority_handling] ; total=13505 ; rate=761/min ; 2702/6537 batches
[06:12:29]   +5 [adverse_authority_handling] ; total=13510 ; rate=761/min ; 2703/6537 batches
[06:12:29]   +5 [adverse_authority_handling] ; total=13515 ; rate=761/min ; 2704/6537 batches
[06:12:29]   +5 [adverse_authority_handling] ; total=13520 ; rate=761/min ; 2705/6537 batches
[06:12:29]   +5 [adverse_authority_handling] ; total=13525 ; rate=761/min ; 2706/6537 batches
[06:12:29]   +5 [adverse_authority_handling] ; total=13530 ; rate=762/min ; 2707/6537 batches
[06:12:29]   +5 [adverse_authority_handling] ; total=13535 ; rate=762/min ; 2708/6537 batches
[06:12:50]   FAIL [adverse_authority_handling]: empty_or_unparseable_after_retry
[06:12:50]   +5 [adverse_authority_handling] ; total=13540 ; rate=747/min ; 2709/6537 batches
[06:12:50]   +5 [adverse_authority_handling] ; total=13545 ; rate=747/min ; 2710/6537 batches
[06:12:51]   +5 [adverse_authority_handling] ; total=13550 ; rate=748/min ; 2711/6537 batches
[06:12:51]   +5 [adverse_authority_handling] ; total=13555 ; rate=748/min ; 2712/6537 batches
[06:12:51]   +5 [adverse_authority_handling] ; total=13560 ; rate=748/min ; 2713/6537 batches
[06:12:51]   +5 [adverse_authority_handling] ; total=13565 ; rate=748/min ; 2714/6537 batches
[06:12:51]   +5 [adverse_authority_handling] ; total=13570 ; rate=749/min ; 2715/6537 batches
[06:12:51]   +5 [adverse_authority_handling] ; total=13575 ; rate=749/min ; 2716/6537 batches
[06:12:51]   +5 [adverse_authority_handling] ; total=13580 ; rate=749/min ; 2717/6537 batches
[06:12:51]   +5 [adverse_authority_handling] ; total=13585 ; rate=749/min ; 2718/6537 batches
[06:12:51]   +5 [adverse_authority_handling] ; total=13590 ; rate=750/min ; 2719/6537 batches
[06:12:51]   +5 [adverse_authority_handling] ; total=13595 ; rate=750/min ; 2720/6537 batches
[06:13:04]   FAIL [adverse_authority_handling]: empty_or_unparseable_after_retry
[06:13:04]   +5 [adverse_authority_handling] ; total=13600 ; rate=741/min ; 2721/6537 batches
[06:13:04]   +5 [adverse_authority_handling] ; total=13605 ; rate=742/min ; 2722/6537 batches
[06:13:04]   +5 [adverse_authority_handling] ; total=13610 ; rate=742/min ; 2723/6537 batches
[06:13:04]   +5 [adverse_authority_handling] ; total=13615 ; rate=742/min ; 2724/6537 batches
[06:13:04]   +5 [adverse_authority_handling] ; total=13620 ; rate=742/min ; 2725/6537 batches
[06:13:04]   +5 [adverse_authority_handling] ; total=13625 ; rate=743/min ; 2726/6537 batches
[06:13:04]   +5 [adverse_authority_handling] ; total=13630 ; rate=743/min ; 2727/6537 batches
[06:13:04]   +5 [adverse_authority_handling] ; total=13635 ; rate=743/min ; 2728/6537 batches
[06:13:04]   +5 [adverse_authority_handling] ; total=13640 ; rate=743/min ; 2729/6537 batches
[06:13:04]   +5 [adverse_authority_handling] ; total=13645 ; rate=744/min ; 2730/6537 batches
[06:13:04]   +5 [adverse_authority_handling] ; total=13650 ; rate=744/min ; 2731/6537 batches
[06:13:04]   +5 [adverse_authority_handling] ; total=13655 ; rate=744/min ; 2732/6537 batches
[06:13:05]   FAIL [adverse_authority_handling]: empty_or_unparseable_after_retry
[06:13:05]   +5 [adverse_authority_handling] ; total=13660 ; rate=744/min ; 2733/6537 batches
[06:13:05]   +5 [adverse_authority_handling] ; total=13665 ; rate=744/min ; 2734/6537 batches
[06:13:06]   +5 [adverse_authority_handling] ; total=13670 ; rate=744/min ; 2735/6537 batches
[06:13:06]   +5 [adverse_authority_handling] ; total=13675 ; rate=744/min ; 2736/6537 batches
[06:13:06]   +5 [adverse_authority_handling] ; total=13680 ; rate=744/min ; 2737/6537 batches
[06:13:06]   +5 [adverse_authority_handling] ; total=13685 ; rate=745/min ; 2738/6537 batches
[06:13:06]   +5 [adverse_authority_handling] ; total=13690 ; rate=745/min ; 2739/6537 batches
[06:13:06]   +5 [adverse_authority_handling] ; total=13695 ; rate=745/min ; 2740/6537 batches
[06:13:06]   +5 [adverse_authority_handling] ; total=13700 ; rate=745/min ; 2741/6537 batches
[06:13:06]   +5 [adverse_authority_handling] ; total=13705 ; rate=746/min ; 2742/6537 batches
[06:13:06]   +5 [adverse_authority_handling] ; total=13710 ; rate=746/min ; 2743/6537 batches
[06:13:06]   +5 [adverse_authority_handling] ; total=13715 ; rate=746/min ; 2744/6537 batches
[06:13:09]   FAIL [adverse_authority_handling]: empty_or_unparseable_after_retry
[06:13:09]   +5 [adverse_authority_handling] ; total=13720 ; rate=744/min ; 2745/6537 batches
[06:13:09]   +5 [adverse_authority_handling] ; total=13725 ; rate=745/min ; 2746/6537 batches
[06:13:09]   +5 [adverse_authority_handling] ; total=13730 ; rate=745/min ; 2747/6537 batches
[06:13:09]   +5 [adverse_authority_handling] ; total=13735 ; rate=745/min ; 2748/6537 batches
[06:13:09]   +5 [adverse_authority_handling] ; total=13740 ; rate=745/min ; 2749/6537 batches
[06:13:10]   +5 [adverse_authority_handling] ; total=13745 ; rate=745/min ; 2750/6537 batches
[06:13:10]   +5 [adverse_authority_handling] ; total=13750 ; rate=746/min ; 2751/6537 batches
[06:13:10]   +5 [adverse_authority_handling] ; total=13755 ; rate=746/min ; 2752/6537 batches
[06:13:10]   +5 [adverse_authority_handling] ; total=13760 ; rate=746/min ; 2753/6537 batches
[06:13:10]   +5 [adverse_authority_handling] ; total=13765 ; rate=746/min ; 2754/6537 batches
[06:13:10]   +5 [adverse_authority_handling] ; total=13770 ; rate=746/min ; 2755/6537 batches
[06:13:10]   +5 [adverse_authority_handling] ; total=13775 ; rate=747/min ; 2756/6537 batches
[06:13:31]   FAIL [adverse_authority_handling]: empty_or_unparseable_after_retry
[06:13:31]   +5 [adverse_authority_handling] ; total=13780 ; rate=733/min ; 2757/6537 batches
[06:13:31]   +5 [adverse_authority_handling] ; total=13785 ; rate=733/min ; 2758/6537 batches
[06:13:31]   +5 [adverse_authority_handling] ; total=13790 ; rate=733/min ; 2759/6537 batches
[06:13:32]   +5 [adverse_authority_handling] ; total=13795 ; rate=733/min ; 2760/6537 batches
[06:13:32]   +5 [adverse_authority_handling] ; total=13800 ; rate=734/min ; 2761/6537 batches
[06:13:32]   +5 [adverse_authority_handling] ; total=13805 ; rate=734/min ; 2762/6537 batches
[06:13:32]   +5 [adverse_authority_handling] ; total=13810 ; rate=734/min ; 2763/6537 batches
[06:13:32]   +5 [adverse_authority_handling] ; total=13815 ; rate=734/min ; 2764/6537 batches
[06:13:32]   +5 [adverse_authority_handling] ; total=13820 ; rate=735/min ; 2765/6537 batches
[06:13:32]   +5 [adverse_authority_handling] ; total=13825 ; rate=735/min ; 2766/6537 batches
[06:13:32]   +5 [adverse_authority_handling] ; total=13830 ; rate=735/min ; 2767/6537 batches
[06:13:32]   +5 [adverse_authority_handling] ; total=13835 ; rate=735/min ; 2768/6537 batches
[06:13:44]   FAIL [adverse_authority_handling]: empty_or_unparseable_after_retry
[06:13:45]   +5 [adverse_authority_handling] ; total=13840 ; rate=727/min ; 2769/6537 batches
[06:13:45]   +5 [adverse_authority_handling] ; total=13845 ; rate=728/min ; 2770/6537 batches
[06:13:45]   +5 [adverse_authority_handling] ; total=13850 ; rate=728/min ; 2771/6537 batches
[06:13:45]   +5 [adverse_authority_handling] ; total=13855 ; rate=728/min ; 2772/6537 batches
[06:13:45]   +5 [adverse_authority_handling] ; total=13860 ; rate=728/min ; 2773/6537 batches
[06:13:45]   +5 [adverse_authority_handling] ; total=13865 ; rate=729/min ; 2774/6537 batches
[06:13:45]   +5 [adverse_authority_handling] ; total=13870 ; rate=729/min ; 2775/6537 batches
[06:13:45]   +5 [adverse_authority_handling] ; total=13875 ; rate=729/min ; 2776/6537 batches
[06:13:45]   +5 [adverse_authority_handling] ; total=13880 ; rate=729/min ; 2777/6537 batches
[06:13:45]   +5 [adverse_authority_handling] ; total=13885 ; rate=729/min ; 2778/6537 batches
[06:13:45]   +5 [adverse_authority_handling] ; total=13890 ; rate=730/min ; 2779/6537 batches
[06:13:45]   +5 [adverse_authority_handling] ; total=13895 ; rate=730/min ; 2780/6537 batches
[06:13:46]   FAIL [adverse_authority_handling]: empty_or_unparseable_after_retry
[06:13:46]   +5 [adverse_authority_handling] ; total=13900 ; rate=729/min ; 2781/6537 batches
[06:13:47]   +5 [adverse_authority_handling] ; total=13905 ; rate=730/min ; 2782/6537 batches
[06:13:47]   +5 [adverse_authority_handling] ; total=13910 ; rate=730/min ; 2783/6537 batches
[06:13:47]   +5 [adverse_authority_handling] ; total=13915 ; rate=730/min ; 2784/6537 batches
[06:13:47]   +5 [adverse_authority_handling] ; total=13920 ; rate=730/min ; 2785/6537 batches
[06:13:47]   +5 [adverse_authority_handling] ; total=13925 ; rate=730/min ; 2786/6537 batches
[06:13:47]   +5 [adverse_authority_handling] ; total=13930 ; rate=731/min ; 2787/6537 batches
[06:13:47]   +5 [adverse_authority_handling] ; total=13935 ; rate=731/min ; 2788/6537 batches
[06:13:47]   +5 [adverse_authority_handling] ; total=13940 ; rate=731/min ; 2789/6537 batches
[06:13:47]   +5 [adverse_authority_handling] ; total=13945 ; rate=731/min ; 2790/6537 batches
[06:13:47]   +5 [adverse_authority_handling] ; total=13950 ; rate=732/min ; 2791/6537 batches
[06:13:47]   +5 [adverse_authority_handling] ; total=13955 ; rate=732/min ; 2792/6537 batches
[06:13:50]   FAIL [adverse_authority_handling]: empty_or_unparseable_after_retry
[06:13:50]   +5 [adverse_authority_handling] ; total=13960 ; rate=730/min ; 2793/6537 batches
[06:13:50]   +5 [adverse_authority_handling] ; total=13965 ; rate=730/min ; 2794/6537 batches
[06:13:50]   +5 [adverse_authority_handling] ; total=13970 ; rate=731/min ; 2795/6537 batches
[06:13:50]   +5 [adverse_authority_handling] ; total=13975 ; rate=731/min ; 2796/6537 batches
[06:13:51]   +5 [adverse_authority_handling] ; total=13980 ; rate=731/min ; 2797/6537 batches
[06:13:51]   +5 [adverse_authority_handling] ; total=13985 ; rate=731/min ; 2798/6537 batches
[06:13:51]   +5 [adverse_authority_handling] ; total=13990 ; rate=731/min ; 2799/6537 batches
[06:13:51]   +5 [adverse_authority_handling] ; total=13995 ; rate=732/min ; 2800/6537 batches
[06:13:51]   +5 [adverse_authority_handling] ; total=14000 ; rate=732/min ; 2801/6537 batches
[06:13:51]   +5 [adverse_authority_handling] ; total=14005 ; rate=732/min ; 2802/6537 batches
[06:13:51]   +5 [adverse_authority_handling] ; total=14010 ; rate=732/min ; 2803/6537 batches
[06:13:51]   +5 [adverse_authority_handling] ; total=14015 ; rate=733/min ; 2804/6537 batches
[06:14:12]   FAIL [adverse_authority_handling]: empty_or_unparseable_after_retry
[06:14:12]   +5 [adverse_authority_handling] ; total=14020 ; rate=719/min ; 2805/6537 batches
[06:14:13]   +5 [adverse_authority_handling] ; total=14025 ; rate=720/min ; 2806/6537 batches
[06:14:13]   +5 [adverse_authority_handling] ; total=14030 ; rate=720/min ; 2807/6537 batches
[06:14:26]   FAIL [adverse_authority_handling]: empty_or_unparseable_after_retry
[06:14:27]   FAIL [adverse_authority_handling]: empty_or_unparseable_after_retry
[06:14:31]   FAIL [adverse_authority_handling]: empty_or_unparseable_after_retry
[06:14:31]   +5 [adverse_authority_handling] ; total=14035 ; rate=709/min ; 2808/6537 batches
[06:15:01]   +5 [adverse_authority_handling] ; total=14040 ; rate=692/min ; 2809/6537 batches
[06:15:01]   +5 [adverse_authority_handling] ; total=14045 ; rate=692/min ; 2810/6537 batches
[06:15:08]   +5 [adverse_authority_handling] ; total=14050 ; rate=688/min ; 2811/6537 batches
[06:15:08]   +5 [adverse_authority_handling] ; total=14055 ; rate=688/min ; 2812/6537 batches
[06:15:08]   +5 [adverse_authority_handling] ; total=14060 ; rate=689/min ; 2813/6537 batches
[06:15:21]   +5 [adverse_authority_handling] ; total=14065 ; rate=682/min ; 2814/6537 batches
[06:15:21]   +5 [adverse_authority_handling] ; total=14070 ; rate=682/min ; 2815/6537 batches
[06:15:21]   +5 [adverse_authority_handling] ; total=14075 ; rate=682/min ; 2816/6537 batches
[06:15:21]   +5 [adverse_authority_handling] ; total=14080 ; rate=683/min ; 2817/6537 batches
[06:15:21]   +5 [adverse_authority_handling] ; total=14085 ; rate=683/min ; 2818/6537 batches
[06:15:21]   +5 [adverse_authority_handling] ; total=14090 ; rate=683/min ; 2819/6537 batches
[06:15:21]   +5 [adverse_authority_handling] ; total=14095 ; rate=683/min ; 2820/6537 batches
[06:15:49]   +5 [adverse_authority_handling] ; total=14100 ; rate=668/min ; 2821/6537 batches
[06:15:49]   +5 [adverse_authority_handling] ; total=14105 ; rate=668/min ; 2822/6537 batches
[06:15:49]   +5 [adverse_authority_handling] ; total=14110 ; rate=669/min ; 2823/6537 batches
[06:15:49]   +5 [adverse_authority_handling] ; total=14115 ; rate=669/min ; 2824/6537 batches
[06:16:07]   +5 [adverse_authority_handling] ; total=14120 ; rate=660/min ; 2825/6537 batches
[06:16:22]   +5 [adverse_authority_handling] (succeeded on retry #1)
[06:16:22]   +5 [adverse_authority_handling] ; total=14125 ; rate=652/min ; 2826/6537 batches
[06:16:22]   +5 [adverse_authority_handling] ; total=14130 ; rate=653/min ; 2827/6537 batches
[06:16:51]   FAIL [adverse_authority_handling]: empty_or_unparseable_after_retry
[06:16:54]   FAIL [adverse_authority_handling]: empty_or_unparseable_after_retry
[06:16:55]   +5 [adverse_authority_handling] ; total=14135 ; rate=637/min ; 2828/6537 batches
[06:16:55]   +5 [adverse_authority_handling] ; total=14140 ; rate=637/min ; 2829/6537 batches
[06:16:55]   +5 [adverse_authority_handling] ; total=14145 ; rate=637/min ; 2830/6537 batches
[06:16:55]   +5 [adverse_authority_handling] ; total=14150 ; rate=637/min ; 2831/6537 batches
[06:16:55]   +5 [adverse_authority_handling] ; total=14155 ; rate=637/min ; 2832/6537 batches
[06:16:55]   +5 [adverse_authority_handling] ; total=14160 ; rate=638/min ; 2833/6537 batches
[06:16:55]   +5 [adverse_authority_handling] ; total=14165 ; rate=638/min ; 2834/6537 batches
[06:16:56]   +5 [adverse_authority_handling] ; total=14170 ; rate=638/min ; 2835/6537 batches
[06:17:29]   +5 [adverse_authority_handling] ; total=14175 ; rate=623/min ; 2836/6537 batches
[06:17:29]   +5 [adverse_authority_handling] ; total=14180 ; rate=623/min ; 2837/6537 batches
[06:17:29]   +5 [adverse_authority_handling] ; total=14185 ; rate=623/min ; 2838/6537 batches
[06:17:29]   +5 [adverse_authority_handling] ; total=14190 ; rate=623/min ; 2839/6537 batches
[06:17:29]   +5 [adverse_authority_handling] ; total=14195 ; rate=623/min ; 2840/6537 batches
[06:17:36]   FAIL [adverse_authority_handling]: empty_or_unparseable_after_retry
[06:17:36]   +5 [adverse_authority_handling] ; total=14200 ; rate=621/min ; 2841/6537 batches
[06:17:36]   +5 [adverse_authority_handling] ; total=14205 ; rate=621/min ; 2842/6537 batches
[06:17:36]   +5 [adverse_authority_handling] ; total=14210 ; rate=621/min ; 2843/6537 batches
[06:17:36]   +5 [adverse_authority_handling] ; total=14215 ; rate=621/min ; 2844/6537 batches
[06:17:36]   FAIL [adverse_authority_handling]: empty_or_unparseable_after_retry
[06:17:36]   +5 [adverse_authority_handling] ; total=14220 ; rate=621/min ; 2845/6537 batches
[06:17:36]   +5 [adverse_authority_handling] ; total=14225 ; rate=622/min ; 2846/6537 batches
[06:17:42]   +5 [adverse_authority_handling] ; total=14230 ; rate=619/min ; 2847/6537 batches
[06:17:42]   +5 [adverse_authority_handling] ; total=14235 ; rate=619/min ; 2848/6537 batches
[06:17:42]   +5 [adverse_authority_handling] ; total=14240 ; rate=619/min ; 2849/6537 batches
[06:17:43]   +5 [adverse_authority_handling] ; total=14245 ; rate=620/min ; 2850/6537 batches
[06:17:43]   +5 [adverse_authority_handling] ; total=14250 ; rate=620/min ; 2851/6537 batches
[06:17:43]   +5 [adverse_authority_handling] ; total=14255 ; rate=620/min ; 2852/6537 batches
[06:17:43]   +5 [adverse_authority_handling] ; total=14260 ; rate=620/min ; 2853/6537 batches
[06:17:43]   +5 [adverse_authority_handling] ; total=14265 ; rate=620/min ; 2854/6537 batches
[06:17:43]   +5 [adverse_authority_handling] ; total=14270 ; rate=620/min ; 2855/6537 batches
[06:17:43]   +5 [adverse_authority_handling] ; total=14275 ; rate=621/min ; 2856/6537 batches
[06:17:43]   +5 [adverse_authority_handling] ; total=14280 ; rate=621/min ; 2857/6537 batches
[06:17:43]   +5 [adverse_authority_handling] ; total=14285 ; rate=621/min ; 2858/6537 batches
[06:18:16]   FAIL [adverse_authority_handling]: empty_or_unparseable_after_retry
[06:18:16]   FAIL [adverse_authority_handling]: empty_or_unparseable_after_retry
[06:18:16]   +5 [adverse_authority_handling] ; total=14290 ; rate=607/min ; 2859/6537 batches
[06:18:16]   +5 [adverse_authority_handling] ; total=14295 ; rate=607/min ; 2860/6537 batches
[06:18:16]   +5 [adverse_authority_handling] ; total=14300 ; rate=607/min ; 2861/6537 batches
[06:18:17]   +5 [adverse_authority_handling] ; total=14305 ; rate=607/min ; 2862/6537 batches
[06:18:17]   +5 [adverse_authority_handling] ; total=14310 ; rate=607/min ; 2863/6537 batches
[06:18:17]   +5 [adverse_authority_handling] ; total=14315 ; rate=608/min ; 2864/6537 batches
[06:18:17]   +5 [adverse_authority_handling] ; total=14320 ; rate=608/min ; 2865/6537 batches
[06:18:17]   +5 [adverse_authority_handling] ; total=14325 ; rate=608/min ; 2866/6537 batches
[06:18:17]   +5 [adverse_authority_handling] ; total=14330 ; rate=608/min ; 2867/6537 batches
[06:18:17]   +5 [adverse_authority_handling] ; total=14335 ; rate=608/min ; 2868/6537 batches
[06:18:17]   +5 [adverse_authority_handling] ; total=14340 ; rate=609/min ; 2869/6537 batches
[06:18:20]   +5 [adverse_authority_handling] ; total=14345 ; rate=607/min ; 2870/6537 batches
[06:18:23]   FAIL [adverse_authority_handling]: empty_or_unparseable_after_retry
[06:18:23]   +5 [adverse_authority_handling] ; total=14350 ; rate=606/min ; 2871/6537 batches
[06:18:24]   +5 [adverse_authority_handling] ; total=14355 ; rate=606/min ; 2872/6537 batches
[06:18:24]   +5 [adverse_authority_handling] ; total=14360 ; rate=607/min ; 2873/6537 batches
[06:18:24]   +5 [adverse_authority_handling] ; total=14365 ; rate=607/min ; 2874/6537 batches
[06:18:24]   +5 [adverse_authority_handling] ; total=14370 ; rate=607/min ; 2875/6537 batches
[06:18:24]   +5 [adverse_authority_handling] ; total=14375 ; rate=607/min ; 2876/6537 batches
[06:18:24]   +5 [adverse_authority_handling] ; total=14380 ; rate=607/min ; 2877/6537 batches
[06:18:24]   +5 [adverse_authority_handling] ; total=14385 ; rate=607/min ; 2878/6537 batches
[06:18:24]   +5 [adverse_authority_handling] ; total=14390 ; rate=608/min ; 2879/6537 batches
[06:18:24]   +5 [adverse_authority_handling] ; total=14395 ; rate=608/min ; 2880/6537 batches
[06:18:24]   +5 [adverse_authority_handling] ; total=14400 ; rate=608/min ; 2881/6537 batches
[06:18:56]   FAIL [adverse_authority_handling]: empty_or_unparseable_after_retry
[06:18:57]   FAIL [adverse_authority_handling]: empty_or_unparseable_after_retry
[06:18:57]   +5 [adverse_authority_handling] ; total=14405 ; rate=594/min ; 2882/6537 batches
[06:18:57]   +5 [adverse_authority_handling] ; total=14410 ; rate=595/min ; 2883/6537 batches
[06:18:57]   +5 [adverse_authority_handling] ; total=14415 ; rate=595/min ; 2884/6537 batches
[06:18:57]   +5 [adverse_authority_handling] ; total=14420 ; rate=595/min ; 2885/6537 batches
[06:18:58]   +5 [adverse_authority_handling] ; total=14425 ; rate=595/min ; 2886/6537 batches
[06:18:58]   +5 [adverse_authority_handling] ; total=14430 ; rate=595/min ; 2887/6537 batches
[06:18:58]   +5 [adverse_authority_handling] ; total=14435 ; rate=595/min ; 2888/6537 batches
[06:18:58]   +5 [adverse_authority_handling] ; total=14440 ; rate=596/min ; 2889/6537 batches
[06:18:58]   +5 [adverse_authority_handling] ; total=14445 ; rate=596/min ; 2890/6537 batches
[06:18:58]   +5 [adverse_authority_handling] ; total=14450 ; rate=596/min ; 2891/6537 batches
[06:18:58]   +5 [adverse_authority_handling] ; total=14455 ; rate=596/min ; 2892/6537 batches
[06:19:00]   FAIL [adverse_authority_handling]: empty_or_unparseable_after_retry
[06:19:04]   FAIL [adverse_authority_handling]: empty_or_unparseable_after_retry
[06:19:04]   +5 [adverse_authority_handling] ; total=14460 ; rate=594/min ; 2893/6537 batches
[06:19:04]   +5 [adverse_authority_handling] ; total=14465 ; rate=594/min ; 2894/6537 batches
[06:19:04]   +5 [adverse_authority_handling] ; total=14470 ; rate=594/min ; 2895/6537 batches
[06:19:05]   +5 [adverse_authority_handling] ; total=14475 ; rate=594/min ; 2896/6537 batches
[06:19:05]   +5 [adverse_authority_handling] ; total=14480 ; rate=594/min ; 2897/6537 batches
[06:19:05]   +5 [adverse_authority_handling] ; total=14485 ; rate=595/min ; 2898/6537 batches
[06:19:05]   +5 [adverse_authority_handling] ; total=14490 ; rate=595/min ; 2899/6537 batches
[06:19:05]   +5 [adverse_authority_handling] ; total=14495 ; rate=595/min ; 2900/6537 batches
[06:19:05]   +5 [adverse_authority_handling] ; total=14500 ; rate=595/min ; 2901/6537 batches
[06:19:05]   +5 [adverse_authority_handling] ; total=14505 ; rate=595/min ; 2902/6537 batches
[06:19:05]   +5 [adverse_authority_handling] ; total=14510 ; rate=596/min ; 2903/6537 batches
[06:19:37]   FAIL [adverse_authority_handling]: empty_or_unparseable_after_retry
[06:19:38]   FAIL [adverse_authority_handling]: empty_or_unparseable_after_retry
[06:19:38]   +5 [adverse_authority_handling] ; total=14515 ; rate=583/min ; 2904/6537 batches
[06:19:38]   +5 [adverse_authority_handling] ; total=14520 ; rate=583/min ; 2905/6537 batches
[06:19:38]   +5 [adverse_authority_handling] ; total=14525 ; rate=583/min ; 2906/6537 batches
[06:19:38]   +5 [adverse_authority_handling] ; total=14530 ; rate=583/min ; 2907/6537 batches
[06:19:38]   +5 [adverse_authority_handling] ; total=14535 ; rate=583/min ; 2908/6537 batches
[06:19:38]   +5 [adverse_authority_handling] ; total=14540 ; rate=583/min ; 2909/6537 batches
[06:19:39]   +5 [adverse_authority_handling] ; total=14545 ; rate=584/min ; 2910/6537 batches
[06:19:39]   +5 [adverse_authority_handling] ; total=14550 ; rate=584/min ; 2911/6537 batches
[06:19:39]   +5 [adverse_authority_handling] ; total=14555 ; rate=584/min ; 2912/6537 batches
[06:19:39]   +5 [adverse_authority_handling] ; total=14560 ; rate=584/min ; 2913/6537 batches
[06:19:39]   +5 [adverse_authority_handling] ; total=14565 ; rate=584/min ; 2914/6537 batches
[06:19:41]   FAIL [adverse_authority_handling]: empty_or_unparseable_after_retry
[06:19:45]   FAIL [adverse_authority_handling]: empty_or_unparseable_after_retry
[06:19:45]   +5 [adverse_authority_handling] ; total=14570 ; rate=582/min ; 2915/6537 batches
[06:19:45]   +5 [adverse_authority_handling] ; total=14575 ; rate=582/min ; 2916/6537 batches
[06:19:45]   +5 [adverse_authority_handling] ; total=14580 ; rate=582/min ; 2917/6537 batches
[06:19:45]   +5 [adverse_authority_handling] ; total=14585 ; rate=582/min ; 2918/6537 batches
[06:19:46]   +5 [adverse_authority_handling] ; total=14590 ; rate=583/min ; 2919/6537 batches
[06:19:46]   +5 [adverse_authority_handling] ; total=14595 ; rate=583/min ; 2920/6537 batches
[06:19:46]   +5 [adverse_authority_handling] ; total=14600 ; rate=583/min ; 2921/6537 batches
[06:19:46]   +5 [adverse_authority_handling] ; total=14605 ; rate=583/min ; 2922/6537 batches
[06:19:46]   +5 [adverse_authority_handling] ; total=14610 ; rate=583/min ; 2923/6537 batches
[06:19:46]   +5 [adverse_authority_handling] ; total=14615 ; rate=583/min ; 2924/6537 batches
[06:19:46]   +5 [adverse_authority_handling] ; total=14620 ; rate=584/min ; 2925/6537 batches
[06:20:17]   FAIL [adverse_authority_handling]: empty_or_unparseable_after_retry
[06:20:19]   FAIL [adverse_authority_handling]: empty_or_unparseable_after_retry
[06:20:19]   +5 [adverse_authority_handling] ; total=14625 ; rate=571/min ; 2926/6537 batches
[06:20:19]   +5 [adverse_authority_handling] ; total=14630 ; rate=571/min ; 2927/6537 batches
[06:20:19]   +5 [adverse_authority_handling] ; total=14635 ; rate=572/min ; 2928/6537 batches
[06:20:19]   +5 [adverse_authority_handling] ; total=14640 ; rate=572/min ; 2929/6537 batches
[06:20:19]   +5 [adverse_authority_handling] ; total=14645 ; rate=572/min ; 2930/6537 batches
[06:20:21]   FAIL [adverse_authority_handling]: empty_or_unparseable_after_retry
[06:20:26]   FAIL [adverse_authority_handling]: empty_or_unparseable_after_retry
[06:20:57]   FAIL [adverse_authority_handling]: empty_or_unparseable_after_retry
[06:20:57]   +5 [adverse_authority_handling] ; total=14650 ; rate=558/min ; 2931/6537 batches
[06:21:06]   +5 [adverse_authority_handling] ; total=14655 ; rate=555/min ; 2932/6537 batches
[06:21:10]   +5 [adverse_authority_handling] ; total=14660 ; rate=554/min ; 2933/6537 batches
[06:21:19]   FAIL [adverse_authority_handling]: empty_or_unparseable_after_retry
[06:21:47]   +5 [adverse_authority_handling] ; total=14665 ; rate=542/min ; 2934/6537 batches
[06:21:47]   +5 [adverse_authority_handling] ; total=14670 ; rate=542/min ; 2935/6537 batches
[06:21:50]   +5 [adverse_authority_handling] ; total=14675 ; rate=541/min ; 2936/6537 batches
[06:21:50]   +5 [adverse_authority_handling] ; total=14680 ; rate=541/min ; 2937/6537 batches
[06:21:51]   +5 [adverse_authority_handling] ; total=14685 ; rate=541/min ; 2938/6537 batches
[06:21:51]   FAIL [adverse_authority_handling]: empty_or_unparseable_after_retry
[06:21:51]   +5 [adverse_authority_handling] ; total=14690 ; rate=542/min ; 2939/6537 batches
[06:21:51]   +5 [adverse_authority_handling] ; total=14695 ; rate=542/min ; 2940/6537 batches
[06:21:51]   +5 [adverse_authority_handling] ; total=14700 ; rate=542/min ; 2941/6537 batches
[06:22:12]   +5 [adverse_authority_handling] ; total=14705 ; rate=535/min ; 2942/6537 batches
[06:22:12]   +5 [adverse_authority_handling] ; total=14710 ; rate=535/min ; 2943/6537 batches
[06:22:12]   +5 [adverse_authority_handling] ; total=14715 ; rate=535/min ; 2944/6537 batches
[06:22:31]   FAIL [adverse_authority_handling]: empty_or_unparseable_after_retry
[06:22:31]   +5 [adverse_authority_handling] ; total=14720 ; rate=530/min ; 2945/6537 batches
[06:22:45]   +5 [adverse_authority_handling] ; total=14725 ; rate=525/min ; 2946/6537 batches
[06:22:50]   FAIL [adverse_authority_handling]: empty_or_unparseable_after_retry
[06:22:52]   FAIL [adverse_authority_handling]: empty_or_unparseable_after_retry
[06:23:23]   +5 [adverse_authority_handling] ; total=14730 ; rate=514/min ; 2947/6537 batches
[06:23:26]   FAIL [adverse_authority_handling]: empty_or_unparseable_after_retry
[06:23:35]   +5 [adverse_authority_handling] ; total=14735 ; rate=511/min ; 2948/6537 batches
[06:23:35]   +5 [adverse_authority_handling] ; total=14740 ; rate=511/min ; 2949/6537 batches
[06:23:35]   +5 [adverse_authority_handling] ; total=14745 ; rate=511/min ; 2950/6537 batches
[06:23:35]   +5 [adverse_authority_handling] ; total=14750 ; rate=511/min ; 2951/6537 batches
[06:23:35]   +5 [adverse_authority_handling] ; total=14755 ; rate=511/min ; 2952/6537 batches
[06:23:35]   +5 [adverse_authority_handling] ; total=14760 ; rate=511/min ; 2953/6537 batches
[06:23:44]   +5 [adverse_authority_handling] ; total=14765 ; rate=509/min ; 2954/6537 batches
[06:23:44]   +5 [adverse_authority_handling] ; total=14770 ; rate=509/min ; 2955/6537 batches
[06:23:44]   +5 [adverse_authority_handling] ; total=14775 ; rate=509/min ; 2956/6537 batches
[06:24:06]   FAIL [adverse_authority_handling]: empty_or_unparseable_after_retry
[06:24:06]   +5 [adverse_authority_handling] ; total=14780 ; rate=503/min ; 2957/6537 batches
[06:24:06]   +5 [adverse_authority_handling] ; total=14785 ; rate=503/min ; 2958/6537 batches
[06:24:08]   +5 [adverse_authority_handling] ; total=14790 ; rate=503/min ; 2959/6537 batches
[06:24:15]   FAIL [adverse_authority_handling]: empty_or_unparseable_after_retry
[06:24:15]   +5 [adverse_authority_handling] ; total=14795 ; rate=501/min ; 2960/6537 batches
[06:24:16]   +5 [adverse_authority_handling] ; total=14800 ; rate=501/min ; 2961/6537 batches
[06:24:16]   +5 [adverse_authority_handling] ; total=14805 ; rate=501/min ; 2962/6537 batches
[06:24:16]   +5 [adverse_authority_handling] ; total=14810 ; rate=501/min ; 2963/6537 batches
[06:24:16]   +5 [adverse_authority_handling] ; total=14815 ; rate=501/min ; 2964/6537 batches
[06:24:25]   FAIL [adverse_authority_handling]: empty_or_unparseable_after_retry
[06:24:25]   +5 [adverse_authority_handling] ; total=14820 ; rate=499/min ; 2965/6537 batches
[06:24:25]   +5 [adverse_authority_handling] ; total=14825 ; rate=499/min ; 2966/6537 batches
[06:24:48]   FAIL [adverse_authority_handling]: empty_or_unparseable_after_retry
[06:24:48]   +5 [adverse_authority_handling] ; total=14830 ; rate=493/min ; 2967/6537 batches
[06:24:49]   +5 [adverse_authority_handling] ; total=14835 ; rate=493/min ; 2968/6537 batches
[06:24:49]   +5 [adverse_authority_handling] ; total=14840 ; rate=493/min ; 2969/6537 batches
[06:24:56]   FAIL [adverse_authority_handling]: empty_or_unparseable_after_retry
[06:24:56]   +5 [adverse_authority_handling] ; total=14845 ; rate=491/min ; 2970/6537 batches
[06:24:56]   +5 [adverse_authority_handling] ; total=14850 ; rate=491/min ; 2971/6537 batches
[06:24:56]   +5 [adverse_authority_handling] ; total=14855 ; rate=492/min ; 2972/6537 batches
[06:24:56]   +5 [adverse_authority_handling] ; total=14860 ; rate=492/min ; 2973/6537 batches
[06:24:56]   +5 [adverse_authority_handling] ; total=14865 ; rate=492/min ; 2974/6537 batches
[06:24:56]   +5 [adverse_authority_handling] ; total=14870 ; rate=492/min ; 2975/6537 batches
[06:24:56]   +5 [adverse_authority_handling] ; total=14875 ; rate=492/min ; 2976/6537 batches
[06:24:56]   +5 [adverse_authority_handling] ; total=14880 ; rate=492/min ; 2977/6537 batches
[06:25:05]   FAIL [adverse_authority_handling]: empty_or_unparseable_after_retry
[06:25:05]   +5 [adverse_authority_handling] ; total=14885 ; rate=490/min ; 2978/6537 batches
[06:25:05]   +5 [adverse_authority_handling] ; total=14890 ; rate=490/min ; 2979/6537 batches
[06:25:05]   +5 [adverse_authority_handling] ; total=14895 ; rate=490/min ; 2980/6537 batches
[06:25:29]   FAIL [adverse_authority_handling]: empty_or_unparseable_after_retry
[06:25:29]   +5 [adverse_authority_handling] ; total=14900 ; rate=484/min ; 2981/6537 batches
[06:25:29]   +5 [adverse_authority_handling] ; total=14905 ; rate=484/min ; 2982/6537 batches
[06:25:29]   +5 [adverse_authority_handling] ; total=14910 ; rate=485/min ; 2983/6537 batches
[06:25:29]   +5 [adverse_authority_handling] ; total=14915 ; rate=485/min ; 2984/6537 batches
[06:25:29]   +5 [adverse_authority_handling] ; total=14920 ; rate=485/min ; 2985/6537 batches
[06:25:37]   FAIL [adverse_authority_handling]: empty_or_unparseable_after_retry
[06:25:37]   +5 [adverse_authority_handling] ; total=14925 ; rate=483/min ; 2986/6537 batches
[06:25:37]   +5 [adverse_authority_handling] ; total=14930 ; rate=483/min ; 2987/6537 batches
[06:25:37]   FAIL [adverse_authority_handling]: empty_or_unparseable_after_retry
[06:25:37]   +5 [adverse_authority_handling] ; total=14935 ; rate=483/min ; 2988/6537 batches
[06:25:37]   +5 [adverse_authority_handling] ; total=14940 ; rate=484/min ; 2989/6537 batches
[06:25:37]   +5 [adverse_authority_handling] ; total=14945 ; rate=484/min ; 2990/6537 batches
[06:26:09]   FAIL [adverse_authority_handling]: empty_or_unparseable_after_retry
[06:26:17]   FAIL [adverse_authority_handling]: empty_or_unparseable_after_retry
[06:26:27]   +5 [adverse_authority_handling] (succeeded on retry #2)
[06:26:27]   +5 [adverse_authority_handling] ; total=14950 ; rate=471/min ; 2991/6537 batches
[06:26:27]   +5 [adverse_authority_handling] ; total=14955 ; rate=471/min ; 2992/6537 batches
[06:26:27]   +5 [adverse_authority_handling] ; total=14960 ; rate=471/min ; 2993/6537 batches
[06:26:27]   +5 [adverse_authority_handling] ; total=14965 ; rate=471/min ; 2994/6537 batches
[06:26:43]   +5 [adverse_authority_handling] ; total=14970 ; rate=468/min ; 2995/6537 batches
[06:26:43]   +5 [adverse_authority_handling] ; total=14975 ; rate=468/min ; 2996/6537 batches
[06:26:43]   +5 [adverse_authority_handling] ; total=14980 ; rate=468/min ; 2997/6537 batches
[06:26:45]   +5 [adverse_authority_handling] (succeeded on retry #1)
[06:26:45]   +5 [adverse_authority_handling] ; total=14985 ; rate=468/min ; 2998/6537 batches
[06:26:45]   +5 [adverse_authority_handling] ; total=14990 ; rate=468/min ; 2999/6537 batches
[06:26:45]   +5 [adverse_authority_handling] ; total=14995 ; rate=468/min ; 3000/6537 batches
[06:26:45]   +5 [adverse_authority_handling] ; total=15000 ; rate=468/min ; 3001/6537 batches
[06:26:45]   +5 [adverse_authority_handling] ; total=15005 ; rate=468/min ; 3002/6537 batches
[06:26:45]   +5 [adverse_authority_handling] ; total=15010 ; rate=469/min ; 3003/6537 batches
[06:27:03]   +5 [adverse_authority_handling] ; total=15015 ; rate=464/min ; 3004/6537 batches
[06:27:04]   +5 [adverse_authority_handling] ; total=15020 ; rate=464/min ; 3005/6537 batches
[06:27:08]   FAIL [adverse_authority_handling]: empty_or_unparseable_after_retry
[06:27:42]   +5 [adverse_authority_handling] ; total=15025 ; rate=455/min ; 3006/6537 batches
[06:28:00]   +5 [adverse_authority_handling] ; total=15030 ; rate=452/min ; 3007/6537 batches
[06:28:08]   +5 [adverse_authority_handling] ; total=15035 ; rate=450/min ; 3008/6537 batches
[06:28:08]   +5 [adverse_authority_handling] ; total=15040 ; rate=450/min ; 3009/6537 batches
[06:28:21]   +5 [adverse_authority_handling] (succeeded on retry #2)
[06:28:21]   +5 [adverse_authority_handling] ; total=15045 ; rate=447/min ; 3010/6537 batches
[06:28:22]   +5 [adverse_authority_handling] ; total=15050 ; rate=447/min ; 3011/6537 batches
[06:28:22]   +5 [adverse_authority_handling] ; total=15055 ; rate=447/min ; 3012/6537 batches
[06:28:22]   +5 [adverse_authority_handling] ; total=15060 ; rate=447/min ; 3013/6537 batches
[06:28:23]   +5 [adverse_authority_handling] ; total=15065 ; rate=448/min ; 3014/6537 batches
[06:28:23]   +5 [adverse_authority_handling] ; total=15070 ; rate=448/min ; 3015/6537 batches
[06:28:23]   FAIL [adverse_authority_handling]: empty_or_unparseable_after_retry
[06:28:24]   +5 [adverse_authority_handling] ; total=15075 ; rate=448/min ; 3016/6537 batches
[06:28:24]   +5 [adverse_authority_handling] ; total=15080 ; rate=448/min ; 3017/6537 batches
[06:28:24]   +5 [adverse_authority_handling] ; total=15085 ; rate=448/min ; 3018/6537 batches
[06:28:46]   +5 [adverse_authority_handling] ; total=15090 ; rate=443/min ; 3019/6537 batches
[06:28:48]   +5 [adverse_authority_handling] ; total=15095 ; rate=443/min ; 3020/6537 batches
[06:29:05]   FAIL [adverse_authority_handling]: empty_or_unparseable_after_retry
[06:29:05]   +5 [adverse_authority_handling] ; total=15100 ; rate=439/min ; 3021/6537 batches
[06:29:17]   +5 [adverse_authority_handling] ; total=15105 ; rate=437/min ; 3022/6537 batches
[06:29:40]   +5 [adverse_authority_handling] ; total=15110 ; rate=432/min ; 3023/6537 batches
[06:29:40]   +5 [adverse_authority_handling] ; total=15115 ; rate=432/min ; 3024/6537 batches
[06:29:40]   +5 [adverse_authority_handling] ; total=15120 ; rate=433/min ; 3025/6537 batches
[06:29:41]   +5 [adverse_authority_handling] ; total=15125 ; rate=433/min ; 3026/6537 batches
[06:29:41]   +5 [adverse_authority_handling] ; total=15130 ; rate=433/min ; 3027/6537 batches
[06:29:41]   +5 [adverse_authority_handling] ; total=15135 ; rate=433/min ; 3028/6537 batches
[06:29:41]   +5 [adverse_authority_handling] ; total=15140 ; rate=433/min ; 3029/6537 batches
[06:29:41]   +5 [adverse_authority_handling] ; total=15145 ; rate=433/min ; 3030/6537 batches
[06:29:44]   +5 [adverse_authority_handling] ; total=15150 ; rate=433/min ; 3031/6537 batches
[06:29:44]   +5 [adverse_authority_handling] ; total=15155 ; rate=433/min ; 3032/6537 batches
[06:29:44]   +5 [adverse_authority_handling] ; total=15160 ; rate=433/min ; 3033/6537 batches
[06:29:44]   +5 [adverse_authority_handling] ; total=15165 ; rate=433/min ; 3034/6537 batches
[06:30:16]   +5 [adverse_authority_handling] ; total=15170 ; rate=427/min ; 3035/6537 batches
[06:30:17]   +5 [adverse_authority_handling] ; total=15175 ; rate=427/min ; 3036/6537 batches
[06:30:17]   +5 [adverse_authority_handling] ; total=15180 ; rate=427/min ; 3037/6537 batches
[06:30:17]   +5 [adverse_authority_handling] ; total=15185 ; rate=427/min ; 3038/6537 batches
[06:30:17]   +5 [adverse_authority_handling] ; total=15190 ; rate=427/min ; 3039/6537 batches
[06:30:17]   +5 [adverse_authority_handling] ; total=15195 ; rate=427/min ; 3040/6537 batches
[06:30:17]   +5 [adverse_authority_handling] ; total=15200 ; rate=427/min ; 3041/6537 batches
[06:30:17]   +5 [adverse_authority_handling] ; total=15205 ; rate=428/min ; 3042/6537 batches
[06:30:17]   +5 [adverse_authority_handling] ; total=15210 ; rate=428/min ; 3043/6537 batches
[06:30:22]   FAIL [adverse_authority_handling]: empty_or_unparseable_after_retry
[06:30:22]   +5 [adverse_authority_handling] ; total=15215 ; rate=427/min ; 3044/6537 batches
[06:30:22]   +5 [adverse_authority_handling] ; total=15220 ; rate=427/min ; 3045/6537 batches
[06:30:22]   +5 [adverse_authority_handling] ; total=15225 ; rate=427/min ; 3046/6537 batches
[06:30:33]   +5 [adverse_authority_handling] ; total=15230 ; rate=425/min ; 3047/6537 batches
[06:30:33]   +5 [adverse_authority_handling] ; total=15235 ; rate=425/min ; 3048/6537 batches
[06:30:34]   +5 [adverse_authority_handling] ; total=15240 ; rate=425/min ; 3049/6537 batches
[06:30:34]   +5 [adverse_authority_handling] ; total=15245 ; rate=425/min ; 3050/6537 batches
[06:30:34]   +5 [adverse_authority_handling] ; total=15250 ; rate=425/min ; 3051/6537 batches
[06:30:34]   +5 [adverse_authority_handling] ; total=15255 ; rate=426/min ; 3052/6537 batches
[06:30:34]   +5 [adverse_authority_handling] ; total=15260 ; rate=426/min ; 3053/6537 batches
[06:30:34]   +5 [adverse_authority_handling] ; total=15265 ; rate=426/min ; 3054/6537 batches
[06:30:34]   +5 [adverse_authority_handling] ; total=15270 ; rate=426/min ; 3055/6537 batches
[06:30:38]   +5 [adverse_authority_handling] ; total=15275 ; rate=425/min ; 3056/6537 batches
[06:30:39]   +5 [adverse_authority_handling] ; total=15280 ; rate=425/min ; 3057/6537 batches
[06:30:39]   +5 [adverse_authority_handling] ; total=15285 ; rate=425/min ; 3058/6537 batches
[06:30:39]   +5 [adverse_authority_handling] ; total=15290 ; rate=426/min ; 3059/6537 batches
[06:30:39]   +5 [adverse_authority_handling] ; total=15295 ; rate=426/min ; 3060/6537 batches
[06:30:39]   +5 [adverse_authority_handling] ; total=15300 ; rate=426/min ; 3061/6537 batches
[06:30:39]   +5 [adverse_authority_handling] ; total=15305 ; rate=426/min ; 3062/6537 batches
[06:30:39]   +5 [adverse_authority_handling] ; total=15310 ; rate=426/min ; 3063/6537 batches
[06:30:39]   +5 [adverse_authority_handling] ; total=15315 ; rate=426/min ; 3064/6537 batches
[06:30:39]   +5 [adverse_authority_handling] ; total=15320 ; rate=426/min ; 3065/6537 batches
[06:30:39]   +5 [adverse_authority_handling] ; total=15325 ; rate=426/min ; 3066/6537 batches
[06:30:39]   +5 [adverse_authority_handling] ; total=15330 ; rate=427/min ; 3067/6537 batches
[06:30:39]   +5 [adverse_authority_handling] ; total=15335 ; rate=427/min ; 3068/6537 batches
[06:30:57]   FAIL [adverse_authority_handling]: empty_or_unparseable_after_retry
[06:30:57]   +5 [adverse_authority_handling] ; total=15340 ; rate=423/min ; 3069/6537 batches
[06:30:57]   +5 [adverse_authority_handling] ; total=15345 ; rate=423/min ; 3070/6537 batches
[06:30:57]   +5 [adverse_authority_handling] ; total=15350 ; rate=424/min ; 3071/6537 batches
[06:30:57]   +5 [adverse_authority_handling] ; total=15355 ; rate=424/min ; 3072/6537 batches
[06:30:57]   +5 [adverse_authority_handling] ; total=15360 ; rate=424/min ; 3073/6537 batches
[06:30:57]   +5 [adverse_authority_handling] ; total=15365 ; rate=424/min ; 3074/6537 batches
[06:30:58]   +5 [adverse_authority_handling] ; total=15370 ; rate=424/min ; 3075/6537 batches
[06:30:58]   +5 [adverse_authority_handling] ; total=15375 ; rate=424/min ; 3076/6537 batches
[06:30:58]   +5 [adverse_authority_handling] ; total=15380 ; rate=424/min ; 3077/6537 batches
[06:30:58]   +5 [adverse_authority_handling] ; total=15385 ; rate=424/min ; 3078/6537 batches
[06:30:58]   +5 [adverse_authority_handling] ; total=15390 ; rate=425/min ; 3079/6537 batches
[06:30:58]   +5 [adverse_authority_handling] ; total=15395 ; rate=425/min ; 3080/6537 batches
[06:31:06]   +5 [adverse_authority_handling] ; total=15400 ; rate=423/min ; 3081/6537 batches
[06:31:06]   +5 [adverse_authority_handling] ; total=15405 ; rate=423/min ; 3082/6537 batches
[06:31:06]   +5 [adverse_authority_handling] ; total=15410 ; rate=424/min ; 3083/6537 batches
[06:31:06]   +5 [adverse_authority_handling] ; total=15415 ; rate=424/min ; 3084/6537 batches
[06:31:06]   +5 [adverse_authority_handling] ; total=15420 ; rate=424/min ; 3085/6537 batches
[06:31:06]   +5 [adverse_authority_handling] ; total=15425 ; rate=424/min ; 3086/6537 batches
[06:31:06]   +5 [adverse_authority_handling] ; total=15430 ; rate=424/min ; 3087/6537 batches
[06:31:06]   +5 [adverse_authority_handling] ; total=15435 ; rate=424/min ; 3088/6537 batches
[06:31:06]   +5 [adverse_authority_handling] ; total=15440 ; rate=424/min ; 3089/6537 batches
[06:31:06]   +5 [adverse_authority_handling] ; total=15445 ; rate=424/min ; 3090/6537 batches
[06:31:06]   +5 [adverse_authority_handling] ; total=15450 ; rate=425/min ; 3091/6537 batches
[06:31:06]   +5 [adverse_authority_handling] ; total=15455 ; rate=425/min ; 3092/6537 batches
[06:31:06]   +5 [adverse_authority_handling] ; total=15460 ; rate=425/min ; 3093/6537 batches
[06:32:00]   +5 [adverse_authority_handling] (succeeded on retry #1)
[06:32:00]   +5 [adverse_authority_handling] ; total=15465 ; rate=415/min ; 3094/6537 batches
[06:32:00]   +5 [adverse_authority_handling] ; total=15470 ; rate=415/min ; 3095/6537 batches
[06:32:00]   +5 [adverse_authority_handling] ; total=15475 ; rate=415/min ; 3096/6537 batches
[06:32:00]   +5 [adverse_authority_handling] ; total=15480 ; rate=415/min ; 3097/6537 batches
[06:32:00]   +5 [adverse_authority_handling] ; total=15485 ; rate=415/min ; 3098/6537 batches
[06:32:00]   +5 [adverse_authority_handling] ; total=15490 ; rate=415/min ; 3099/6537 batches
[06:32:00]   +5 [adverse_authority_handling] ; total=15495 ; rate=416/min ; 3100/6537 batches
[06:32:09]   +5 [adverse_authority_handling] (succeeded on retry #2)
[06:32:09]   +5 [adverse_authority_handling] ; total=15500 ; rate=414/min ; 3101/6537 batches
[06:32:15]   +5 [adverse_authority_handling] (succeeded on retry #2)
[06:32:15]   +5 [adverse_authority_handling] ; total=15505 ; rate=413/min ; 3102/6537 batches
[06:32:15]   +5 [adverse_authority_handling] ; total=15510 ; rate=413/min ; 3103/6537 batches
[06:32:15]   +5 [adverse_authority_handling] ; total=15515 ; rate=413/min ; 3104/6537 batches
[06:32:15]   +5 [adverse_authority_handling] ; total=15520 ; rate=414/min ; 3105/6537 batches
[06:32:15]   +5 [adverse_authority_handling] ; total=15525 ; rate=414/min ; 3106/6537 batches
[06:32:15]   +5 [adverse_authority_handling] ; total=15530 ; rate=414/min ; 3107/6537 batches
[06:32:15]   +5 [adverse_authority_handling] ; total=15535 ; rate=414/min ; 3108/6537 batches
[06:32:15]   +5 [adverse_authority_handling] ; total=15540 ; rate=414/min ; 3109/6537 batches
[06:32:15]   +5 [adverse_authority_handling] ; total=15545 ; rate=414/min ; 3110/6537 batches
[06:32:15]   +5 [adverse_authority_handling] ; total=15550 ; rate=414/min ; 3111/6537 batches
[06:32:15]   +5 [adverse_authority_handling] ; total=15555 ; rate=414/min ; 3112/6537 batches
[06:32:16]   +5 [adverse_authority_handling] ; total=15560 ; rate=414/min ; 3113/6537 batches
[06:32:16]   +5 [adverse_authority_handling] (succeeded on retry #2)
[06:32:16]   +5 [adverse_authority_handling] ; total=15565 ; rate=415/min ; 3114/6537 batches
[06:32:43]   +5 [adverse_authority_handling] ; total=15570 ; rate=410/min ; 3115/6537 batches
[06:32:43]   +5 [adverse_authority_handling] ; total=15575 ; rate=410/min ; 3116/6537 batches
[06:32:43]   +5 [adverse_authority_handling] ; total=15580 ; rate=410/min ; 3117/6537 batches
[06:32:43]   +5 [adverse_authority_handling] ; total=15585 ; rate=410/min ; 3118/6537 batches
[06:32:43]   +5 [adverse_authority_handling] ; total=15590 ; rate=410/min ; 3119/6537 batches
[06:32:43]   +5 [adverse_authority_handling] ; total=15595 ; rate=410/min ; 3120/6537 batches
[06:32:43]   +5 [adverse_authority_handling] ; total=15600 ; rate=411/min ; 3121/6537 batches
[06:32:43]   +5 [adverse_authority_handling] ; total=15605 ; rate=411/min ; 3122/6537 batches
[06:32:43]   +5 [adverse_authority_handling] ; total=15610 ; rate=411/min ; 3123/6537 batches
[06:32:43]   +5 [adverse_authority_handling] ; total=15615 ; rate=411/min ; 3124/6537 batches
[06:32:43]   +5 [adverse_authority_handling] ; total=15620 ; rate=411/min ; 3125/6537 batches
[06:32:43]   +5 [adverse_authority_handling] ; total=15625 ; rate=411/min ; 3126/6537 batches
[06:32:43]   +5 [adverse_authority_handling] ; total=15630 ; rate=411/min ; 3127/6537 batches
[06:32:51]   +5 [adverse_authority_handling] ; total=15635 ; rate=410/min ; 3128/6537 batches
[06:32:51]   +5 [adverse_authority_handling] ; total=15640 ; rate=410/min ; 3129/6537 batches
[06:32:52]   +5 [adverse_authority_handling] ; total=15645 ; rate=410/min ; 3130/6537 batches
[06:32:52]   +5 [adverse_authority_handling] ; total=15650 ; rate=410/min ; 3131/6537 batches
[06:32:52]   +5 [adverse_authority_handling] ; total=15655 ; rate=410/min ; 3132/6537 batches
[06:32:52]   +5 [adverse_authority_handling] ; total=15660 ; rate=411/min ; 3133/6537 batches
[06:32:52]   +5 [adverse_authority_handling] ; total=15665 ; rate=411/min ; 3134/6537 batches
[06:32:52]   +5 [adverse_authority_handling] ; total=15670 ; rate=411/min ; 3135/6537 batches
[06:32:52]   +5 [adverse_authority_handling] ; total=15675 ; rate=411/min ; 3136/6537 batches
[06:32:52]   +5 [adverse_authority_handling] ; total=15680 ; rate=411/min ; 3137/6537 batches
[06:32:52]   +5 [adverse_authority_handling] ; total=15685 ; rate=411/min ; 3138/6537 batches
[06:32:52]   +5 [adverse_authority_handling] ; total=15690 ; rate=411/min ; 3139/6537 batches
[06:32:52]   +5 [adverse_authority_handling] ; total=15695 ; rate=411/min ; 3140/6537 batches
[06:32:52]   +5 [adverse_authority_handling] ; total=15700 ; rate=412/min ; 3141/6537 batches
[06:32:52]   +5 [adverse_authority_handling] ; total=15705 ; rate=412/min ; 3142/6537 batches
[06:32:52]   +5 [adverse_authority_handling] ; total=15710 ; rate=412/min ; 3143/6537 batches
[06:32:52]   +5 [adverse_authority_handling] ; total=15715 ; rate=412/min ; 3144/6537 batches
[06:32:52]   +5 [adverse_authority_handling] ; total=15720 ; rate=412/min ; 3145/6537 batches
[06:32:53]   +5 [adverse_authority_handling] ; total=15725 ; rate=412/min ; 3146/6537 batches
[06:32:53]   +5 [adverse_authority_handling] ; total=15730 ; rate=412/min ; 3147/6537 batches
[06:32:53]   +5 [adverse_authority_handling] ; total=15735 ; rate=412/min ; 3148/6537 batches
[06:32:53]   +5 [adverse_authority_handling] ; total=15740 ; rate=412/min ; 3149/6537 batches
[06:32:53]   +5 [adverse_authority_handling] ; total=15745 ; rate=413/min ; 3150/6537 batches
[06:32:53]   +5 [adverse_authority_handling] ; total=15750 ; rate=413/min ; 3151/6537 batches
[06:32:53]   +5 [adverse_authority_handling] ; total=15755 ; rate=413/min ; 3152/6537 batches
[06:32:53]   +5 [adverse_authority_handling] ; total=15760 ; rate=413/min ; 3153/6537 batches
[06:32:53]   +5 [adverse_authority_handling] ; total=15765 ; rate=413/min ; 3154/6537 batches
[06:32:53]   +5 [adverse_authority_handling] ; total=15770 ; rate=413/min ; 3155/6537 batches
[06:32:53]   +5 [adverse_authority_handling] ; total=15775 ; rate=413/min ; 3156/6537 batches
[06:32:53]   +5 [adverse_authority_handling] ; total=15780 ; rate=413/min ; 3157/6537 batches
[06:32:53]   +5 [adverse_authority_handling] ; total=15785 ; rate=414/min ; 3158/6537 batches
[06:32:53]   +5 [adverse_authority_handling] ; total=15790 ; rate=414/min ; 3159/6537 batches
[06:32:53]   +5 [adverse_authority_handling] ; total=15795 ; rate=414/min ; 3160/6537 batches
[06:32:53]   +5 [adverse_authority_handling] ; total=15800 ; rate=414/min ; 3161/6537 batches
[06:32:54]   +5 [adverse_authority_handling] ; total=15805 ; rate=414/min ; 3162/6537 batches
[06:32:54]   +5 [adverse_authority_handling] ; total=15810 ; rate=414/min ; 3163/6537 batches
[06:32:54]   +5 [adverse_authority_handling] ; total=15815 ; rate=414/min ; 3164/6537 batches
[06:32:54]   +5 [adverse_authority_handling] ; total=15820 ; rate=414/min ; 3165/6537 batches
[06:32:54]   +5 [adverse_authority_handling] ; total=15825 ; rate=415/min ; 3166/6537 batches
[06:32:54]   +5 [adverse_authority_handling] ; total=15830 ; rate=415/min ; 3167/6537 batches
[06:32:54]   +5 [adverse_authority_handling] ; total=15835 ; rate=415/min ; 3168/6537 batches
[06:32:54]   +5 [adverse_authority_handling] ; total=15840 ; rate=415/min ; 3169/6537 batches
[06:32:54]   +5 [adverse_authority_handling] ; total=15845 ; rate=415/min ; 3170/6537 batches
[06:32:54]   +5 [adverse_authority_handling] ; total=15850 ; rate=415/min ; 3171/6537 batches
[06:32:54]   +5 [adverse_authority_handling] ; total=15855 ; rate=415/min ; 3172/6537 batches
[06:32:54]   +5 [adverse_authority_handling] ; total=15860 ; rate=415/min ; 3173/6537 batches
[06:32:54]   +5 [adverse_authority_handling] ; total=15865 ; rate=415/min ; 3174/6537 batches
[06:32:54]   +5 [adverse_authority_handling] ; total=15870 ; rate=416/min ; 3175/6537 batches
[06:32:54]   +5 [adverse_authority_handling] ; total=15875 ; rate=416/min ; 3176/6537 batches
[06:32:54]   +5 [adverse_authority_handling] ; total=15880 ; rate=416/min ; 3177/6537 batches
[06:32:55]   +5 [adverse_authority_handling] ; total=15885 ; rate=416/min ; 3178/6537 batches
[06:32:55]   +5 [adverse_authority_handling] ; total=15890 ; rate=416/min ; 3179/6537 batches
[06:32:55]   +5 [adverse_authority_handling] ; total=15895 ; rate=416/min ; 3180/6537 batches
[06:32:55]   +5 [adverse_authority_handling] ; total=15900 ; rate=416/min ; 3181/6537 batches
[06:32:55]   +5 [adverse_authority_handling] ; total=15905 ; rate=416/min ; 3182/6537 batches
[06:32:55]   +5 [adverse_authority_handling] ; total=15910 ; rate=417/min ; 3183/6537 batches
[06:32:55]   +5 [adverse_authority_handling] ; total=15915 ; rate=417/min ; 3184/6537 batches
[06:32:55]   +5 [adverse_authority_handling] ; total=15920 ; rate=417/min ; 3185/6537 batches
[06:32:55]   +5 [adverse_authority_handling] ; total=15925 ; rate=417/min ; 3186/6537 batches
[06:32:55]   +5 [adverse_authority_handling] ; total=15930 ; rate=417/min ; 3187/6537 batches
[06:32:55]   +5 [adverse_authority_handling] ; total=15935 ; rate=417/min ; 3188/6537 batches
[06:32:55]   +5 [adverse_authority_handling] ; total=15940 ; rate=417/min ; 3189/6537 batches
[06:32:55]   +5 [adverse_authority_handling] ; total=15945 ; rate=417/min ; 3190/6537 batches
[06:32:55]   +5 [adverse_authority_handling] ; total=15950 ; rate=417/min ; 3191/6537 batches
[06:32:55]   +5 [adverse_authority_handling] ; total=15955 ; rate=418/min ; 3192/6537 batches
[06:32:55]   +5 [adverse_authority_handling] ; total=15960 ; rate=418/min ; 3193/6537 batches
[06:32:55]   +5 [adverse_authority_handling] ; total=15965 ; rate=418/min ; 3194/6537 batches
[06:32:56]   +5 [adverse_authority_handling] ; total=15970 ; rate=418/min ; 3195/6537 batches
[06:32:56]   +5 [adverse_authority_handling] ; total=15975 ; rate=418/min ; 3196/6537 batches
[06:32:56]   +5 [adverse_authority_handling] ; total=15980 ; rate=418/min ; 3197/6537 batches
[06:32:56]   +5 [adverse_authority_handling] ; total=15985 ; rate=418/min ; 3198/6537 batches
[06:32:56]   +5 [adverse_authority_handling] ; total=15990 ; rate=418/min ; 3199/6537 batches
[06:32:56]   +5 [adverse_authority_handling] ; total=15995 ; rate=419/min ; 3200/6537 batches
[06:32:56]   +5 [adverse_authority_handling] ; total=16000 ; rate=419/min ; 3201/6537 batches
[06:32:56]   +5 [adverse_authority_handling] ; total=16005 ; rate=419/min ; 3202/6537 batches
[06:32:56]   +5 [adverse_authority_handling] ; total=16010 ; rate=419/min ; 3203/6537 batches
[06:32:56]   +5 [adverse_authority_handling] ; total=16015 ; rate=419/min ; 3204/6537 batches
[06:32:56]   +5 [adverse_authority_handling] ; total=16020 ; rate=419/min ; 3205/6537 batches
[06:32:56]   +5 [adverse_authority_handling] ; total=16025 ; rate=419/min ; 3206/6537 batches
[06:32:56]   +5 [adverse_authority_handling] ; total=16030 ; rate=419/min ; 3207/6537 batches
[06:32:56]   +5 [adverse_authority_handling] ; total=16035 ; rate=420/min ; 3208/6537 batches
[06:32:56]   +5 [adverse_authority_handling] ; total=16040 ; rate=420/min ; 3209/6537 batches
[06:32:56]   +5 [adverse_authority_handling] ; total=16045 ; rate=420/min ; 3210/6537 batches
[06:32:56]   +5 [adverse_authority_handling] ; total=16050 ; rate=420/min ; 3211/6537 batches
[06:32:57]   +5 [adverse_authority_handling] ; total=16055 ; rate=420/min ; 3212/6537 batches
[06:32:57]   +5 [adverse_authority_handling] ; total=16060 ; rate=420/min ; 3213/6537 batches
[06:32:57]   +5 [adverse_authority_handling] ; total=16065 ; rate=420/min ; 3214/6537 batches
[06:32:57]   +5 [adverse_authority_handling] ; total=16070 ; rate=420/min ; 3215/6537 batches
[06:32:57]   +5 [adverse_authority_handling] ; total=16075 ; rate=421/min ; 3216/6537 batches
[06:32:57]   +5 [adverse_authority_handling] ; total=16080 ; rate=421/min ; 3217/6537 batches
[06:32:57]   +5 [adverse_authority_handling] ; total=16085 ; rate=421/min ; 3218/6537 batches
[06:32:57]   +5 [adverse_authority_handling] ; total=16090 ; rate=421/min ; 3219/6537 batches
[06:32:57]   +5 [adverse_authority_handling] ; total=16095 ; rate=421/min ; 3220/6537 batches
[06:32:57]   +5 [adverse_authority_handling] ; total=16100 ; rate=421/min ; 3221/6537 batches
[06:32:57]   +5 [adverse_authority_handling] ; total=16105 ; rate=421/min ; 3222/6537 batches
[06:32:57]   +5 [adverse_authority_handling] ; total=16110 ; rate=421/min ; 3223/6537 batches
[06:32:57]   +5 [adverse_authority_handling] ; total=16115 ; rate=422/min ; 3224/6537 batches
[06:32:57]   +5 [adverse_authority_handling] ; total=16120 ; rate=422/min ; 3225/6537 batches
[06:32:57]   +5 [adverse_authority_handling] ; total=16125 ; rate=422/min ; 3226/6537 batches
[06:32:57]   +5 [adverse_authority_handling] ; total=16130 ; rate=422/min ; 3227/6537 batches
[06:32:57]   +5 [adverse_authority_handling] ; total=16135 ; rate=422/min ; 3228/6537 batches
[06:32:57]   +5 [adverse_authority_handling] ; total=16140 ; rate=422/min ; 3229/6537 batches
[06:32:57]   +5 [adverse_authority_handling] ; total=16145 ; rate=422/min ; 3230/6537 batches
[06:32:57]   +5 [adverse_authority_handling] ; total=16150 ; rate=422/min ; 3231/6537 batches
[06:32:57]   +5 [adverse_authority_handling] ; total=16155 ; rate=423/min ; 3232/6537 batches
[06:32:57]   +5 [adverse_authority_handling] ; total=16160 ; rate=423/min ; 3233/6537 batches
[06:32:57]   +5 [adverse_authority_handling] ; total=16165 ; rate=423/min ; 3234/6537 batches
[06:32:57]   +5 [adverse_authority_handling] ; total=16170 ; rate=423/min ; 3235/6537 batches
[06:32:57]   +5 [adverse_authority_handling] ; total=16175 ; rate=423/min ; 3236/6537 batches
[06:32:57]   +5 [adverse_authority_handling] ; total=16180 ; rate=423/min ; 3237/6537 batches
[06:32:57]   +5 [adverse_authority_handling] ; total=16185 ; rate=423/min ; 3238/6537 batches
[06:32:58]   +5 [adverse_authority_handling] ; total=16190 ; rate=423/min ; 3239/6537 batches
[06:32:58]   +5 [adverse_authority_handling] ; total=16195 ; rate=423/min ; 3240/6537 batches
[06:32:58]   +5 [adverse_authority_handling] ; total=16200 ; rate=424/min ; 3241/6537 batches
[06:32:58]   +5 [adverse_authority_handling] ; total=16205 ; rate=424/min ; 3242/6537 batches
[06:32:58]   +5 [adverse_authority_handling] ; total=16210 ; rate=424/min ; 3243/6537 batches
[06:32:58]   +5 [adverse_authority_handling] ; total=16215 ; rate=424/min ; 3244/6537 batches
[06:32:58]   +5 [adverse_authority_handling] ; total=16220 ; rate=424/min ; 3245/6537 batches
[06:32:58]   +5 [adverse_authority_handling] ; total=16225 ; rate=424/min ; 3246/6537 batches
[06:32:58]   +5 [adverse_authority_handling] ; total=16230 ; rate=424/min ; 3247/6537 batches
[06:32:58]   +5 [adverse_authority_handling] ; total=16235 ; rate=424/min ; 3248/6537 batches
[06:32:58]   +5 [adverse_authority_handling] ; total=16240 ; rate=425/min ; 3249/6537 batches
[06:32:58]   +5 [adverse_authority_handling] ; total=16245 ; rate=425/min ; 3250/6537 batches
[06:32:58]   +5 [adverse_authority_handling] ; total=16250 ; rate=425/min ; 3251/6537 batches
[06:32:58]   +5 [adverse_authority_handling] ; total=16255 ; rate=425/min ; 3252/6537 batches
[06:32:58]   +5 [adverse_authority_handling] ; total=16260 ; rate=425/min ; 3253/6537 batches
[06:32:58]   +5 [adverse_authority_handling] ; total=16265 ; rate=425/min ; 3254/6537 batches
[06:32:58]   +5 [adverse_authority_handling] ; total=16270 ; rate=425/min ; 3255/6537 batches
[06:32:58]   +5 [adverse_authority_handling] ; total=16275 ; rate=425/min ; 3256/6537 batches
[06:32:58]   +5 [adverse_authority_handling] ; total=16280 ; rate=426/min ; 3257/6537 batches
[06:32:58]   +5 [adverse_authority_handling] ; total=16285 ; rate=426/min ; 3258/6537 batches
[06:32:58]   +5 [adverse_authority_handling] ; total=16290 ; rate=426/min ; 3259/6537 batches
[06:32:58]   +5 [adverse_authority_handling] ; total=16295 ; rate=426/min ; 3260/6537 batches
[06:32:58]   +5 [adverse_authority_handling] ; total=16300 ; rate=426/min ; 3261/6537 batches
[06:32:58]   +5 [adverse_authority_handling] ; total=16305 ; rate=426/min ; 3262/6537 batches
[06:32:59]   +5 [adverse_authority_handling] ; total=16310 ; rate=426/min ; 3263/6537 batches
[06:32:59]   +5 [adverse_authority_handling] ; total=16315 ; rate=426/min ; 3264/6537 batches
[06:32:59]   +5 [adverse_authority_handling] ; total=16320 ; rate=427/min ; 3265/6537 batches
[06:32:59]   +5 [adverse_authority_handling] ; total=16325 ; rate=427/min ; 3266/6537 batches
[06:32:59]   +5 [adverse_authority_handling] ; total=16330 ; rate=427/min ; 3267/6537 batches
[06:32:59]   +5 [adverse_authority_handling] ; total=16335 ; rate=427/min ; 3268/6537 batches
[06:32:59]   +5 [adverse_authority_handling] ; total=16340 ; rate=427/min ; 3269/6537 batches
[06:32:59]   +5 [adverse_authority_handling] ; total=16345 ; rate=427/min ; 3270/6537 batches
[06:32:59]   +5 [adverse_authority_handling] ; total=16350 ; rate=427/min ; 3271/6537 batches
[06:32:59]   +5 [adverse_authority_handling] ; total=16355 ; rate=427/min ; 3272/6537 batches
[06:32:59]   +5 [adverse_authority_handling] ; total=16360 ; rate=428/min ; 3273/6537 batches
[06:32:59]   +5 [adverse_authority_handling] ; total=16365 ; rate=428/min ; 3274/6537 batches
[06:32:59]   +5 [adverse_authority_handling] ; total=16370 ; rate=428/min ; 3275/6537 batches
[06:32:59]   +5 [adverse_authority_handling] ; total=16375 ; rate=428/min ; 3276/6537 batches
[06:32:59]   +5 [adverse_authority_handling] ; total=16380 ; rate=428/min ; 3277/6537 batches
[06:32:59]   +5 [adverse_authority_handling] ; total=16385 ; rate=428/min ; 3278/6537 batches
[06:32:59]   +5 [adverse_authority_handling] ; total=16390 ; rate=428/min ; 3279/6537 batches
[06:32:59]   +5 [adverse_authority_handling] ; total=16395 ; rate=428/min ; 3280/6537 batches
[06:32:59]   +5 [adverse_authority_handling] ; total=16400 ; rate=429/min ; 3281/6537 batches
[06:32:59]   +5 [adverse_authority_handling] ; total=16405 ; rate=429/min ; 3282/6537 batches
[06:32:59]   +5 [adverse_authority_handling] ; total=16410 ; rate=429/min ; 3283/6537 batches
[06:32:59]   +5 [adverse_authority_handling] ; total=16415 ; rate=429/min ; 3284/6537 batches
[06:32:59]   +5 [adverse_authority_handling] ; total=16420 ; rate=429/min ; 3285/6537 batches
[06:32:59]   +5 [adverse_authority_handling] ; total=16425 ; rate=429/min ; 3286/6537 batches
[06:32:59]   +5 [adverse_authority_handling] ; total=16430 ; rate=429/min ; 3287/6537 batches
[06:32:59]   +5 [adverse_authority_handling] ; total=16435 ; rate=429/min ; 3288/6537 batches
[06:33:00]   +5 [adverse_authority_handling] ; total=16440 ; rate=430/min ; 3289/6537 batches
[06:33:00]   +5 [adverse_authority_handling] ; total=16445 ; rate=430/min ; 3290/6537 batches
[06:33:00]   +5 [adverse_authority_handling] ; total=16450 ; rate=430/min ; 3291/6537 batches
[06:33:00]   +5 [adverse_authority_handling] ; total=16455 ; rate=430/min ; 3292/6537 batches
[06:33:00]   +5 [adverse_authority_handling] ; total=16460 ; rate=430/min ; 3293/6537 batches
[06:33:00]   +5 [adverse_authority_handling] ; total=16465 ; rate=430/min ; 3294/6537 batches
[06:33:00]   +5 [adverse_authority_handling] ; total=16470 ; rate=430/min ; 3295/6537 batches
[06:33:00]   +5 [adverse_authority_handling] ; total=16475 ; rate=430/min ; 3296/6537 batches
[06:33:00]   +5 [adverse_authority_handling] ; total=16480 ; rate=430/min ; 3297/6537 batches
[06:33:00]   +5 [adverse_authority_handling] ; total=16485 ; rate=431/min ; 3298/6537 batches
[06:33:00]   +5 [adverse_authority_handling] ; total=16490 ; rate=431/min ; 3299/6537 batches
[06:33:00]   +5 [adverse_authority_handling] ; total=16495 ; rate=431/min ; 3300/6537 batches
[06:33:00]   +5 [adverse_authority_handling] ; total=16500 ; rate=431/min ; 3301/6537 batches
[06:33:00]   +5 [adverse_authority_handling] ; total=16505 ; rate=431/min ; 3302/6537 batches
[06:33:01]   +5 [adverse_authority_handling] ; total=16510 ; rate=431/min ; 3303/6537 batches
[06:33:01]   +5 [adverse_authority_handling] ; total=16515 ; rate=431/min ; 3304/6537 batches
[06:33:01]   +5 [adverse_authority_handling] ; total=16520 ; rate=431/min ; 3305/6537 batches
[06:33:01]   +5 [adverse_authority_handling] ; total=16525 ; rate=431/min ; 3306/6537 batches
[06:33:01]   +5 [adverse_authority_handling] ; total=16530 ; rate=432/min ; 3307/6537 batches
[06:33:01]   +5 [adverse_authority_handling] ; total=16535 ; rate=432/min ; 3308/6537 batches
[06:33:01]   +5 [adverse_authority_handling] ; total=16540 ; rate=432/min ; 3309/6537 batches
[06:33:01]   +5 [adverse_authority_handling] ; total=16545 ; rate=432/min ; 3310/6537 batches
[06:33:01]   +5 [adverse_authority_handling] ; total=16550 ; rate=432/min ; 3311/6537 batches
[06:33:02]   +5 [adverse_authority_handling] ; total=16555 ; rate=432/min ; 3312/6537 batches
[06:33:04]   +5 [adverse_authority_handling] ; total=16560 ; rate=432/min ; 3313/6537 batches
[06:33:04]   +5 [adverse_authority_handling] ; total=16565 ; rate=432/min ; 3314/6537 batches
[06:33:04]   +5 [adverse_authority_handling] ; total=16570 ; rate=432/min ; 3315/6537 batches
[06:33:04]   +5 [adverse_authority_handling] ; total=16575 ; rate=432/min ; 3316/6537 batches
[06:33:05]   +5 [adverse_authority_handling] ; total=16580 ; rate=432/min ; 3317/6537 batches
[06:33:05]   +5 [adverse_authority_handling] ; total=16585 ; rate=432/min ; 3318/6537 batches
[06:33:05]   +5 [adverse_authority_handling] ; total=16590 ; rate=432/min ; 3319/6537 batches
[06:33:05]   +5 [adverse_authority_handling] ; total=16595 ; rate=433/min ; 3320/6537 batches
[06:33:05]   +5 [adverse_authority_handling] ; total=16600 ; rate=433/min ; 3321/6537 batches
[06:33:05]   +5 [adverse_authority_handling] ; total=16605 ; rate=433/min ; 3322/6537 batches
[06:33:45]   FAIL [adverse_authority_handling]: empty_or_unparseable_after_retry
[06:33:45]   +5 [adverse_authority_handling] ; total=16610 ; rate=426/min ; 3323/6537 batches
[06:33:45]   +5 [adverse_authority_handling] ; total=16615 ; rate=426/min ; 3324/6537 batches
[06:33:45]   FAIL [adverse_authority_handling]: empty_or_unparseable_after_retry
[06:34:02]   FAIL [adverse_authority_handling]: empty_or_unparseable_after_retry
[06:34:03]   +5 [adverse_authority_handling] ; total=16620 ; rate=423/min ; 3325/6537 batches
[06:34:03]   +5 [adverse_authority_handling] ; total=16625 ; rate=423/min ; 3326/6537 batches
[06:34:03]   +5 [adverse_authority_handling] ; total=16630 ; rate=423/min ; 3327/6537 batches
[06:34:06]   FAIL [adverse_authority_handling]: empty_or_unparseable_after_retry
[06:34:07]   +5 [adverse_authority_handling] ; total=16635 ; rate=422/min ; 3328/6537 batches
[06:34:07]   +5 [adverse_authority_handling] ; total=16640 ; rate=422/min ; 3329/6537 batches
[06:34:07]   +5 [adverse_authority_handling] ; total=16645 ; rate=423/min ; 3330/6537 batches
[06:34:07]   +5 [adverse_authority_handling] ; total=16650 ; rate=423/min ; 3331/6537 batches
[06:34:26]   FAIL [adverse_authority_handling]: empty_or_unparseable_after_retry
[06:34:26]   +5 [adverse_authority_handling] ; total=16655 ; rate=419/min ; 3332/6537 batches
[06:34:34]   +5 [adverse_authority_handling] ; total=16660 ; rate=418/min ; 3333/6537 batches
[06:34:47]   FAIL [adverse_authority_handling]: empty_or_unparseable_after_retry
[06:34:47]   +5 [adverse_authority_handling] ; total=16665 ; rate=416/min ; 3334/6537 batches
[06:34:47]   +5 [adverse_authority_handling] ; total=16670 ; rate=416/min ; 3335/6537 batches
[06:34:48]   +5 [adverse_authority_handling] ; total=16675 ; rate=416/min ; 3336/6537 batches
[06:34:55]   +5 [adverse_authority_handling] ; total=16680 ; rate=415/min ; 3337/6537 batches
[06:34:55]   +5 [adverse_authority_handling] ; total=16685 ; rate=415/min ; 3338/6537 batches
[06:34:55]   +5 [adverse_authority_handling] ; total=16690 ; rate=415/min ; 3339/6537 batches
[06:34:55]   +5 [adverse_authority_handling] ; total=16695 ; rate=415/min ; 3340/6537 batches
[06:34:55]   +5 [adverse_authority_handling] ; total=16700 ; rate=415/min ; 3341/6537 batches
[06:34:55]   +5 [adverse_authority_handling] ; total=16705 ; rate=416/min ; 3342/6537 batches
[06:35:15]   FAIL [adverse_authority_handling]: empty_or_unparseable_after_retry
[06:35:15]   +5 [adverse_authority_handling] ; total=16710 ; rate=412/min ; 3343/6537 batches
[06:35:32]   FAIL [adverse_authority_handling]: empty_or_unparseable_after_retry
[06:35:35]   FAIL [adverse_authority_handling]: empty_or_unparseable_after_retry
[06:35:35]   +5 [adverse_authority_handling] ; total=16715 ; rate=409/min ; 3344/6537 batches
[06:35:35]   +5 [adverse_authority_handling] ; total=16720 ; rate=409/min ; 3345/6537 batches
[06:35:35]   +5 [adverse_authority_handling] ; total=16725 ; rate=409/min ; 3346/6537 batches
[06:35:49]   +5 [adverse_authority_handling] ; total=16730 ; rate=407/min ; 3347/6537 batches
[06:35:49]   +5 [adverse_authority_handling] ; total=16735 ; rate=407/min ; 3348/6537 batches
[06:35:49]   +5 [adverse_authority_handling] ; total=16740 ; rate=407/min ; 3349/6537 batches
[06:35:55]   FAIL [adverse_authority_handling]: empty_or_unparseable_after_retry
[06:35:55]   +5 [adverse_authority_handling] ; total=16745 ; rate=406/min ; 3350/6537 batches
[06:35:55]   +5 [adverse_authority_handling] ; total=16750 ; rate=407/min ; 3351/6537 batches
[06:36:12]   FAIL [adverse_authority_handling]: empty_or_unparseable_after_retry
[06:36:12]   +5 [adverse_authority_handling] ; total=16755 ; rate=404/min ; 3352/6537 batches
[06:36:31]   +5 [adverse_authority_handling] ; total=16760 ; rate=401/min ; 3353/6537 batches
[06:36:35]   FAIL [adverse_authority_handling]: empty_or_unparseable_after_retry
[06:36:35]   +5 [adverse_authority_handling] ; total=16765 ; rate=400/min ; 3354/6537 batches
[06:36:35]   +5 [adverse_authority_handling] ; total=16770 ; rate=401/min ; 3355/6537 batches
[06:36:35]   +5 [adverse_authority_handling] ; total=16775 ; rate=401/min ; 3356/6537 batches
[06:36:35]   +5 [adverse_authority_handling] ; total=16780 ; rate=401/min ; 3357/6537 batches
[06:36:36]   +5 [adverse_authority_handling] ; total=16785 ; rate=401/min ; 3358/6537 batches
[06:36:36]   +5 [adverse_authority_handling] ; total=16790 ; rate=401/min ; 3359/6537 batches
[06:36:43]   +5 [adverse_authority_handling] ; total=16795 ; rate=400/min ; 3360/6537 batches
[06:36:43]   +5 [adverse_authority_handling] ; total=16800 ; rate=400/min ; 3361/6537 batches
[06:36:43]   +5 [adverse_authority_handling] ; total=16805 ; rate=400/min ; 3362/6537 batches
[06:36:53]   FAIL [adverse_authority_handling]: empty_or_unparseable_after_retry
[06:36:53]   +5 [adverse_authority_handling] ; total=16810 ; rate=399/min ; 3363/6537 batches
[06:37:12]   FAIL [adverse_authority_handling]: empty_or_unparseable_after_retry
[06:37:23]   FAIL [adverse_authority_handling]: empty_or_unparseable_after_retry
[06:37:23]   +5 [adverse_authority_handling] ; total=16815 ; rate=394/min ; 3364/6537 batches
[06:37:28]   +5 [adverse_authority_handling] ; total=16820 ; rate=393/min ; 3365/6537 batches
[06:37:28]   +5 [adverse_authority_handling] ; total=16825 ; rate=394/min ; 3366/6537 batches
[06:37:28]   +5 [adverse_authority_handling] ; total=16830 ; rate=394/min ; 3367/6537 batches
[06:37:28]   +5 [adverse_authority_handling] ; total=16835 ; rate=394/min ; 3368/6537 batches
[06:37:28]   +5 [adverse_authority_handling] ; total=16840 ; rate=394/min ; 3369/6537 batches
[06:37:28]   +5 [adverse_authority_handling] ; total=16845 ; rate=394/min ; 3370/6537 batches
[06:37:28]   +5 [adverse_authority_handling] ; total=16850 ; rate=394/min ; 3371/6537 batches
[06:37:28]   +5 [adverse_authority_handling] ; total=16855 ; rate=394/min ; 3372/6537 batches
[06:37:33]   FAIL [adverse_authority_handling]: empty_or_unparseable_after_retry
[06:37:33]   +5 [adverse_authority_handling] ; total=16860 ; rate=394/min ; 3373/6537 batches
[06:37:52]   FAIL [adverse_authority_handling]: empty_or_unparseable_after_retry
[06:38:13]   FAIL [adverse_authority_handling]: empty_or_unparseable_after_retry
[06:38:13]   +5 [adverse_authority_handling] ; total=16865 ; rate=388/min ; 3374/6537 batches
[06:38:25]   FAIL [adverse_authority_handling]: empty_or_unparseable_after_retry
[06:38:25]   +5 [adverse_authority_handling] ; total=16870 ; rate=386/min ; 3375/6537 batches
[06:38:25]   +5 [adverse_authority_handling] ; total=16875 ; rate=386/min ; 3376/6537 batches
[06:38:25]   +5 [adverse_authority_handling] ; total=16880 ; rate=386/min ; 3377/6537 batches
[06:38:25]   +5 [adverse_authority_handling] ; total=16885 ; rate=386/min ; 3378/6537 batches
[06:38:26]   +5 [adverse_authority_handling] ; total=16890 ; rate=386/min ; 3379/6537 batches
[06:38:26]   +5 [adverse_authority_handling] ; total=16895 ; rate=387/min ; 3380/6537 batches
[06:38:52]   +5 [adverse_authority_handling] (succeeded on retry #2)
[06:38:52]   +5 [adverse_authority_handling] ; total=16900 ; rate=383/min ; 3381/6537 batches
[06:38:52]   +5 [adverse_authority_handling] ; total=16905 ; rate=383/min ; 3382/6537 batches
[06:38:52]   +5 [adverse_authority_handling] ; total=16910 ; rate=383/min ; 3383/6537 batches
[06:38:53]   FAIL [adverse_authority_handling]: empty_or_unparseable_after_retry
[06:39:02]   +5 [adverse_authority_handling] ; total=16915 ; rate=382/min ; 3384/6537 batches
[06:39:02]   +5 [adverse_authority_handling] ; total=16920 ; rate=382/min ; 3385/6537 batches
[06:39:19]   +5 [adverse_authority_handling] (succeeded on retry #2)
[06:39:19]   +5 [adverse_authority_handling] ; total=16925 ; rate=380/min ; 3386/6537 batches
[06:39:19]   +5 [adverse_authority_handling] ; total=16930 ; rate=380/min ; 3387/6537 batches
[06:39:19]   +5 [adverse_authority_handling] ; total=16935 ; rate=380/min ; 3388/6537 batches
[06:39:19]   +5 [adverse_authority_handling] ; total=16940 ; rate=380/min ; 3389/6537 batches
[06:39:19]   +5 [adverse_authority_handling] ; total=16945 ; rate=380/min ; 3390/6537 batches
[06:39:19]   +5 [adverse_authority_handling] ; total=16950 ; rate=380/min ; 3391/6537 batches
[06:39:19]   +5 [adverse_authority_handling] ; total=16955 ; rate=380/min ; 3392/6537 batches
[06:39:20]   +5 [adverse_authority_handling] ; total=16960 ; rate=380/min ; 3393/6537 batches
[06:39:20]   +5 [adverse_authority_handling] ; total=16965 ; rate=380/min ; 3394/6537 batches
[06:39:20]   +5 [adverse_authority_handling] ; total=16970 ; rate=380/min ; 3395/6537 batches
[06:39:32]   FAIL [adverse_authority_handling]: empty_or_unparseable_after_retry
[06:39:32]   +5 [adverse_authority_handling] ; total=16975 ; rate=379/min ; 3396/6537 batches
[06:39:33]   +5 [adverse_authority_handling] ; total=16980 ; rate=379/min ; 3397/6537 batches
[06:39:42]   FAIL [adverse_authority_handling]: empty_or_unparseable_after_retry
[06:39:42]   +5 [adverse_authority_handling] ; total=16985 ; rate=378/min ; 3398/6537 batches
[06:39:42]   +5 [adverse_authority_handling] ; total=16990 ; rate=378/min ; 3399/6537 batches
[06:39:42]   +5 [adverse_authority_handling] ; total=16995 ; rate=378/min ; 3400/6537 batches
[06:39:42]   +5 [adverse_authority_handling] ; total=17000 ; rate=378/min ; 3401/6537 batches
[06:39:42]   +5 [adverse_authority_handling] ; total=17005 ; rate=378/min ; 3402/6537 batches
[06:39:44]   +5 [adverse_authority_handling] ; total=17010 ; rate=378/min ; 3403/6537 batches
[06:39:44]   +5 [adverse_authority_handling] ; total=17015 ; rate=378/min ; 3404/6537 batches
[06:39:44]   +5 [adverse_authority_handling] ; total=17020 ; rate=378/min ; 3405/6537 batches
[06:39:44]   +5 [adverse_authority_handling] ; total=17025 ; rate=378/min ; 3406/6537 batches
[06:40:13]   FAIL [adverse_authority_handling]: empty_or_unparseable_after_retry
[06:40:13]   +5 [adverse_authority_handling] ; total=17030 ; rate=374/min ; 3407/6537 batches
[06:40:46]   +5 [adverse_authority_handling] (succeeded on retry #2)
[06:40:46]   +5 [adverse_authority_handling] ; total=17035 ; rate=370/min ; 3408/6537 batches
[06:40:49]   FAIL [adverse_authority_handling]: empty_or_unparseable_after_retry
[06:40:50]   +5 [adverse_authority_handling] (succeeded on retry #1)
[06:40:50]   +5 [adverse_authority_handling] ; total=17040 ; rate=370/min ; 3409/6537 batches
[06:41:02]   +5 [adverse_authority_handling] ; total=17045 ; rate=368/min ; 3410/6537 batches
[06:41:26]   FAIL [adverse_authority_handling]: empty_or_unparseable_after_retry
[06:41:38]   +5 [multi_authority_synthesis] ; total=17050 ; rate=363/min ; 3411/6537 batches
[06:41:49]   FAIL [multi_authority_synthesis]: empty_or_unparseable_after_retry
[06:41:58]   +5 [multi_authority_synthesis] ; total=17055 ; rate=361/min ; 3412/6537 batches
[06:42:03]   +1 [multi_authority_synthesis] ; total=17056 ; rate=360/min ; 3413/6537 batches
[06:42:29]   +5 [multi_authority_synthesis] ; total=17061 ; rate=357/min ; 3414/6537 batches
[06:42:38]   +5 [multi_authority_synthesis] ; total=17066 ; rate=356/min ; 3415/6537 batches
[06:42:51]   +5 [multi_authority_synthesis] ; total=17071 ; rate=355/min ; 3416/6537 batches
[06:43:00]   FAIL [multi_authority_synthesis]: empty_or_unparseable_after_retry
[06:43:14]   +5 [multi_authority_synthesis] ; total=17076 ; rate=352/min ; 3417/6537 batches
[06:43:32]   FAIL [multi_authority_synthesis]: empty_or_unparseable_after_retry
[06:43:37]   +5 [multi_authority_synthesis] ; total=17081 ; rate=349/min ; 3418/6537 batches
[06:43:37]   +5 [multi_authority_synthesis] ; total=17086 ; rate=349/min ; 3419/6537 batches
[06:43:37]   +5 [multi_authority_synthesis] ; total=17091 ; rate=350/min ; 3420/6537 batches
[06:43:37]   +5 [multi_authority_synthesis] ; total=17096 ; rate=350/min ; 3421/6537 batches
[06:43:37]   +1 [multi_authority_synthesis] ; total=17097 ; rate=350/min ; 3422/6537 batches
[06:43:37]   +5 [multi_authority_synthesis] ; total=17102 ; rate=350/min ; 3423/6537 batches
[06:43:46]   +5 [multi_authority_synthesis] ; total=17107 ; rate=349/min ; 3424/6537 batches
[06:43:46]   +5 [multi_authority_synthesis] ; total=17112 ; rate=349/min ; 3425/6537 batches
[06:43:56]   +5 [multi_authority_synthesis] ; total=17117 ; rate=348/min ; 3426/6537 batches
[06:43:56]   +5 [multi_authority_synthesis] ; total=17122 ; rate=348/min ; 3427/6537 batches
[06:43:56]   +5 [multi_authority_synthesis] ; total=17127 ; rate=348/min ; 3428/6537 batches
[06:43:56]   +5 [multi_authority_synthesis] ; total=17132 ; rate=348/min ; 3429/6537 batches
[06:43:56]   +5 [multi_authority_synthesis] ; total=17137 ; rate=348/min ; 3430/6537 batches
[06:44:12]   FAIL [multi_authority_synthesis]: empty_or_unparseable_after_retry
[06:44:12]   +5 [multi_authority_synthesis] ; total=17142 ; rate=346/min ; 3431/6537 batches
[06:44:13]   +5 [multi_authority_synthesis] ; total=17147 ; rate=346/min ; 3432/6537 batches
[06:44:13]   +5 [multi_authority_synthesis] ; total=17152 ; rate=347/min ; 3433/6537 batches
[06:44:13]   +1 [multi_authority_synthesis] ; total=17153 ; rate=347/min ; 3434/6537 batches
[06:44:13]   +5 [multi_authority_synthesis] ; total=17158 ; rate=347/min ; 3435/6537 batches
[06:44:17]   FAIL [multi_authority_synthesis]: empty_or_unparseable_after_retry
[06:44:17]   +5 [multi_authority_synthesis] ; total=17163 ; rate=346/min ; 3436/6537 batches
[06:44:27]   FAIL [multi_authority_synthesis]: empty_or_unparseable_after_retry
[06:44:27]   +5 [multi_authority_synthesis] ; total=17168 ; rate=345/min ; 3437/6537 batches
[06:44:28]   +5 [multi_authority_synthesis] ; total=17173 ; rate=345/min ; 3438/6537 batches
[06:44:28]   +5 [multi_authority_synthesis] ; total=17178 ; rate=345/min ; 3439/6537 batches
[06:44:28]   +5 [multi_authority_synthesis] ; total=17183 ; rate=345/min ; 3440/6537 batches
[06:44:37]   FAIL [multi_authority_synthesis]: empty_or_unparseable_after_retry
[06:44:37]   +5 [multi_authority_synthesis] ; total=17188 ; rate=344/min ; 3441/6537 batches
[06:44:37]   +5 [multi_authority_synthesis] ; total=17193 ; rate=345/min ; 3442/6537 batches
[06:44:37]   +5 [multi_authority_synthesis] ; total=17198 ; rate=345/min ; 3443/6537 batches
[06:44:38]   +1 [multi_authority_synthesis] ; total=17199 ; rate=345/min ; 3444/6537 batches
[06:44:38]   +5 [multi_authority_synthesis] ; total=17204 ; rate=345/min ; 3445/6537 batches
[06:44:56]   FAIL [multi_authority_synthesis]: empty_or_unparseable_after_retry
[06:44:56]   +5 [multi_authority_synthesis] ; total=17209 ; rate=343/min ; 3446/6537 batches
[06:44:58]   FAIL [multi_authority_synthesis]: empty_or_unparseable_after_retry
[06:44:58]   +5 [multi_authority_synthesis] ; total=17214 ; rate=343/min ; 3447/6537 batches
[06:44:58]   +5 [multi_authority_synthesis] ; total=17219 ; rate=343/min ; 3448/6537 batches
[06:44:58]   +5 [multi_authority_synthesis] ; total=17224 ; rate=343/min ; 3449/6537 batches
[06:44:58]   +5 [multi_authority_synthesis] ; total=17229 ; rate=343/min ; 3450/6537 batches
[06:45:08]   FAIL [multi_authority_synthesis]: empty_or_unparseable_after_retry
[06:45:08]   +5 [multi_authority_synthesis] ; total=17234 ; rate=342/min ; 3451/6537 batches
[06:45:08]   +5 [multi_authority_synthesis] ; total=17239 ; rate=342/min ; 3452/6537 batches
[06:45:09]   +5 [multi_authority_synthesis] ; total=17244 ; rate=342/min ; 3453/6537 batches
[06:45:09]   +1 [multi_authority_synthesis] ; total=17245 ; rate=342/min ; 3454/6537 batches
[06:45:09]   +5 [multi_authority_synthesis] ; total=17250 ; rate=342/min ; 3455/6537 batches
[06:45:18]   FAIL [multi_authority_synthesis]: empty_or_unparseable_after_retry
[06:45:18]   +5 [multi_authority_synthesis] ; total=17255 ; rate=341/min ; 3456/6537 batches
[06:45:36]   FAIL [multi_authority_synthesis]: empty_or_unparseable_after_retry
[06:45:36]   +5 [multi_authority_synthesis] ; total=17260 ; rate=339/min ; 3457/6537 batches
[06:45:37]   +5 [multi_authority_synthesis] ; total=17265 ; rate=339/min ; 3458/6537 batches
[06:45:37]   +5 [multi_authority_synthesis] ; total=17270 ; rate=339/min ; 3459/6537 batches
[06:45:37]   +5 [multi_authority_synthesis] ; total=17275 ; rate=339/min ; 3460/6537 batches
[06:45:38]   FAIL [multi_authority_synthesis]: empty_or_unparseable_after_retry
[06:45:38]   +5 [multi_authority_synthesis] ; total=17280 ; rate=339/min ; 3461/6537 batches
[06:45:38]   +5 [multi_authority_synthesis] ; total=17285 ; rate=339/min ; 3462/6537 batches
[06:45:38]   +5 [multi_authority_synthesis] ; total=17290 ; rate=340/min ; 3463/6537 batches
[06:45:39]   +1 [multi_authority_synthesis] ; total=17291 ; rate=340/min ; 3464/6537 batches
[06:45:39]   +5 [multi_authority_synthesis] ; total=17296 ; rate=340/min ; 3465/6537 batches
[06:45:49]   FAIL [multi_authority_synthesis]: empty_or_unparseable_after_retry
[06:45:50]   +5 [multi_authority_synthesis] ; total=17301 ; rate=339/min ; 3466/6537 batches
[06:45:59]   FAIL [multi_authority_synthesis]: empty_or_unparseable_after_retry
[06:45:59]   +5 [multi_authority_synthesis] ; total=17306 ; rate=338/min ; 3467/6537 batches
[06:45:59]   +5 [multi_authority_synthesis] ; total=17311 ; rate=338/min ; 3468/6537 batches
[06:45:59]   +5 [multi_authority_synthesis] ; total=17316 ; rate=338/min ; 3469/6537 batches
[06:46:00]   +5 [multi_authority_synthesis] ; total=17321 ; rate=338/min ; 3470/6537 batches
[06:46:19]   FAIL [multi_authority_synthesis]: empty_or_unparseable_after_retry
[06:46:19]   +5 [multi_authority_synthesis] ; total=17326 ; rate=336/min ; 3471/6537 batches
[06:46:20]   +5 [multi_authority_synthesis] ; total=17331 ; rate=336/min ; 3472/6537 batches
[06:46:20]   +5 [multi_authority_synthesis] ; total=17336 ; rate=336/min ; 3473/6537 batches
[06:46:20]   +1 [multi_authority_synthesis] ; total=17337 ; rate=336/min ; 3474/6537 batches
[06:46:20]   +5 [multi_authority_synthesis] ; total=17342 ; rate=336/min ; 3475/6537 batches
[06:46:31]   FAIL [multi_authority_synthesis]: empty_or_unparseable_after_retry
[06:46:31]   +5 [multi_authority_synthesis] ; total=17347 ; rate=335/min ; 3476/6537 batches
[06:46:58]   +5 [multi_authority_synthesis] (succeeded on retry #1)
[06:46:58]   +5 [multi_authority_synthesis] ; total=17352 ; rate=332/min ; 3477/6537 batches
[06:46:58]   +5 [multi_authority_synthesis] ; total=17357 ; rate=332/min ; 3478/6537 batches
[06:46:59]   +5 [multi_authority_synthesis] ; total=17362 ; rate=332/min ; 3479/6537 batches
[06:46:59]   +5 [multi_authority_synthesis] ; total=17367 ; rate=332/min ; 3480/6537 batches
[06:46:59]   +5 [multi_authority_synthesis] ; total=17372 ; rate=332/min ; 3481/6537 batches
[06:46:59]   +5 [multi_authority_synthesis] ; total=17377 ; rate=332/min ; 3482/6537 batches
[06:47:01]   FAIL [multi_authority_synthesis]: empty_or_unparseable_after_retry
[06:47:05]   +5 [multi_authority_synthesis] (succeeded on retry #2)
[06:47:05]   +5 [multi_authority_synthesis] ; total=17382 ; rate=332/min ; 3483/6537 batches
[06:47:05]   +5 [multi_authority_synthesis] ; total=17387 ; rate=332/min ; 3484/6537 batches
[06:47:12]   FAIL [multi_authority_synthesis]: empty_or_unparseable_after_retry
[06:47:12]   +5 [multi_authority_synthesis] ; total=17392 ; rate=331/min ; 3485/6537 batches
[06:47:52]   +5 [multi_authority_synthesis] ; total=17397 ; rate=327/min ; 3486/6537 batches
[06:47:52]   +5 [multi_authority_synthesis] ; total=17402 ; rate=327/min ; 3487/6537 batches
[06:47:53]   +5 [multi_authority_synthesis] ; total=17407 ; rate=327/min ; 3488/6537 batches
[06:47:53]   +5 [multi_authority_synthesis] ; total=17412 ; rate=328/min ; 3489/6537 batches
[06:47:53]   +5 [multi_authority_synthesis] ; total=17417 ; rate=328/min ; 3490/6537 batches
[06:47:53]   +5 [multi_authority_synthesis] ; total=17422 ; rate=328/min ; 3491/6537 batches
[06:47:53]   +5 [multi_authority_synthesis] ; total=17427 ; rate=328/min ; 3492/6537 batches
[06:47:53]   +5 [multi_authority_synthesis] ; total=17432 ; rate=328/min ; 3493/6537 batches
[06:47:53]   +5 [multi_authority_synthesis] ; total=17437 ; rate=328/min ; 3494/6537 batches
[06:47:54]   +5 [multi_authority_synthesis] ; total=17442 ; rate=328/min ; 3495/6537 batches
[06:48:17]   +5 [multi_authority_synthesis] (succeeded on retry #1)
[06:48:17]   +5 [multi_authority_synthesis] ; total=17447 ; rate=326/min ; 3496/6537 batches
[06:48:17]   +5 [multi_authority_synthesis] ; total=17452 ; rate=326/min ; 3497/6537 batches
[06:48:39]   +5 [multi_authority_synthesis] ; total=17457 ; rate=324/min ; 3498/6537 batches
[06:48:39]   +5 [multi_authority_synthesis] ; total=17462 ; rate=324/min ; 3499/6537 batches
[06:48:47]   +5 [multi_authority_synthesis] ; total=17467 ; rate=323/min ; 3500/6537 batches
[06:48:57]   FAIL [multi_authority_synthesis]: empty_or_unparseable_after_retry
[06:49:07]   +5 [multi_authority_synthesis] ; total=17472 ; rate=321/min ; 3501/6537 batches
[06:49:27]   FAIL [multi_authority_synthesis]: empty_or_unparseable_after_retry
[06:49:44]   FAIL [multi_authority_synthesis]: empty_or_unparseable_after_retry
[06:49:46]   +5 [multi_authority_synthesis] ; total=17477 ; rate=317/min ; 3502/6537 batches
[06:49:46]   +5 [multi_authority_synthesis] ; total=17482 ; rate=318/min ; 3503/6537 batches
[06:49:46]   +5 [multi_authority_synthesis] ; total=17487 ; rate=318/min ; 3504/6537 batches
[06:49:46]   +5 [multi_authority_synthesis] ; total=17492 ; rate=318/min ; 3505/6537 batches
[06:49:46]   +5 [multi_authority_synthesis] ; total=17497 ; rate=318/min ; 3506/6537 batches
[06:49:46]   +5 [multi_authority_synthesis] ; total=17502 ; rate=318/min ; 3507/6537 batches
[06:49:46]   +5 [multi_authority_synthesis] ; total=17507 ; rate=318/min ; 3508/6537 batches
[06:49:47]   +5 [multi_authority_synthesis] ; total=17512 ; rate=318/min ; 3509/6537 batches
[06:49:54]   +5 [multi_authority_synthesis] ; total=17517 ; rate=317/min ; 3510/6537 batches
[06:50:11]   +5 [multi_authority_synthesis] ; total=17522 ; rate=316/min ; 3511/6537 batches
[06:50:11]   +5 [multi_authority_synthesis] ; total=17527 ; rate=316/min ; 3512/6537 batches
[06:50:12]   +5 [multi_authority_synthesis] ; total=17532 ; rate=316/min ; 3513/6537 batches
[06:50:12]   +5 [multi_authority_synthesis] ; total=17537 ; rate=316/min ; 3514/6537 batches
[06:50:27]   FAIL [multi_authority_synthesis]: empty_or_unparseable_after_retry
[06:50:27]   +5 [multi_authority_synthesis] ; total=17542 ; rate=315/min ; 3515/6537 batches
[06:50:27]   +5 [multi_authority_synthesis] ; total=17547 ; rate=315/min ; 3516/6537 batches
[06:50:27]   +5 [multi_authority_synthesis] ; total=17552 ; rate=315/min ; 3517/6537 batches
[06:50:27]   +5 [multi_authority_synthesis] ; total=17557 ; rate=315/min ; 3518/6537 batches
[06:50:27]   +5 [multi_authority_synthesis] ; total=17562 ; rate=315/min ; 3519/6537 batches
[06:50:27]   +5 [multi_authority_synthesis] ; total=17567 ; rate=315/min ; 3520/6537 batches
[06:50:27]   +5 [multi_authority_synthesis] ; total=17572 ; rate=315/min ; 3521/6537 batches
[06:50:32]   +5 [multi_authority_synthesis] ; total=17577 ; rate=315/min ; 3522/6537 batches
[06:50:34]   FAIL [multi_authority_synthesis]: empty_or_unparseable_after_retry
[06:50:34]   +5 [multi_authority_synthesis] ; total=17582 ; rate=315/min ; 3523/6537 batches
[06:50:34]   +5 [multi_authority_synthesis] ; total=17587 ; rate=315/min ; 3524/6537 batches
[06:50:34]   +5 [multi_authority_synthesis] ; total=17592 ; rate=315/min ; 3525/6537 batches
[06:50:34]   +5 [multi_authority_synthesis] ; total=17597 ; rate=315/min ; 3526/6537 batches
[06:50:34]   +5 [multi_authority_synthesis] ; total=17602 ; rate=315/min ; 3527/6537 batches
[06:50:34]   +5 [multi_authority_synthesis] ; total=17607 ; rate=315/min ; 3528/6537 batches
[06:50:34]   +5 [multi_authority_synthesis] ; total=17612 ; rate=315/min ; 3529/6537 batches
[06:50:34]   +5 [multi_authority_synthesis] ; total=17617 ; rate=315/min ; 3530/6537 batches
[06:50:34]   +5 [multi_authority_synthesis] ; total=17622 ; rate=315/min ; 3531/6537 batches
[06:50:35]   +5 [multi_authority_synthesis] ; total=17627 ; rate=316/min ; 3532/6537 batches
[06:50:35]   +5 [multi_authority_synthesis] ; total=17632 ; rate=316/min ; 3533/6537 batches
[06:51:05]   +5 [multi_authority_synthesis] ; total=17637 ; rate=313/min ; 3534/6537 batches
[06:51:08]   FAIL [multi_authority_synthesis]: empty_or_unparseable_after_retry
[06:51:08]   +5 [multi_authority_synthesis] ; total=17642 ; rate=313/min ; 3535/6537 batches
[06:51:08]   +5 [multi_authority_synthesis] ; total=17647 ; rate=313/min ; 3536/6537 batches
[06:51:08]   +5 [multi_authority_synthesis] ; total=17652 ; rate=313/min ; 3537/6537 batches
[06:51:08]   +5 [multi_authority_synthesis] ; total=17657 ; rate=313/min ; 3538/6537 batches
[06:51:08]   +5 [multi_authority_synthesis] ; total=17662 ; rate=313/min ; 3539/6537 batches
[06:51:08]   +5 [multi_authority_synthesis] ; total=17667 ; rate=313/min ; 3540/6537 batches
[06:51:08]   +5 [multi_authority_synthesis] ; total=17672 ; rate=313/min ; 3541/6537 batches
[06:51:08]   +5 [multi_authority_synthesis] ; total=17677 ; rate=313/min ; 3542/6537 batches
[06:51:09]   +5 [multi_authority_synthesis] ; total=17682 ; rate=313/min ; 3543/6537 batches
[06:51:09]   +5 [multi_authority_synthesis] ; total=17687 ; rate=313/min ; 3544/6537 batches
[06:51:09]   +5 [multi_authority_synthesis] ; total=17692 ; rate=314/min ; 3545/6537 batches
[06:51:12]   FAIL [multi_authority_synthesis]: empty_or_unparseable_after_retry
[06:51:15]   FAIL [multi_authority_synthesis]: empty_or_unparseable_after_retry
[06:51:15]   +5 [multi_authority_synthesis] ; total=17697 ; rate=313/min ; 3546/6537 batches
[06:51:15]   +5 [multi_authority_synthesis] ; total=17702 ; rate=313/min ; 3547/6537 batches
[06:51:15]   +5 [multi_authority_synthesis] ; total=17707 ; rate=313/min ; 3548/6537 batches
[06:51:15]   +5 [multi_authority_synthesis] ; total=17712 ; rate=313/min ; 3549/6537 batches
[06:51:15]   +5 [multi_authority_synthesis] ; total=17717 ; rate=313/min ; 3550/6537 batches
[06:51:15]   +5 [multi_authority_synthesis] ; total=17722 ; rate=313/min ; 3551/6537 batches
[06:51:15]   +5 [multi_authority_synthesis] ; total=17727 ; rate=314/min ; 3552/6537 batches
[06:51:15]   +5 [multi_authority_synthesis] ; total=17732 ; rate=314/min ; 3553/6537 batches
[06:51:16]   +5 [multi_authority_synthesis] ; total=17737 ; rate=314/min ; 3554/6537 batches
[06:51:16]   +5 [multi_authority_synthesis] ; total=17742 ; rate=314/min ; 3555/6537 batches
[06:51:16]   +5 [multi_authority_synthesis] ; total=17747 ; rate=314/min ; 3556/6537 batches
[06:51:45]   FAIL [multi_authority_synthesis]: empty_or_unparseable_after_retry
[06:51:49]   FAIL [multi_authority_synthesis]: empty_or_unparseable_after_retry
[06:51:49]   +5 [multi_authority_synthesis] ; total=17752 ; rate=311/min ; 3557/6537 batches
[06:51:49]   +5 [multi_authority_synthesis] ; total=17757 ; rate=311/min ; 3558/6537 batches
[06:51:49]   +5 [multi_authority_synthesis] ; total=17762 ; rate=311/min ; 3559/6537 batches
[06:51:49]   +5 [multi_authority_synthesis] ; total=17767 ; rate=311/min ; 3560/6537 batches
[06:51:49]   +5 [multi_authority_synthesis] ; total=17772 ; rate=311/min ; 3561/6537 batches
[06:51:49]   +5 [multi_authority_synthesis] ; total=17777 ; rate=311/min ; 3562/6537 batches
[06:51:49]   +5 [multi_authority_synthesis] ; total=17782 ; rate=311/min ; 3563/6537 batches
[06:51:50]   +5 [multi_authority_synthesis] ; total=17787 ; rate=311/min ; 3564/6537 batches
[06:51:50]   +5 [multi_authority_synthesis] ; total=17792 ; rate=312/min ; 3565/6537 batches
[06:51:50]   +5 [multi_authority_synthesis] ; total=17797 ; rate=312/min ; 3566/6537 batches
[06:51:50]   +5 [multi_authority_synthesis] ; total=17802 ; rate=312/min ; 3567/6537 batches
[06:51:52]   FAIL [multi_authority_synthesis]: empty_or_unparseable_after_retry
[06:51:56]   FAIL [multi_authority_synthesis]: empty_or_unparseable_after_retry
[06:51:56]   +5 [multi_authority_synthesis] ; total=17807 ; rate=311/min ; 3568/6537 batches
[06:51:56]   +5 [multi_authority_synthesis] ; total=17812 ; rate=311/min ; 3569/6537 batches
[06:51:56]   +5 [multi_authority_synthesis] ; total=17817 ; rate=311/min ; 3570/6537 batches
[06:51:56]   +5 [multi_authority_synthesis] ; total=17822 ; rate=311/min ; 3571/6537 batches
[06:51:56]   +5 [multi_authority_synthesis] ; total=17827 ; rate=312/min ; 3572/6537 batches
[06:51:56]   +5 [multi_authority_synthesis] ; total=17832 ; rate=312/min ; 3573/6537 batches
[06:51:56]   +5 [multi_authority_synthesis] ; total=17837 ; rate=312/min ; 3574/6537 batches
[06:51:56]   +5 [multi_authority_synthesis] ; total=17842 ; rate=312/min ; 3575/6537 batches
[06:51:56]   +5 [multi_authority_synthesis] ; total=17847 ; rate=312/min ; 3576/6537 batches
[06:51:56]   +5 [multi_authority_synthesis] ; total=17852 ; rate=312/min ; 3577/6537 batches
[06:51:57]   +5 [multi_authority_synthesis] ; total=17857 ; rate=312/min ; 3578/6537 batches
[06:52:26]   FAIL [multi_authority_synthesis]: empty_or_unparseable_after_retry
[06:52:30]   FAIL [multi_authority_synthesis]: empty_or_unparseable_after_retry
[06:52:30]   +5 [multi_authority_synthesis] ; total=17862 ; rate=309/min ; 3579/6537 batches
[06:52:30]   +5 [multi_authority_synthesis] ; total=17867 ; rate=309/min ; 3580/6537 batches
[06:52:30]   +5 [multi_authority_synthesis] ; total=17872 ; rate=309/min ; 3581/6537 batches
[06:52:30]   +5 [multi_authority_synthesis] ; total=17877 ; rate=309/min ; 3582/6537 batches
[06:52:32]   FAIL [multi_authority_synthesis]: empty_or_unparseable_after_retry
[06:52:32]   +5 [multi_authority_synthesis] ; total=17882 ; rate=309/min ; 3583/6537 batches
[06:52:33]   +5 [multi_authority_synthesis] ; total=17887 ; rate=309/min ; 3584/6537 batches
[06:52:33]   +5 [multi_authority_synthesis] ; total=17892 ; rate=309/min ; 3585/6537 batches
[06:52:33]   +5 [multi_authority_synthesis] ; total=17897 ; rate=309/min ; 3586/6537 batches
[06:52:33]   +5 [multi_authority_synthesis] ; total=17902 ; rate=310/min ; 3587/6537 batches
[06:52:33]   +5 [multi_authority_synthesis] ; total=17907 ; rate=310/min ; 3588/6537 batches
[06:52:37]   FAIL [multi_authority_synthesis]: empty_or_unparseable_after_retry
[06:53:06]   FAIL [multi_authority_synthesis]: empty_or_unparseable_after_retry
[06:53:06]   +5 [multi_authority_synthesis] ; total=17912 ; rate=307/min ; 3589/6537 batches
[06:53:06]   +5 [multi_authority_synthesis] ; total=17917 ; rate=307/min ; 3590/6537 batches
[06:53:06]   +5 [multi_authority_synthesis] ; total=17922 ; rate=307/min ; 3591/6537 batches
[06:53:06]   +5 [multi_authority_synthesis] ; total=17927 ; rate=307/min ; 3592/6537 batches
[06:53:13]   FAIL [multi_authority_synthesis]: empty_or_unparseable_after_retry
[06:53:17]   FAIL [multi_authority_synthesis]: empty_or_unparseable_after_retry
[06:53:27]   +5 [multi_authority_synthesis] ; total=17932 ; rate=305/min ; 3593/6537 batches
[06:53:27]   +5 [multi_authority_synthesis] ; total=17937 ; rate=305/min ; 3594/6537 batches
[06:53:58]   +5 [multi_authority_synthesis] ; total=17942 ; rate=303/min ; 3595/6537 batches
[06:53:58]   +5 [multi_authority_synthesis] ; total=17947 ; rate=303/min ; 3596/6537 batches
[06:53:59]   +1 [multi_authority_synthesis] ; total=17948 ; rate=303/min ; 3597/6537 batches
[06:54:06]   +5 [multi_authority_synthesis] ; total=17953 ; rate=302/min ; 3598/6537 batches
[06:54:20]   FAIL [multi_authority_synthesis]: empty_or_unparseable_after_retry
[06:54:20]   +5 [multi_authority_synthesis] ; total=17958 ; rate=301/min ; 3599/6537 batches
[06:54:20]   +5 [multi_authority_synthesis] ; total=17963 ; rate=301/min ; 3600/6537 batches
[06:54:20]   +5 [multi_authority_synthesis] ; total=17968 ; rate=301/min ; 3601/6537 batches
[06:54:20]   +5 [multi_authority_synthesis] ; total=17973 ; rate=301/min ; 3602/6537 batches
[06:54:20]   +5 [multi_authority_synthesis] ; total=17978 ; rate=302/min ; 3603/6537 batches
[06:54:32]   +5 [multi_authority_synthesis] ; total=17983 ; rate=301/min ; 3604/6537 batches
[06:54:32]   +5 [multi_authority_synthesis] ; total=17988 ; rate=301/min ; 3605/6537 batches
[06:54:34]   +5 [multi_authority_synthesis] ; total=17993 ; rate=301/min ; 3606/6537 batches
[06:54:34]   +1 [multi_authority_synthesis] ; total=17994 ; rate=301/min ; 3607/6537 batches
[06:54:39]   FAIL [multi_authority_synthesis]: empty_or_unparseable_after_retry
[06:54:40]   +5 [multi_authority_synthesis] ; total=17999 ; rate=300/min ; 3608/6537 batches
[06:55:00]   FAIL [multi_authority_synthesis]: empty_or_unparseable_after_retry
[06:55:01]   +5 [multi_authority_synthesis] ; total=18004 ; rate=299/min ; 3609/6537 batches
[06:55:20]   FAIL [multi_authority_synthesis]: empty_or_unparseable_after_retry
[06:55:22]   +5 [multi_authority_synthesis] ; total=18009 ; rate=297/min ; 3610/6537 batches
[06:55:28]   +5 [multi_authority_synthesis] ; total=18014 ; rate=297/min ; 3611/6537 batches
[06:55:28]   +5 [multi_authority_synthesis] ; total=18019 ; rate=297/min ; 3612/6537 batches
[06:55:28]   +5 [multi_authority_synthesis] ; total=18024 ; rate=297/min ; 3613/6537 batches
[06:56:08]   FAIL [multi_authority_synthesis]: empty_or_unparseable_after_retry
[06:56:08]   +5 [multi_authority_synthesis] ; total=18029 ; rate=294/min ; 3614/6537 batches
[06:56:08]   +5 [multi_authority_synthesis] ; total=18034 ; rate=294/min ; 3615/6537 batches
[06:56:08]   +1 [multi_authority_synthesis] ; total=18035 ; rate=294/min ; 3616/6537 batches
[06:56:09]   +5 [multi_authority_synthesis] ; total=18040 ; rate=294/min ; 3617/6537 batches
[06:56:09]   +5 [multi_authority_synthesis] ; total=18045 ; rate=294/min ; 3618/6537 batches
[06:56:10]   +5 [multi_authority_synthesis] ; total=18050 ; rate=294/min ; 3619/6537 batches
[06:56:10]   +5 [multi_authority_synthesis] ; total=18055 ; rate=294/min ; 3620/6537 batches
[06:56:10]   FAIL [multi_authority_synthesis]: empty_or_unparseable_after_retry
[06:56:10]   +5 [multi_authority_synthesis] ; total=18060 ; rate=294/min ; 3621/6537 batches
[06:56:49]   FAIL [multi_authority_synthesis]: empty_or_unparseable_after_retry
[06:56:50]   FAIL [multi_authority_synthesis]: empty_or_unparseable_after_retry
[06:56:50]   +5 [multi_authority_synthesis] ; total=18065 ; rate=291/min ; 3622/6537 batches
[06:57:05]   +5 [multi_authority_synthesis] ; total=18070 ; rate=290/min ; 3623/6537 batches
[06:57:05]   +5 [multi_authority_synthesis] ; total=18075 ; rate=290/min ; 3624/6537 batches
[06:57:05]   +5 [multi_authority_synthesis] ; total=18080 ; rate=290/min ; 3625/6537 batches
[06:57:05]   +1 [multi_authority_synthesis] ; total=18081 ; rate=290/min ; 3626/6537 batches
[06:57:05]   +5 [multi_authority_synthesis] ; total=18086 ; rate=290/min ; 3627/6537 batches
[06:57:06]   +5 [multi_authority_synthesis] ; total=18091 ; rate=290/min ; 3628/6537 batches
[06:57:28]   +5 [multi_authority_synthesis] ; total=18096 ; rate=288/min ; 3629/6537 batches
[06:57:28]   +5 [multi_authority_synthesis] ; total=18101 ; rate=288/min ; 3630/6537 batches
[06:57:30]   FAIL [multi_authority_synthesis]: empty_or_unparseable_after_retry
[06:57:30]   +5 [multi_authority_synthesis] ; total=18106 ; rate=288/min ; 3631/6537 batches
[06:57:31]   +5 [multi_authority_synthesis] ; total=18111 ; rate=288/min ; 3632/6537 batches
[06:57:31]   +5 [multi_authority_synthesis] ; total=18116 ; rate=289/min ; 3633/6537 batches
[06:57:31]   +5 [multi_authority_synthesis] ; total=18121 ; rate=289/min ; 3634/6537 batches
[06:57:46]   FAIL [multi_authority_synthesis]: empty_or_unparseable_after_retry
[06:57:46]   +5 [multi_authority_synthesis] ; total=18126 ; rate=288/min ; 3635/6537 batches
[06:57:46]   +5 [multi_authority_synthesis] ; total=18131 ; rate=288/min ; 3636/6537 batches
[06:57:46]   +1 [multi_authority_synthesis] ; total=18132 ; rate=288/min ; 3637/6537 batches
[06:57:46]   +5 [multi_authority_synthesis] ; total=18137 ; rate=288/min ; 3638/6537 batches
[06:57:46]   +5 [multi_authority_synthesis] ; total=18142 ; rate=288/min ; 3639/6537 batches
[06:58:09]   FAIL [multi_authority_synthesis]: empty_or_unparseable_after_retry
[06:58:09]   +5 [multi_authority_synthesis] ; total=18147 ; rate=286/min ; 3640/6537 batches
[06:58:11]   FAIL [multi_authority_synthesis]: empty_or_unparseable_after_retry
[06:58:11]   +5 [multi_authority_synthesis] ; total=18152 ; rate=286/min ; 3641/6537 batches
[06:58:11]   +5 [multi_authority_synthesis] ; total=18157 ; rate=286/min ; 3642/6537 batches
[06:58:11]   +5 [multi_authority_synthesis] ; total=18162 ; rate=286/min ; 3643/6537 batches
[06:58:11]   +5 [multi_authority_synthesis] ; total=18167 ; rate=286/min ; 3644/6537 batches
[06:58:24]   +5 [multi_authority_synthesis] ; total=18172 ; rate=285/min ; 3645/6537 batches
[06:58:25]   +5 [multi_authority_synthesis] ; total=18177 ; rate=285/min ; 3646/6537 batches
[06:58:25]   +5 [multi_authority_synthesis] ; total=18182 ; rate=285/min ; 3647/6537 batches
[06:58:25]   +1 [multi_authority_synthesis] ; total=18183 ; rate=285/min ; 3648/6537 batches
[06:58:25]   +5 [multi_authority_synthesis] ; total=18188 ; rate=286/min ; 3649/6537 batches
[06:58:25]   +5 [multi_authority_synthesis] ; total=18193 ; rate=286/min ; 3650/6537 batches
[06:58:27]   FAIL [multi_authority_synthesis]: empty_or_unparseable_after_retry
[06:58:27]   +5 [multi_authority_synthesis] ; total=18198 ; rate=286/min ; 3651/6537 batches
[06:58:49]   FAIL [multi_authority_synthesis]: empty_or_unparseable_after_retry
[06:58:49]   +5 [multi_authority_synthesis] ; total=18203 ; rate=284/min ; 3652/6537 batches
[06:58:49]   +5 [multi_authority_synthesis] ; total=18208 ; rate=284/min ; 3653/6537 batches
[06:58:49]   +5 [multi_authority_synthesis] ; total=18213 ; rate=284/min ; 3654/6537 batches
[06:58:49]   +5 [multi_authority_synthesis] ; total=18218 ; rate=284/min ; 3655/6537 batches
[06:59:05]   FAIL [multi_authority_synthesis]: empty_or_unparseable_after_retry
[06:59:05]   +5 [multi_authority_synthesis] ; total=18223 ; rate=283/min ; 3656/6537 batches
[06:59:05]   +5 [multi_authority_synthesis] ; total=18228 ; rate=283/min ; 3657/6537 batches
[06:59:07]   FAIL [multi_authority_synthesis]: empty_or_unparseable_after_retry
[06:59:07]   +5 [multi_authority_synthesis] ; total=18233 ; rate=283/min ; 3658/6537 batches
[06:59:07]   +5 [multi_authority_synthesis] ; total=18238 ; rate=283/min ; 3659/6537 batches
[06:59:32]   +5 [multi_authority_synthesis] ; total=18243 ; rate=281/min ; 3660/6537 batches
[06:59:32]   +5 [multi_authority_synthesis] ; total=18248 ; rate=282/min ; 3661/6537 batches
[06:59:32]   +5 [multi_authority_synthesis] ; total=18253 ; rate=282/min ; 3662/6537 batches
[06:59:32]   +5 [multi_authority_synthesis] ; total=18258 ; rate=282/min ; 3663/6537 batches
[06:59:33]   +5 [multi_authority_synthesis] ; total=18263 ; rate=282/min ; 3664/6537 batches
[06:59:33]   +5 [multi_authority_synthesis] ; total=18268 ; rate=282/min ; 3665/6537 batches
[06:59:33]   +5 [multi_authority_synthesis] ; total=18273 ; rate=282/min ; 3666/6537 batches
[06:59:33]   +5 [multi_authority_synthesis] ; total=18278 ; rate=282/min ; 3667/6537 batches
[06:59:49]   FAIL [multi_authority_synthesis]: empty_or_unparseable_after_retry
[06:59:50]   +5 [multi_authority_synthesis] ; total=18283 ; rate=281/min ; 3668/6537 batches
[06:59:51]   +5 [multi_authority_synthesis] ; total=18288 ; rate=281/min ; 3669/6537 batches
[06:59:51]   +5 [multi_authority_synthesis] ; total=18293 ; rate=281/min ; 3670/6537 batches
[06:59:51]   +5 [multi_authority_synthesis] (succeeded on retry #2)
[06:59:51]   +5 [multi_authority_synthesis] ; total=18298 ; rate=281/min ; 3671/6537 batches
[07:00:12]   FAIL [multi_authority_synthesis]: empty_or_unparseable_after_retry
[07:00:28]   +5 [multi_authority_synthesis] ; total=18303 ; rate=278/min ; 3672/6537 batches
[07:00:31]   FAIL [multi_authority_synthesis]: empty_or_unparseable_after_retry
[07:00:31]   +5 [multi_authority_synthesis] ; total=18308 ; rate=278/min ; 3673/6537 batches
[07:00:31]   +5 [multi_authority_synthesis] ; total=18313 ; rate=278/min ; 3674/6537 batches
[07:00:31]   +5 [multi_authority_synthesis] ; total=18318 ; rate=278/min ; 3675/6537 batches
[07:00:32]   +5 [multi_authority_synthesis] ; total=18323 ; rate=278/min ; 3676/6537 batches
[07:00:32]   +5 [multi_authority_synthesis] ; total=18328 ; rate=279/min ; 3677/6537 batches
[07:00:32]   +5 [multi_authority_synthesis] ; total=18333 ; rate=279/min ; 3678/6537 batches
[07:00:49]   FAIL [multi_authority_synthesis]: empty_or_unparseable_after_retry
[07:00:49]   +5 [multi_authority_synthesis] ; total=18338 ; rate=277/min ; 3679/6537 batches
[07:01:13]   FAIL [multi_authority_synthesis]: empty_or_unparseable_after_retry
[07:01:28]   +5 [multi_authority_synthesis] ; total=18343 ; rate=275/min ; 3680/6537 batches
[07:01:31]   FAIL [multi_authority_synthesis]: empty_or_unparseable_after_retry
[07:01:49]   +5 [multi_authority_synthesis] ; total=18348 ; rate=273/min ; 3681/6537 batches
[07:01:53]   FAIL [multi_authority_synthesis]: empty_or_unparseable_after_retry
[07:02:09]   FAIL [multi_authority_synthesis]: empty_or_unparseable_after_retry
[07:02:12]   FAIL [multi_authority_synthesis]: empty_or_unparseable_after_retry
[07:02:12]   +5 [multi_authority_synthesis] ; total=18353 ; rate=272/min ; 3682/6537 batches
[07:02:12]   +5 [multi_authority_synthesis] ; total=18358 ; rate=272/min ; 3683/6537 batches
[07:02:13]   +5 [multi_authority_synthesis] ; total=18363 ; rate=272/min ; 3684/6537 batches
[07:02:13]   +5 [multi_authority_synthesis] ; total=18368 ; rate=272/min ; 3685/6537 batches
[07:02:13]   +5 [multi_authority_synthesis] ; total=18373 ; rate=272/min ; 3686/6537 batches
[07:02:13]   +5 [multi_authority_synthesis] ; total=18378 ; rate=272/min ; 3687/6537 batches
[07:02:13]   +5 [multi_authority_synthesis] ; total=18383 ; rate=272/min ; 3688/6537 batches
[07:02:30]   FAIL [multi_authority_synthesis]: empty_or_unparseable_after_retry
[07:02:40]   +5 [multi_authority_synthesis] ; total=18388 ; rate=271/min ; 3689/6537 batches
[07:02:54]   FAIL [multi_authority_synthesis]: empty_or_unparseable_after_retry
[07:03:10]   FAIL [multi_authority_synthesis]: empty_or_unparseable_after_retry
[07:03:10]   +5 [multi_authority_synthesis] ; total=18393 ; rate=269/min ; 3690/6537 batches
[07:03:16]   FAIL [multi_authority_synthesis]: empty_or_unparseable_after_retry
[07:03:21]   FAIL [multi_authority_synthesis]: empty_or_unparseable_after_retry
[07:03:21]   +5 [multi_authority_synthesis] ; total=18398 ; rate=268/min ; 3691/6537 batches
[07:03:21]   +5 [multi_authority_synthesis] ; total=18403 ; rate=268/min ; 3692/6537 batches
[07:03:21]   +5 [multi_authority_synthesis] ; total=18408 ; rate=268/min ; 3693/6537 batches
[07:03:21]   +5 [multi_authority_synthesis] ; total=18413 ; rate=268/min ; 3694/6537 batches
[07:03:21]   +5 [multi_authority_synthesis] ; total=18418 ; rate=268/min ; 3695/6537 batches
[07:03:21]   +5 [multi_authority_synthesis] ; total=18423 ; rate=268/min ; 3696/6537 batches
[07:03:34]   FAIL [multi_authority_synthesis]: empty_or_unparseable_after_retry
[07:03:50]   FAIL [multi_authority_synthesis]: empty_or_unparseable_after_retry
[07:04:00]   +5 [multi_authority_synthesis] ; total=18428 ; rate=266/min ; 3697/6537 batches
[07:04:01]   FAIL [multi_authority_synthesis]: empty_or_unparseable_after_retry
[07:04:01]   +5 [multi_authority_synthesis] ; total=18433 ; rate=266/min ; 3698/6537 batches
[07:04:31]   FAIL [multi_authority_synthesis]: empty_or_unparseable_after_retry
[07:04:31]   +5 [multi_authority_synthesis] ; total=18438 ; rate=264/min ; 3699/6537 batches
[07:04:31]   +5 [multi_authority_synthesis] ; total=18443 ; rate=264/min ; 3700/6537 batches
[07:04:31]   +5 [multi_authority_synthesis] ; total=18448 ; rate=264/min ; 3701/6537 batches
[07:04:31]   +5 [multi_authority_synthesis] ; total=18453 ; rate=264/min ; 3702/6537 batches
[07:04:31]   +5 [multi_authority_synthesis] ; total=18458 ; rate=264/min ; 3703/6537 batches
[07:04:31]   +5 [multi_authority_synthesis] ; total=18463 ; rate=265/min ; 3704/6537 batches
[07:04:31]   +5 [multi_authority_synthesis] ; total=18468 ; rate=265/min ; 3705/6537 batches
[07:04:40]   FAIL [multi_authority_synthesis]: empty_or_unparseable_after_retry
[07:04:42]   FAIL [multi_authority_synthesis]: empty_or_unparseable_after_retry
[07:04:57]   +5 [multi_authority_synthesis] (succeeded on retry #2)
[07:04:57]   +5 [multi_authority_synthesis] ; total=18473 ; rate=263/min ; 3706/6537 batches
[07:05:22]   FAIL [multi_authority_synthesis]: empty_or_unparseable_after_retry
[07:05:22]   +5 [multi_authority_synthesis] ; total=18478 ; rate=262/min ; 3707/6537 batches
[07:05:24]   +5 [multi_authority_synthesis] ; total=18483 ; rate=261/min ; 3708/6537 batches
[07:05:24]   +5 [multi_authority_synthesis] ; total=18488 ; rate=262/min ; 3709/6537 batches
[07:05:24]   +5 [multi_authority_synthesis] ; total=18493 ; rate=262/min ; 3710/6537 batches
[07:05:37]   FAIL [multi_authority_synthesis]: empty_or_unparseable_after_retry
[07:05:51]   +5 [multi_authority_synthesis] (succeeded on retry #2)
[07:05:51]   +5 [multi_authority_synthesis] ; total=18498 ; rate=260/min ; 3711/6537 batches
[07:05:51]   +5 [multi_authority_synthesis] ; total=18503 ; rate=260/min ; 3712/6537 batches
[07:06:02]   FAIL [multi_authority_synthesis]: empty_or_unparseable_after_retry
[07:06:02]   +5 [multi_authority_synthesis] ; total=18508 ; rate=260/min ; 3713/6537 batches
[07:06:02]   +5 [multi_authority_synthesis] ; total=18513 ; rate=260/min ; 3714/6537 batches
[07:06:02]   +5 [multi_authority_synthesis] ; total=18518 ; rate=260/min ; 3715/6537 batches
[07:06:07]   +1 [multi_authority_synthesis] ; total=18519 ; rate=259/min ; 3716/6537 batches
[07:06:09]   +5 [multi_authority_synthesis] ; total=18524 ; rate=259/min ; 3717/6537 batches
[07:06:09]   +5 [multi_authority_synthesis] ; total=18529 ; rate=259/min ; 3718/6537 batches
[07:06:39]   +5 [multi_authority_synthesis] ; total=18534 ; rate=258/min ; 3719/6537 batches
[07:06:39]   +5 [multi_authority_synthesis] ; total=18539 ; rate=258/min ; 3720/6537 batches
[07:06:39]   +5 [multi_authority_synthesis] ; total=18544 ; rate=258/min ; 3721/6537 batches
[07:06:39]   +5 [multi_authority_synthesis] ; total=18549 ; rate=258/min ; 3722/6537 batches
[07:06:40]   +1 [multi_authority_synthesis] ; total=18550 ; rate=258/min ; 3723/6537 batches
[07:06:49]   FAIL [multi_authority_synthesis]: empty_or_unparseable_after_retry
[07:06:49]   +5 [multi_authority_synthesis] ; total=18555 ; rate=257/min ; 3724/6537 batches
[07:07:03]   FAIL [multi_authority_synthesis]: empty_or_unparseable_after_retry
[07:07:03]   +5 [multi_authority_synthesis] ; total=18560 ; rate=257/min ; 3725/6537 batches
[07:07:04]   +5 [multi_authority_synthesis] ; total=18565 ; rate=257/min ; 3726/6537 batches
[07:07:12]   +5 [multi_authority_synthesis] (succeeded on retry #1)
[07:07:12]   +5 [multi_authority_synthesis] ; total=18570 ; rate=256/min ; 3727/6537 batches
[07:07:12]   +5 [multi_authority_synthesis] ; total=18575 ; rate=256/min ; 3728/6537 batches
[07:07:12]   +5 [multi_authority_synthesis] ; total=18580 ; rate=256/min ; 3729/6537 batches
[07:07:33]   +5 [multi_authority_synthesis] ; total=18585 ; rate=255/min ; 3730/6537 batches
[07:07:33]   +5 [multi_authority_synthesis] ; total=18590 ; rate=255/min ; 3731/6537 batches
[07:07:33]   +5 [multi_authority_synthesis] ; total=18595 ; rate=255/min ; 3732/6537 batches
[07:07:33]   +5 [multi_authority_synthesis] ; total=18600 ; rate=255/min ; 3733/6537 batches
[07:07:33]   +1 [multi_authority_synthesis] ; total=18601 ; rate=255/min ; 3734/6537 batches
[07:07:33]   +5 [multi_authority_synthesis] ; total=18606 ; rate=255/min ; 3735/6537 batches
[07:07:33]   +5 [multi_authority_synthesis] ; total=18611 ; rate=256/min ; 3736/6537 batches
[07:07:36]   +5 [multi_authority_synthesis] ; total=18616 ; rate=255/min ; 3737/6537 batches
[07:07:37]   +5 [multi_authority_synthesis] ; total=18621 ; rate=255/min ; 3738/6537 batches
[07:07:37]   +5 [multi_authority_synthesis] ; total=18626 ; rate=256/min ; 3739/6537 batches
[07:07:44]   FAIL [multi_authority_synthesis]: empty_or_unparseable_after_retry
[07:07:44]   +5 [multi_authority_synthesis] ; total=18631 ; rate=255/min ; 3740/6537 batches
[07:08:17]   FAIL [multi_authority_synthesis]: empty_or_unparseable_after_retry
[07:08:23]   +5 [multi_authority_synthesis] ; total=18636 ; rate=253/min ; 3741/6537 batches
[07:08:23]   +5 [multi_authority_synthesis] ; total=18641 ; rate=253/min ; 3742/6537 batches
[07:08:23]   +5 [multi_authority_synthesis] ; total=18646 ; rate=253/min ; 3743/6537 batches
[07:08:23]   +5 [multi_authority_synthesis] ; total=18651 ; rate=253/min ; 3744/6537 batches
[07:08:23]   +1 [multi_authority_synthesis] ; total=18652 ; rate=253/min ; 3745/6537 batches
[07:08:23]   +5 [multi_authority_synthesis] ; total=18657 ; rate=253/min ; 3746/6537 batches
[07:08:23]   +5 [multi_authority_synthesis] ; total=18662 ; rate=253/min ; 3747/6537 batches
[07:08:23]   +5 [multi_authority_synthesis] ; total=18667 ; rate=253/min ; 3748/6537 batches
[07:08:23]   +5 [multi_authority_synthesis] ; total=18672 ; rate=253/min ; 3749/6537 batches
[07:08:23]   +5 [multi_authority_synthesis] ; total=18677 ; rate=254/min ; 3750/6537 batches
[07:08:23]   +5 [multi_authority_synthesis] ; total=18682 ; rate=254/min ; 3751/6537 batches
[07:08:23]   +5 [multi_authority_synthesis] ; total=18687 ; rate=254/min ; 3752/6537 batches
[07:08:23]   +5 [multi_authority_synthesis] ; total=18692 ; rate=254/min ; 3753/6537 batches
[07:08:44]   +5 [multi_authority_synthesis] (succeeded on retry #2)
[07:08:44]   +5 [multi_authority_synthesis] ; total=18697 ; rate=253/min ; 3754/6537 batches
[07:08:44]   +5 [multi_authority_synthesis] ; total=18702 ; rate=253/min ; 3755/6537 batches
[07:08:44]   +5 [multi_authority_synthesis] ; total=18707 ; rate=253/min ; 3756/6537 batches
[07:08:44]   +5 [multi_authority_synthesis] ; total=18712 ; rate=253/min ; 3757/6537 batches
[07:08:45]   +1 [multi_authority_synthesis] ; total=18713 ; rate=253/min ; 3758/6537 batches
[07:08:45]   +5 [multi_authority_synthesis] ; total=18718 ; rate=253/min ; 3759/6537 batches
[07:08:45]   +5 [multi_authority_synthesis] ; total=18723 ; rate=253/min ; 3760/6537 batches
[07:08:45]   +5 [multi_authority_synthesis] ; total=18728 ; rate=253/min ; 3761/6537 batches
[07:08:45]   +5 [multi_authority_synthesis] ; total=18733 ; rate=253/min ; 3762/6537 batches
[07:08:45]   +5 [multi_authority_synthesis] ; total=18738 ; rate=253/min ; 3763/6537 batches
[07:09:03]   FAIL [multi_authority_synthesis]: empty_or_unparseable_after_retry
[07:09:03]   +5 [multi_authority_synthesis] ; total=18743 ; rate=252/min ; 3764/6537 batches
[07:09:03]   +5 [multi_authority_synthesis] ; total=18748 ; rate=252/min ; 3765/6537 batches
[07:09:03]   +5 [multi_authority_synthesis] ; total=18753 ; rate=252/min ; 3766/6537 batches
[07:09:11]   +5 [multi_authority_synthesis] ; total=18758 ; rate=252/min ; 3767/6537 batches
[07:09:18]   +5 [multi_authority_synthesis] ; total=18763 ; rate=252/min ; 3768/6537 batches
[07:09:18]   +5 [multi_authority_synthesis] ; total=18768 ; rate=252/min ; 3769/6537 batches
[07:09:18]   +1 [multi_authority_synthesis] ; total=18769 ; rate=252/min ; 3770/6537 batches
[07:09:18]   +5 [multi_authority_synthesis] ; total=18774 ; rate=252/min ; 3771/6537 batches
[07:09:18]   +5 [multi_authority_synthesis] ; total=18779 ; rate=252/min ; 3772/6537 batches
[07:09:18]   +5 [multi_authority_synthesis] ; total=18784 ; rate=252/min ; 3773/6537 batches
[07:09:18]   +5 [multi_authority_synthesis] ; total=18789 ; rate=252/min ; 3774/6537 batches
[07:09:18]   +5 [multi_authority_synthesis] ; total=18794 ; rate=252/min ; 3775/6537 batches
[07:09:25]   FAIL [multi_authority_synthesis]: empty_or_unparseable_after_retry
[07:09:25]   +5 [multi_authority_synthesis] ; total=18799 ; rate=252/min ; 3776/6537 batches
[07:09:25]   +5 [multi_authority_synthesis] ; total=18804 ; rate=252/min ; 3777/6537 batches
[07:09:25]   +5 [multi_authority_synthesis] ; total=18809 ; rate=252/min ; 3778/6537 batches
[07:09:56]   +5 [multi_authority_synthesis] ; total=18814 ; rate=250/min ; 3779/6537 batches
[07:09:56]   +5 [multi_authority_synthesis] ; total=18819 ; rate=250/min ; 3780/6537 batches
[07:09:56]   +5 [multi_authority_synthesis] ; total=18824 ; rate=250/min ; 3781/6537 batches
[07:09:56]   +1 [multi_authority_synthesis] ; total=18825 ; rate=250/min ; 3782/6537 batches
[07:09:56]   +5 [multi_authority_synthesis] ; total=18830 ; rate=250/min ; 3783/6537 batches
[07:09:56]   +5 [multi_authority_synthesis] ; total=18835 ; rate=250/min ; 3784/6537 batches
[07:09:56]   +5 [multi_authority_synthesis] ; total=18840 ; rate=250/min ; 3785/6537 batches
[07:09:56]   +5 [multi_authority_synthesis] ; total=18845 ; rate=251/min ; 3786/6537 batches
[07:09:56]   +5 [multi_authority_synthesis] ; total=18850 ; rate=251/min ; 3787/6537 batches
[07:09:58]   FAIL [multi_authority_synthesis]: empty_or_unparseable_after_retry
[07:09:58]   +5 [multi_authority_synthesis] ; total=18855 ; rate=251/min ; 3788/6537 batches
[07:09:58]   +5 [multi_authority_synthesis] ; total=18860 ; rate=251/min ; 3789/6537 batches
[07:09:58]   +5 [multi_authority_synthesis] ; total=18865 ; rate=251/min ; 3790/6537 batches
[07:10:01]   FAIL [multi_authority_synthesis]: empty_or_unparseable_after_retry
[07:10:01]   +5 [multi_authority_synthesis] ; total=18870 ; rate=251/min ; 3791/6537 batches
[07:10:02]   +5 [multi_authority_synthesis] ; total=18875 ; rate=251/min ; 3792/6537 batches
[07:10:02]   +1 [multi_authority_synthesis] ; total=18876 ; rate=251/min ; 3793/6537 batches
[07:10:02]   +5 [multi_authority_synthesis] ; total=18881 ; rate=251/min ; 3794/6537 batches
[07:10:02]   +5 [multi_authority_synthesis] ; total=18886 ; rate=251/min ; 3795/6537 batches
[07:10:02]   +5 [multi_authority_synthesis] ; total=18891 ; rate=251/min ; 3796/6537 batches
[07:10:02]   +5 [multi_authority_synthesis] ; total=18896 ; rate=251/min ; 3797/6537 batches
[07:10:02]   +5 [multi_authority_synthesis] ; total=18901 ; rate=251/min ; 3798/6537 batches
[07:10:06]   FAIL [multi_authority_synthesis]: empty_or_unparseable_after_retry
[07:10:06]   +5 [multi_authority_synthesis] ; total=18906 ; rate=251/min ; 3799/6537 batches
[07:10:06]   +5 [multi_authority_synthesis] ; total=18911 ; rate=251/min ; 3800/6537 batches
[07:10:06]   +5 [multi_authority_synthesis] ; total=18916 ; rate=251/min ; 3801/6537 batches
[07:10:37]   FAIL [multi_authority_synthesis]: empty_or_unparseable_after_retry
[07:10:37]   +5 [multi_authority_synthesis] ; total=18921 ; rate=249/min ; 3802/6537 batches
[07:10:37]   +5 [multi_authority_synthesis] ; total=18926 ; rate=249/min ; 3803/6537 batches
[07:10:37]   +1 [multi_authority_synthesis] ; total=18927 ; rate=249/min ; 3804/6537 batches
[07:10:37]   +5 [multi_authority_synthesis] ; total=18932 ; rate=249/min ; 3805/6537 batches
[07:10:37]   +5 [multi_authority_synthesis] ; total=18937 ; rate=250/min ; 3806/6537 batches
[07:10:37]   +5 [multi_authority_synthesis] ; total=18942 ; rate=250/min ; 3807/6537 batches
[07:10:37]   +5 [multi_authority_synthesis] ; total=18947 ; rate=250/min ; 3808/6537 batches
[07:10:37]   +5 [multi_authority_synthesis] ; total=18952 ; rate=250/min ; 3809/6537 batches
[07:10:39]   FAIL [multi_authority_synthesis]: empty_or_unparseable_after_retry
[07:10:39]   +5 [multi_authority_synthesis] ; total=18957 ; rate=250/min ; 3810/6537 batches
[07:10:39]   +5 [multi_authority_synthesis] ; total=18962 ; rate=250/min ; 3811/6537 batches
[07:10:39]   +5 [multi_authority_synthesis] ; total=18967 ; rate=250/min ; 3812/6537 batches
[07:10:42]   FAIL [multi_authority_synthesis]: empty_or_unparseable_after_retry
[07:10:42]   +5 [multi_authority_synthesis] ; total=18972 ; rate=250/min ; 3813/6537 batches
[07:10:42]   +5 [multi_authority_synthesis] ; total=18977 ; rate=250/min ; 3814/6537 batches
[07:10:43]   +1 [multi_authority_synthesis] ; total=18978 ; rate=250/min ; 3815/6537 batches
[07:10:43]   +5 [multi_authority_synthesis] ; total=18983 ; rate=250/min ; 3816/6537 batches
[07:10:43]   +5 [multi_authority_synthesis] ; total=18988 ; rate=250/min ; 3817/6537 batches
[07:10:43]   +5 [multi_authority_synthesis] ; total=18993 ; rate=250/min ; 3818/6537 batches
[07:10:43]   +5 [multi_authority_synthesis] ; total=18998 ; rate=250/min ; 3819/6537 batches
[07:10:43]   +5 [multi_authority_synthesis] ; total=19003 ; rate=250/min ; 3820/6537 batches
[07:10:46]   FAIL [multi_authority_synthesis]: empty_or_unparseable_after_retry
[07:10:46]   +5 [multi_authority_synthesis] ; total=19008 ; rate=250/min ; 3821/6537 batches
[07:10:46]   +5 [multi_authority_synthesis] ; total=19013 ; rate=250/min ; 3822/6537 batches
[07:10:46]   +5 [multi_authority_synthesis] ; total=19018 ; rate=250/min ; 3823/6537 batches
[07:11:17]   FAIL [multi_authority_synthesis]: empty_or_unparseable_after_retry
[07:11:17]   +5 [multi_authority_synthesis] ; total=19023 ; rate=248/min ; 3824/6537 batches
[07:11:19]   FAIL [multi_authority_synthesis]: empty_or_unparseable_after_retry
[07:11:23]   FAIL [multi_authority_synthesis]: empty_or_unparseable_after_retry
[07:11:23]   +5 [multi_authority_synthesis] ; total=19028 ; rate=248/min ; 3825/6537 batches
[07:11:23]   +5 [multi_authority_synthesis] ; total=19033 ; rate=248/min ; 3826/6537 batches
[07:11:23]   +5 [multi_authority_synthesis] ; total=19038 ; rate=248/min ; 3827/6537 batches
[07:11:27]   FAIL [multi_authority_synthesis]: empty_or_unparseable_after_retry
[07:11:27]   +5 [multi_authority_synthesis] ; total=19043 ; rate=248/min ; 3828/6537 batches
[07:11:46]   +1 [multi_authority_synthesis] ; total=19044 ; rate=247/min ; 3829/6537 batches
[07:11:46]   +5 [multi_authority_synthesis] ; total=19049 ; rate=247/min ; 3830/6537 batches
[07:11:46]   +5 [multi_authority_synthesis] ; total=19054 ; rate=247/min ; 3831/6537 batches
[07:11:46]   +5 [multi_authority_synthesis] ; total=19059 ; rate=247/min ; 3832/6537 batches
[07:12:00]   +5 [multi_authority_synthesis] ; total=19064 ; rate=247/min ; 3833/6537 batches
[07:12:00]   +5 [multi_authority_synthesis] ; total=19069 ; rate=247/min ; 3834/6537 batches
[07:12:00]   +1 [multi_authority_synthesis] ; total=19070 ; rate=247/min ; 3835/6537 batches
[07:12:06]   +5 [multi_authority_synthesis] ; total=19075 ; rate=247/min ; 3836/6537 batches
[07:12:06]   +5 [multi_authority_synthesis] ; total=19080 ; rate=247/min ; 3837/6537 batches
[07:12:22]   +5 [multi_authority_synthesis] ; total=19085 ; rate=246/min ; 3838/6537 batches
[07:12:22]   +5 [multi_authority_synthesis] ; total=19090 ; rate=246/min ; 3839/6537 batches
[07:12:22]   +5 [multi_authority_synthesis] ; total=19095 ; rate=246/min ; 3840/6537 batches
[07:12:22]   +5 [multi_authority_synthesis] ; total=19100 ; rate=246/min ; 3841/6537 batches
[07:12:22]   +5 [multi_authority_synthesis] ; total=19105 ; rate=246/min ; 3842/6537 batches
[07:12:27]   FAIL [multi_authority_synthesis]: empty_or_unparseable_after_retry
[07:12:27]   +5 [multi_authority_synthesis] ; total=19110 ; rate=246/min ; 3843/6537 batches
[07:12:27]   +5 [multi_authority_synthesis] ; total=19115 ; rate=246/min ; 3844/6537 batches
[07:12:39]   +5 [multi_authority_synthesis] ; total=19120 ; rate=245/min ; 3845/6537 batches
[07:12:39]   +5 [multi_authority_synthesis] ; total=19125 ; rate=245/min ; 3846/6537 batches
[07:12:39]   +1 [multi_authority_synthesis] ; total=19126 ; rate=245/min ; 3847/6537 batches
[07:12:39]   +5 [multi_authority_synthesis] ; total=19131 ; rate=245/min ; 3848/6537 batches
[07:13:05]   +5 [multi_authority_synthesis] ; total=19136 ; rate=244/min ; 3849/6537 batches
[07:13:05]   +5 [multi_authority_synthesis] ; total=19141 ; rate=244/min ; 3850/6537 batches
[07:13:05]   +5 [multi_authority_synthesis] ; total=19146 ; rate=244/min ; 3851/6537 batches
[07:13:05]   +5 [multi_authority_synthesis] ; total=19151 ; rate=244/min ; 3852/6537 batches
[07:13:05]   +5 [multi_authority_synthesis] ; total=19156 ; rate=244/min ; 3853/6537 batches
[07:13:05]   +5 [multi_authority_synthesis] ; total=19161 ; rate=245/min ; 3854/6537 batches
[07:13:07]   FAIL [multi_authority_synthesis]: empty_or_unparseable_after_retry
[07:13:07]   +5 [multi_authority_synthesis] ; total=19166 ; rate=244/min ; 3855/6537 batches
[07:13:07]   +5 [multi_authority_synthesis] ; total=19171 ; rate=245/min ; 3856/6537 batches
[07:13:11]   +5 [multi_authority_synthesis] ; total=19176 ; rate=244/min ; 3857/6537 batches
[07:13:11]   +5 [multi_authority_synthesis] ; total=19181 ; rate=244/min ; 3858/6537 batches
[07:13:11]   +1 [multi_authority_synthesis] ; total=19182 ; rate=244/min ; 3859/6537 batches
[07:13:11]   +5 [multi_authority_synthesis] ; total=19187 ; rate=245/min ; 3860/6537 batches
[07:13:32]   +5 [multi_authority_synthesis] ; total=19192 ; rate=243/min ; 3861/6537 batches
[07:13:32]   +5 [multi_authority_synthesis] ; total=19197 ; rate=244/min ; 3862/6537 batches
[07:13:32]   +5 [multi_authority_synthesis] ; total=19202 ; rate=244/min ; 3863/6537 batches
[07:13:32]   +5 [multi_authority_synthesis] ; total=19207 ; rate=244/min ; 3864/6537 batches
[07:13:32]   +5 [multi_authority_synthesis] ; total=19212 ; rate=244/min ; 3865/6537 batches
[07:13:32]   +5 [multi_authority_synthesis] ; total=19217 ; rate=244/min ; 3866/6537 batches
[07:13:33]   +5 [multi_authority_synthesis] ; total=19222 ; rate=244/min ; 3867/6537 batches
[07:13:46]   +5 [multi_authority_synthesis] ; total=19227 ; rate=243/min ; 3868/6537 batches
[07:13:46]   +5 [multi_authority_synthesis] ; total=19232 ; rate=243/min ; 3869/6537 batches
[07:13:47]   FAIL [multi_authority_synthesis]: empty_or_unparseable_after_retry
[07:13:47]   +5 [multi_authority_synthesis] ; total=19237 ; rate=243/min ; 3870/6537 batches
[07:13:47]   +1 [multi_authority_synthesis] ; total=19238 ; rate=243/min ; 3871/6537 batches
[07:13:47]   +5 [multi_authority_synthesis] ; total=19243 ; rate=243/min ; 3872/6537 batches
[07:13:48]   +5 [multi_authority_synthesis] ; total=19248 ; rate=243/min ; 3873/6537 batches
[07:13:48]   +5 [multi_authority_synthesis] ; total=19253 ; rate=243/min ; 3874/6537 batches
[07:13:48]   +5 [multi_authority_synthesis] ; total=19258 ; rate=244/min ; 3875/6537 batches
[07:13:48]   +5 [multi_authority_synthesis] ; total=19263 ; rate=244/min ; 3876/6537 batches
[07:13:48]   +5 [multi_authority_synthesis] ; total=19268 ; rate=244/min ; 3877/6537 batches
[07:13:48]   +5 [multi_authority_synthesis] ; total=19273 ; rate=244/min ; 3878/6537 batches
[07:13:48]   +5 [multi_authority_synthesis] ; total=19278 ; rate=244/min ; 3879/6537 batches
[07:13:49]   +5 [multi_authority_synthesis] ; total=19283 ; rate=244/min ; 3880/6537 batches
[07:13:50]   +5 [multi_authority_synthesis] ; total=19288 ; rate=244/min ; 3881/6537 batches
[07:14:17]   +5 [multi_authority_synthesis] ; total=19293 ; rate=242/min ; 3882/6537 batches
[07:14:17]   +5 [multi_authority_synthesis] ; total=19298 ; rate=243/min ; 3883/6537 batches
[07:14:17]   +1 [multi_authority_synthesis] ; total=19299 ; rate=243/min ; 3884/6537 batches
[07:14:17]   +5 [multi_authority_synthesis] ; total=19304 ; rate=243/min ; 3885/6537 batches
[07:14:18]   +5 [multi_authority_synthesis] ; total=19309 ; rate=243/min ; 3886/6537 batches
[07:14:18]   +5 [multi_authority_synthesis] ; total=19314 ; rate=243/min ; 3887/6537 batches
[07:14:18]   +5 [multi_authority_synthesis] ; total=19319 ; rate=243/min ; 3888/6537 batches
[07:14:18]   +5 [multi_authority_synthesis] ; total=19324 ; rate=243/min ; 3889/6537 batches
[07:14:18]   +5 [multi_authority_synthesis] ; total=19329 ; rate=243/min ; 3890/6537 batches
[07:14:18]   +5 [multi_authority_synthesis] ; total=19334 ; rate=243/min ; 3891/6537 batches
[07:14:18]   +5 [multi_authority_synthesis] ; total=19339 ; rate=243/min ; 3892/6537 batches
[07:14:18]   +5 [multi_authority_synthesis] ; total=19344 ; rate=243/min ; 3893/6537 batches
[07:14:18]   +5 [multi_authority_synthesis] ; total=19349 ; rate=243/min ; 3894/6537 batches
[07:14:42]   +5 [multi_authority_synthesis] ; total=19354 ; rate=242/min ; 3895/6537 batches
[07:14:43]   +5 [multi_authority_synthesis] ; total=19359 ; rate=242/min ; 3896/6537 batches
[07:14:43]   +1 [multi_authority_synthesis] ; total=19360 ; rate=242/min ; 3897/6537 batches
[07:14:43]   +5 [multi_authority_synthesis] ; total=19365 ; rate=242/min ; 3898/6537 batches
[07:14:43]   +5 [multi_authority_synthesis] ; total=19370 ; rate=242/min ; 3899/6537 batches
[07:14:43]   +5 [multi_authority_synthesis] ; total=19375 ; rate=242/min ; 3900/6537 batches
[07:14:43]   +5 [multi_authority_synthesis] ; total=19380 ; rate=242/min ; 3901/6537 batches
[07:14:43]   +5 [multi_authority_synthesis] ; total=19385 ; rate=242/min ; 3902/6537 batches
[07:14:43]   +5 [multi_authority_synthesis] ; total=19390 ; rate=242/min ; 3903/6537 batches
[07:14:43]   +5 [multi_authority_synthesis] ; total=19395 ; rate=242/min ; 3904/6537 batches
[07:14:43]   +5 [multi_authority_synthesis] ; total=19400 ; rate=242/min ; 3905/6537 batches
[07:14:43]   +5 [multi_authority_synthesis] ; total=19405 ; rate=243/min ; 3906/6537 batches
[07:14:43]   +5 [multi_authority_synthesis] ; total=19410 ; rate=243/min ; 3907/6537 batches
[07:15:09]   +5 [multi_authority_synthesis] (succeeded on retry #2)
[07:15:09]   +5 [multi_authority_synthesis] ; total=19415 ; rate=241/min ; 3908/6537 batches
[07:15:30]   +5 [multi_authority_synthesis] (succeeded on retry #1)
[07:15:30]   +5 [multi_authority_synthesis] ; total=19420 ; rate=240/min ; 3909/6537 batches
[07:15:30]   +1 [multi_authority_synthesis] ; total=19421 ; rate=240/min ; 3910/6537 batches
[07:15:30]   +5 [multi_authority_synthesis] ; total=19426 ; rate=240/min ; 3911/6537 batches
[07:15:30]   +5 [multi_authority_synthesis] ; total=19431 ; rate=241/min ; 3912/6537 batches
[07:15:30]   +5 [multi_authority_synthesis] ; total=19436 ; rate=241/min ; 3913/6537 batches
[07:15:31]   +5 [multi_authority_synthesis] ; total=19441 ; rate=241/min ; 3914/6537 batches
[07:15:31]   +5 [multi_authority_synthesis] ; total=19446 ; rate=241/min ; 3915/6537 batches
[07:15:31]   +5 [multi_authority_synthesis] ; total=19451 ; rate=241/min ; 3916/6537 batches
[07:15:31]   +5 [multi_authority_synthesis] ; total=19456 ; rate=241/min ; 3917/6537 batches
[07:15:31]   +5 [multi_authority_synthesis] ; total=19461 ; rate=241/min ; 3918/6537 batches
[07:15:31]   +5 [multi_authority_synthesis] ; total=19466 ; rate=241/min ; 3919/6537 batches
[07:15:31]   +5 [multi_authority_synthesis] ; total=19471 ; rate=241/min ; 3920/6537 batches
[07:15:31]   +5 [multi_authority_synthesis] ; total=19476 ; rate=241/min ; 3921/6537 batches
[07:15:40]   +5 [multi_authority_synthesis] ; total=19481 ; rate=241/min ; 3922/6537 batches
[07:15:40]   +1 [multi_authority_synthesis] ; total=19482 ; rate=241/min ; 3923/6537 batches
[07:15:40]   +5 [multi_authority_synthesis] ; total=19487 ; rate=241/min ; 3924/6537 batches
[07:15:40]   +5 [multi_authority_synthesis] ; total=19492 ; rate=241/min ; 3925/6537 batches
[07:15:40]   +5 [multi_authority_synthesis] ; total=19497 ; rate=241/min ; 3926/6537 batches
[07:15:40]   +5 [multi_authority_synthesis] ; total=19502 ; rate=241/min ; 3927/6537 batches
[07:15:40]   +5 [multi_authority_synthesis] ; total=19507 ; rate=241/min ; 3928/6537 batches
[07:15:40]   +5 [multi_authority_synthesis] ; total=19512 ; rate=241/min ; 3929/6537 batches
[07:15:40]   +5 [multi_authority_synthesis] ; total=19517 ; rate=241/min ; 3930/6537 batches
[07:15:40]   +5 [multi_authority_synthesis] ; total=19522 ; rate=241/min ; 3931/6537 batches
[07:15:41]   +5 [multi_authority_synthesis] ; total=19527 ; rate=241/min ; 3932/6537 batches
[07:15:41]   +5 [multi_authority_synthesis] ; total=19532 ; rate=241/min ; 3933/6537 batches
[07:15:41]   +5 [multi_authority_synthesis] ; total=19537 ; rate=241/min ; 3934/6537 batches
[07:16:01]   +5 [multi_authority_synthesis] ; total=19542 ; rate=240/min ; 3935/6537 batches
[07:16:01]   +1 [multi_authority_synthesis] ; total=19543 ; rate=240/min ; 3936/6537 batches
[07:16:01]   +5 [multi_authority_synthesis] ; total=19548 ; rate=240/min ; 3937/6537 batches
[07:16:01]   +5 [multi_authority_synthesis] ; total=19553 ; rate=240/min ; 3938/6537 batches
[07:16:01]   +5 [multi_authority_synthesis] ; total=19558 ; rate=241/min ; 3939/6537 batches
[07:16:01]   +5 [multi_authority_synthesis] ; total=19563 ; rate=241/min ; 3940/6537 batches
[07:16:01]   +5 [multi_authority_synthesis] ; total=19568 ; rate=241/min ; 3941/6537 batches
[07:16:02]   +5 [multi_authority_synthesis] ; total=19573 ; rate=241/min ; 3942/6537 batches
[07:16:02]   +5 [multi_authority_synthesis] ; total=19578 ; rate=241/min ; 3943/6537 batches
[07:16:02]   +5 [multi_authority_synthesis] ; total=19583 ; rate=241/min ; 3944/6537 batches
[07:16:02]   +5 [multi_authority_synthesis] ; total=19588 ; rate=241/min ; 3945/6537 batches
[07:16:02]   +5 [multi_authority_synthesis] ; total=19593 ; rate=241/min ; 3946/6537 batches
[07:16:02]   +5 [multi_authority_synthesis] ; total=19598 ; rate=241/min ; 3947/6537 batches
[07:16:02]   +5 [multi_authority_synthesis] ; total=19603 ; rate=241/min ; 3948/6537 batches
[07:16:02]   +1 [multi_authority_synthesis] ; total=19604 ; rate=241/min ; 3949/6537 batches
[07:16:02]   +5 [multi_authority_synthesis] ; total=19609 ; rate=241/min ; 3950/6537 batches
[07:16:02]   +5 [multi_authority_synthesis] ; total=19614 ; rate=241/min ; 3951/6537 batches
[07:16:02]   +5 [multi_authority_synthesis] ; total=19619 ; rate=241/min ; 3952/6537 batches
[07:16:02]   +5 [multi_authority_synthesis] ; total=19624 ; rate=241/min ; 3953/6537 batches
[07:16:03]   +5 [multi_authority_synthesis] ; total=19629 ; rate=241/min ; 3954/6537 batches
[07:16:03]   +5 [multi_authority_synthesis] ; total=19634 ; rate=241/min ; 3955/6537 batches
[07:16:03]   +5 [multi_authority_synthesis] ; total=19639 ; rate=241/min ; 3956/6537 batches
[07:16:03]   +5 [multi_authority_synthesis] ; total=19644 ; rate=242/min ; 3957/6537 batches
[07:16:03]   +5 [multi_authority_synthesis] ; total=19649 ; rate=242/min ; 3958/6537 batches
[07:16:03]   +5 [multi_authority_synthesis] ; total=19654 ; rate=242/min ; 3959/6537 batches
[07:16:03]   +5 [multi_authority_synthesis] ; total=19659 ; rate=242/min ; 3960/6537 batches
[07:16:03]   +5 [multi_authority_synthesis] ; total=19664 ; rate=242/min ; 3961/6537 batches
[07:16:03]   +1 [multi_authority_synthesis] ; total=19665 ; rate=242/min ; 3962/6537 batches
[07:16:03]   +5 [multi_authority_synthesis] ; total=19670 ; rate=242/min ; 3963/6537 batches
[07:16:03]   +5 [multi_authority_synthesis] ; total=19675 ; rate=242/min ; 3964/6537 batches
[07:16:03]   +5 [multi_authority_synthesis] ; total=19680 ; rate=242/min ; 3965/6537 batches
[07:16:04]   +5 [multi_authority_synthesis] ; total=19685 ; rate=242/min ; 3966/6537 batches
[07:16:04]   +5 [multi_authority_synthesis] ; total=19690 ; rate=242/min ; 3967/6537 batches
[07:16:04]   +5 [multi_authority_synthesis] ; total=19695 ; rate=242/min ; 3968/6537 batches
[07:16:04]   +5 [multi_authority_synthesis] ; total=19700 ; rate=242/min ; 3969/6537 batches
[07:16:04]   +5 [multi_authority_synthesis] ; total=19705 ; rate=242/min ; 3970/6537 batches
[07:16:08]   +5 [multi_authority_synthesis] ; total=19710 ; rate=242/min ; 3971/6537 batches
[07:16:20]   +5 [multi_authority_synthesis] ; total=19715 ; rate=242/min ; 3972/6537 batches
[07:16:27]   +5 [multi_authority_synthesis] (succeeded on retry #2)
[07:16:27]   +5 [multi_authority_synthesis] ; total=19720 ; rate=241/min ; 3973/6537 batches
[07:16:41]   +2 [multi_authority_synthesis] ; total=19722 ; rate=241/min ; 3974/6537 batches
[07:16:50]   +5 [need_more_facts] ; total=19727 ; rate=240/min ; 3975/6537 batches
[07:17:03]   +5 [need_more_facts] ; total=19732 ; rate=240/min ; 3976/6537 batches
[07:17:27]   +5 [need_more_facts] ; total=19737 ; rate=239/min ; 3977/6537 batches
[07:17:27]   FAIL [need_more_facts]: empty_or_unparseable_after_retry
[07:17:44]   FAIL [need_more_facts]: empty_or_unparseable_after_retry
[07:17:54]   +5 [need_more_facts] ; total=19742 ; rate=237/min ; 3978/6537 batches
[07:18:14]   +5 [need_more_facts] ; total=19747 ; rate=236/min ; 3979/6537 batches
[07:18:37]   FAIL [need_more_facts]: empty_or_unparseable_after_retry
[07:18:39]   +5 [need_more_facts] ; total=19752 ; rate=235/min ; 3980/6537 batches
[07:18:46]   FAIL [need_more_facts]: empty_or_unparseable_after_retry
[07:18:46]   +5 [need_more_facts] ; total=19757 ; rate=235/min ; 3981/6537 batches
[07:18:46]   +5 [need_more_facts] ; total=19762 ; rate=235/min ; 3982/6537 batches
[07:19:15]   +5 [need_more_facts] ; total=19767 ; rate=234/min ; 3983/6537 batches
[07:19:26]   FAIL [need_more_facts]: empty_or_unparseable_after_retry
[07:19:27]   +5 [need_more_facts] ; total=19772 ; rate=233/min ; 3984/6537 batches
[07:19:27]   +5 [need_more_facts] ; total=19777 ; rate=233/min ; 3985/6537 batches
[07:19:27]   +5 [need_more_facts] ; total=19782 ; rate=233/min ; 3986/6537 batches
[07:19:37]   FAIL [need_more_facts]: empty_or_unparseable_after_retry
[07:19:55]   FAIL [need_more_facts]: empty_or_unparseable_after_retry
[07:19:55]   +5 [need_more_facts] ; total=19787 ; rate=232/min ; 3987/6537 batches
[07:20:07]   FAIL [need_more_facts]: empty_or_unparseable_after_retry
[07:20:17]   FAIL [need_more_facts]: empty_or_unparseable_after_retry
[07:20:17]   +5 [need_more_facts] ; total=19792 ; rate=231/min ; 3988/6537 batches
[07:20:17]   +5 [need_more_facts] ; total=19797 ; rate=231/min ; 3989/6537 batches
[07:20:18]   +5 [need_more_facts] ; total=19802 ; rate=231/min ; 3990/6537 batches
[07:20:37]   +5 [need_more_facts] ; total=19807 ; rate=231/min ; 3991/6537 batches
[07:20:47]   FAIL [need_more_facts]: empty_or_unparseable_after_retry
[07:20:47]   +5 [need_more_facts] ; total=19812 ; rate=230/min ; 3992/6537 batches
[07:20:47]   +5 [need_more_facts] ; total=19817 ; rate=230/min ; 3993/6537 batches
[07:20:47]   +5 [need_more_facts] ; total=19822 ; rate=230/min ; 3994/6537 batches
[07:20:58]   FAIL [need_more_facts]: empty_or_unparseable_after_retry
[07:21:16]   +5 [need_more_facts] ; total=19827 ; rate=229/min ; 3995/6537 batches
[07:21:16]   +5 [need_more_facts] ; total=19832 ; rate=229/min ; 3996/6537 batches
[07:21:16]   +5 [need_more_facts] ; total=19837 ; rate=229/min ; 3997/6537 batches
[07:21:18]   FAIL [need_more_facts]: empty_or_unparseable_after_retry
[07:21:18]   +5 [need_more_facts] ; total=19842 ; rate=229/min ; 3998/6537 batches
[07:21:18]   +5 [need_more_facts] ; total=19847 ; rate=229/min ; 3999/6537 batches
[07:21:18]   +5 [need_more_facts] ; total=19852 ; rate=229/min ; 4000/6537 batches
[07:21:27]   FAIL [need_more_facts]: empty_or_unparseable_after_retry
[07:21:38]   FAIL [need_more_facts]: empty_or_unparseable_after_retry
[07:21:38]   +5 [need_more_facts] ; total=19857 ; rate=228/min ; 4001/6537 batches
[07:21:38]   +5 [need_more_facts] ; total=19862 ; rate=229/min ; 4002/6537 batches
[07:21:38]   +5 [need_more_facts] ; total=19867 ; rate=229/min ; 4003/6537 batches
[07:21:57]   FAIL [need_more_facts]: empty_or_unparseable_after_retry
[07:22:18]   FAIL [need_more_facts]: empty_or_unparseable_after_retry
[07:22:18]   +5 [need_more_facts] ; total=19872 ; rate=227/min ; 4004/6537 batches
[07:22:18]   +5 [need_more_facts] ; total=19877 ; rate=227/min ; 4005/6537 batches
[07:22:37]   FAIL [need_more_facts]: empty_or_unparseable_after_retry
[07:22:37]   +5 [need_more_facts] ; total=19882 ; rate=226/min ; 4006/6537 batches
[07:22:44]   +5 [need_more_facts] (succeeded on retry #2)
[07:22:44]   +5 [need_more_facts] ; total=19887 ; rate=226/min ; 4007/6537 batches
[07:22:53]   +5 [need_more_facts] (succeeded on retry #2)
[07:22:53]   +5 [need_more_facts] ; total=19892 ; rate=226/min ; 4008/6537 batches
[07:22:53]   +5 [need_more_facts] ; total=19897 ; rate=226/min ; 4009/6537 batches
[07:22:53]   +5 [need_more_facts] ; total=19902 ; rate=226/min ; 4010/6537 batches
[07:22:59]   FAIL [need_more_facts]: empty_or_unparseable_after_retry
[07:23:11]   +1 [need_more_facts] ; total=19903 ; rate=225/min ; 4011/6537 batches
[07:23:11]   +5 [need_more_facts] ; total=19908 ; rate=225/min ; 4012/6537 batches
[07:23:21]   +5 [need_more_facts] ; total=19913 ; rate=225/min ; 4013/6537 batches
[07:23:49]   +5 [need_more_facts] ; total=19918 ; rate=224/min ; 4014/6537 batches
[07:23:54]   FAIL [need_more_facts]: empty_or_unparseable_after_retry
[07:23:54]   +5 [need_more_facts] ; total=19923 ; rate=223/min ; 4015/6537 batches
[07:23:56]   +5 [need_more_facts] ; total=19928 ; rate=223/min ; 4016/6537 batches
[07:23:56]   +5 [need_more_facts] ; total=19933 ; rate=223/min ; 4017/6537 batches
[07:23:56]   +5 [need_more_facts] ; total=19938 ; rate=223/min ; 4018/6537 batches
[07:23:56]   +1 [need_more_facts] ; total=19939 ; rate=223/min ; 4019/6537 batches
[07:23:56]   +5 [need_more_facts] ; total=19944 ; rate=224/min ; 4020/6537 batches
[07:23:57]   +5 [need_more_facts] ; total=19949 ; rate=224/min ; 4021/6537 batches
[07:24:12]   +5 [need_more_facts] ; total=19954 ; rate=223/min ; 4022/6537 batches
[07:24:12]   +5 [need_more_facts] ; total=19959 ; rate=223/min ; 4023/6537 batches
[07:24:29]   +5 [need_more_facts] ; total=19964 ; rate=222/min ; 4024/6537 batches
[07:24:29]   +5 [need_more_facts] ; total=19969 ; rate=222/min ; 4025/6537 batches
[07:24:29]   +5 [need_more_facts] ; total=19974 ; rate=223/min ; 4026/6537 batches
[07:24:29]   +5 [need_more_facts] ; total=19979 ; rate=223/min ; 4027/6537 batches
[07:24:29]   +5 [need_more_facts] ; total=19984 ; rate=223/min ; 4028/6537 batches
[07:24:37]   FAIL [need_more_facts]: empty_or_unparseable_after_retry
[07:25:03]   FAIL [need_more_facts]: empty_or_unparseable_after_retry
[07:25:03]   +5 [need_more_facts] ; total=19989 ; rate=221/min ; 4029/6537 batches
[07:25:03]   +1 [need_more_facts] ; total=19990 ; rate=221/min ; 4030/6537 batches
[07:25:03]   +5 [need_more_facts] ; total=19995 ; rate=221/min ; 4031/6537 batches
[07:25:03]   +5 [need_more_facts] ; total=20000 ; rate=221/min ; 4032/6537 batches
[07:25:06]   +5 [need_more_facts] ; total=20005 ; rate=221/min ; 4033/6537 batches
[07:25:06]   +5 [need_more_facts] ; total=20010 ; rate=221/min ; 4034/6537 batches
[07:25:15]   FAIL [need_more_facts]: empty_or_unparseable_after_retry
[07:25:15]   +5 [need_more_facts] ; total=20015 ; rate=221/min ; 4035/6537 batches
[07:25:16]   +5 [need_more_facts] ; total=20020 ; rate=221/min ; 4036/6537 batches
[07:25:16]   +5 [need_more_facts] ; total=20025 ; rate=221/min ; 4037/6537 batches
[07:25:16]   +5 [need_more_facts] ; total=20030 ; rate=221/min ; 4038/6537 batches
[07:25:16]   +5 [need_more_facts] ; total=20035 ; rate=221/min ; 4039/6537 batches
[07:25:33]   FAIL [need_more_facts]: empty_or_unparseable_after_retry
[07:25:33]   +5 [need_more_facts] ; total=20040 ; rate=221/min ; 4040/6537 batches
[07:25:33]   +1 [need_more_facts] ; total=20041 ; rate=221/min ; 4041/6537 batches
[07:25:33]   +5 [need_more_facts] ; total=20046 ; rate=221/min ; 4042/6537 batches
[07:25:33]   +5 [need_more_facts] ; total=20051 ; rate=221/min ; 4043/6537 batches
[07:25:43]   FAIL [need_more_facts]: empty_or_unparseable_after_retry
[07:25:43]   +5 [need_more_facts] ; total=20056 ; rate=220/min ; 4044/6537 batches
[07:25:46]   FAIL [need_more_facts]: empty_or_unparseable_after_retry
[07:25:46]   +5 [need_more_facts] ; total=20061 ; rate=220/min ; 4045/6537 batches
[07:25:47]   +5 [need_more_facts] ; total=20066 ; rate=220/min ; 4046/6537 batches
[07:25:47]   +5 [need_more_facts] ; total=20071 ; rate=220/min ; 4047/6537 batches
[07:25:56]   FAIL [need_more_facts]: empty_or_unparseable_after_retry
[07:25:56]   +5 [need_more_facts] ; total=20076 ; rate=220/min ; 4048/6537 batches
[07:26:13]   FAIL [need_more_facts]: empty_or_unparseable_after_retry
[07:26:13]   +5 [need_more_facts] ; total=20081 ; rate=219/min ; 4049/6537 batches
[07:26:14]   +1 [need_more_facts] ; total=20082 ; rate=219/min ; 4050/6537 batches
[07:26:14]   +5 [need_more_facts] ; total=20087 ; rate=220/min ; 4051/6537 batches
[07:26:14]   +5 [need_more_facts] ; total=20092 ; rate=220/min ; 4052/6537 batches
[07:26:21]   +5 [need_more_facts] ; total=20097 ; rate=219/min ; 4053/6537 batches
[07:26:21]   +5 [need_more_facts] ; total=20102 ; rate=219/min ; 4054/6537 batches
[07:26:24]   FAIL [need_more_facts]: empty_or_unparseable_after_retry
[07:26:24]   +5 [need_more_facts] ; total=20107 ; rate=219/min ; 4055/6537 batches
[07:26:24]   +5 [need_more_facts] ; total=20112 ; rate=219/min ; 4056/6537 batches
[07:26:24]   +5 [need_more_facts] ; total=20117 ; rate=219/min ; 4057/6537 batches
[07:26:24]   +5 [need_more_facts] ; total=20122 ; rate=219/min ; 4058/6537 batches
[07:26:24]   +5 [need_more_facts] ; total=20127 ; rate=220/min ; 4059/6537 batches
[07:26:36]   FAIL [need_more_facts]: empty_or_unparseable_after_retry
[07:26:36]   +5 [need_more_facts] ; total=20132 ; rate=219/min ; 4060/6537 batches
[07:26:36]   +1 [need_more_facts] ; total=20133 ; rate=219/min ; 4061/6537 batches
[07:26:36]   +5 [need_more_facts] ; total=20138 ; rate=219/min ; 4062/6537 batches
[07:26:36]   +5 [need_more_facts] ; total=20143 ; rate=219/min ; 4063/6537 batches
[07:26:54]   FAIL [need_more_facts]: empty_or_unparseable_after_retry
[07:26:54]   +5 [need_more_facts] ; total=20148 ; rate=219/min ; 4064/6537 batches
[07:27:01]   FAIL [need_more_facts]: empty_or_unparseable_after_retry
[07:27:01]   +5 [need_more_facts] ; total=20153 ; rate=218/min ; 4065/6537 batches
[07:27:01]   +5 [need_more_facts] ; total=20158 ; rate=218/min ; 4066/6537 batches
[07:27:01]   +5 [need_more_facts] ; total=20163 ; rate=218/min ; 4067/6537 batches
[07:27:01]   +5 [need_more_facts] ; total=20168 ; rate=218/min ; 4068/6537 batches
[07:27:01]   +5 [need_more_facts] ; total=20173 ; rate=219/min ; 4069/6537 batches
[07:27:04]   FAIL [need_more_facts]: empty_or_unparseable_after_retry
[07:27:04]   +5 [need_more_facts] ; total=20178 ; rate=218/min ; 4070/6537 batches
[07:27:04]   +1 [need_more_facts] ; total=20179 ; rate=218/min ; 4071/6537 batches
[07:27:04]   +5 [need_more_facts] ; total=20184 ; rate=219/min ; 4072/6537 batches
[07:27:04]   +5 [need_more_facts] ; total=20189 ; rate=219/min ; 4073/6537 batches
[07:27:17]   FAIL [need_more_facts]: empty_or_unparseable_after_retry
[07:27:17]   +5 [need_more_facts] ; total=20194 ; rate=218/min ; 4074/6537 batches
[07:27:34]   FAIL [need_more_facts]: empty_or_unparseable_after_retry
[07:27:34]   +5 [need_more_facts] ; total=20199 ; rate=218/min ; 4075/6537 batches
[07:27:34]   +5 [need_more_facts] ; total=20204 ; rate=218/min ; 4076/6537 batches
[07:27:34]   +5 [need_more_facts] ; total=20209 ; rate=218/min ; 4077/6537 batches
[07:27:35]   +5 [need_more_facts] ; total=20214 ; rate=218/min ; 4078/6537 batches
[07:27:35]   +5 [need_more_facts] ; total=20219 ; rate=218/min ; 4079/6537 batches
[07:27:41]   FAIL [need_more_facts]: empty_or_unparseable_after_retry
[07:27:42]   +5 [need_more_facts] ; total=20224 ; rate=218/min ; 4080/6537 batches
[07:27:42]   +1 [need_more_facts] ; total=20225 ; rate=218/min ; 4081/6537 batches
[07:27:42]   +5 [need_more_facts] ; total=20230 ; rate=218/min ; 4082/6537 batches
[07:27:42]   +5 [need_more_facts] ; total=20235 ; rate=218/min ; 4083/6537 batches
[07:27:45]   FAIL [need_more_facts]: empty_or_unparseable_after_retry
[07:27:45]   +5 [need_more_facts] ; total=20240 ; rate=218/min ; 4084/6537 batches
[07:27:57]   FAIL [need_more_facts]: empty_or_unparseable_after_retry
[07:27:57]   +5 [need_more_facts] ; total=20245 ; rate=217/min ; 4085/6537 batches
[07:27:57]   +5 [need_more_facts] ; total=20250 ; rate=217/min ; 4086/6537 batches
[07:27:57]   +5 [need_more_facts] ; total=20255 ; rate=217/min ; 4087/6537 batches
[07:27:57]   +5 [need_more_facts] ; total=20260 ; rate=217/min ; 4088/6537 batches
[07:27:57]   +5 [need_more_facts] ; total=20265 ; rate=217/min ; 4089/6537 batches
[07:28:15]   FAIL [need_more_facts]: empty_or_unparseable_after_retry
[07:28:15]   +5 [need_more_facts] ; total=20270 ; rate=217/min ; 4090/6537 batches
[07:28:25]   FAIL [need_more_facts]: empty_or_unparseable_after_retry
[07:28:38]   FAIL [need_more_facts]: empty_or_unparseable_after_retry
[07:28:50]   +5 [need_more_facts] ; total=20275 ; rate=215/min ; 4091/6537 batches
[07:29:00]   +5 [need_more_facts] (succeeded on retry #2)
[07:29:00]   +5 [need_more_facts] ; total=20280 ; rate=215/min ; 4092/6537 batches
[07:29:06]   +5 [need_more_facts] ; total=20285 ; rate=215/min ; 4093/6537 batches
[07:29:44]   FAIL [need_more_facts]: empty_or_unparseable_after_retry
[07:29:56]   FAIL [need_more_facts]: empty_or_unparseable_after_retry
[07:30:05]   FAIL [need_more_facts]: empty_or_unparseable_after_retry
[07:30:37]   +5 [need_more_facts] ; total=20290 ; rate=212/min ; 4094/6537 batches
[07:30:37]   +5 [need_more_facts] ; total=20295 ; rate=212/min ; 4095/6537 batches
[07:30:41]   +5 [need_more_facts] ; total=20300 ; rate=212/min ; 4096/6537 batches
[07:30:42]   +5 [need_more_facts] ; total=20305 ; rate=212/min ; 4097/6537 batches
[07:30:42]   +5 [need_more_facts] (succeeded on retry #2)
[07:30:42]   +5 [need_more_facts] ; total=20310 ; rate=212/min ; 4098/6537 batches
[07:30:42]   +5 [need_more_facts] ; total=20315 ; rate=212/min ; 4099/6537 batches
[07:30:42]   +5 [need_more_facts] ; total=20320 ; rate=212/min ; 4100/6537 batches
[07:31:13]   +5 [need_more_facts] ; total=20325 ; rate=211/min ; 4101/6537 batches
[07:31:19]   +5 [need_more_facts] ; total=20330 ; rate=210/min ; 4102/6537 batches
[07:31:21]   +5 [need_more_facts] ; total=20335 ; rate=210/min ; 4103/6537 batches
[07:31:21]   +5 [need_more_facts] ; total=20340 ; rate=211/min ; 4104/6537 batches
[07:31:21]   +5 [need_more_facts] ; total=20345 ; rate=211/min ; 4105/6537 batches
[07:31:21]   +5 [need_more_facts] ; total=20350 ; rate=211/min ; 4106/6537 batches
[07:31:21]   +5 [need_more_facts] ; total=20355 ; rate=211/min ; 4107/6537 batches
[07:31:23]   FAIL [need_more_facts]: empty_or_unparseable_after_retry
[07:31:23]   +5 [need_more_facts] ; total=20360 ; rate=211/min ; 4108/6537 batches
[07:31:23]   +5 [need_more_facts] ; total=20365 ; rate=211/min ; 4109/6537 batches
[07:31:23]   +5 [need_more_facts] ; total=20370 ; rate=211/min ; 4110/6537 batches
[07:31:23]   +5 [need_more_facts] ; total=20375 ; rate=211/min ; 4111/6537 batches
[07:31:23]   +5 [need_more_facts] ; total=20380 ; rate=211/min ; 4112/6537 batches
[07:31:53]   FAIL [need_more_facts]: empty_or_unparseable_after_retry
[07:31:58]   +5 [need_more_facts] ; total=20385 ; rate=210/min ; 4113/6537 batches
[07:32:00]   FAIL [need_more_facts]: empty_or_unparseable_after_retry
[07:32:00]   +5 [need_more_facts] ; total=20390 ; rate=210/min ; 4114/6537 batches
[07:32:00]   +5 [need_more_facts] ; total=20395 ; rate=210/min ; 4115/6537 batches
[07:32:00]   +5 [need_more_facts] ; total=20400 ; rate=210/min ; 4116/6537 batches
[07:32:00]   +5 [need_more_facts] ; total=20405 ; rate=210/min ; 4117/6537 batches
[07:32:00]   +5 [need_more_facts] ; total=20410 ; rate=210/min ; 4118/6537 batches
[07:32:00]   +5 [need_more_facts] ; total=20415 ; rate=210/min ; 4119/6537 batches
[07:32:00]   +5 [need_more_facts] ; total=20420 ; rate=210/min ; 4120/6537 batches
[07:32:01]   +5 [need_more_facts] ; total=20425 ; rate=210/min ; 4121/6537 batches
[07:32:01]   +5 [need_more_facts] ; total=20430 ; rate=210/min ; 4122/6537 batches
[07:32:01]   +5 [need_more_facts] ; total=20435 ; rate=210/min ; 4123/6537 batches
[07:32:03]   FAIL [need_more_facts]: empty_or_unparseable_after_retry
[07:32:33]   FAIL [need_more_facts]: empty_or_unparseable_after_retry
[07:32:38]   FAIL [need_more_facts]: empty_or_unparseable_after_retry
[07:32:38]   +5 [need_more_facts] ; total=20440 ; rate=209/min ; 4124/6537 batches
[07:32:38]   +5 [need_more_facts] ; total=20445 ; rate=209/min ; 4125/6537 batches
[07:32:38]   +5 [need_more_facts] ; total=20450 ; rate=209/min ; 4126/6537 batches
[07:32:38]   +5 [need_more_facts] ; total=20455 ; rate=209/min ; 4127/6537 batches
[07:32:38]   +5 [need_more_facts] ; total=20460 ; rate=209/min ; 4128/6537 batches
[07:32:38]   +5 [need_more_facts] ; total=20465 ; rate=209/min ; 4129/6537 batches
[07:32:38]   +5 [need_more_facts] ; total=20470 ; rate=209/min ; 4130/6537 batches
[07:32:38]   +5 [need_more_facts] ; total=20475 ; rate=209/min ; 4131/6537 batches
[07:32:38]   +5 [need_more_facts] ; total=20480 ; rate=209/min ; 4132/6537 batches
[07:32:38]   +5 [need_more_facts] ; total=20485 ; rate=209/min ; 4133/6537 batches
[07:32:41]   FAIL [need_more_facts]: empty_or_unparseable_after_retry
[07:32:43]   FAIL [need_more_facts]: empty_or_unparseable_after_retry
[07:33:13]   FAIL [need_more_facts]: empty_or_unparseable_after_retry
[07:33:14]   +5 [need_more_facts] ; total=20490 ; rate=208/min ; 4134/6537 batches
[07:33:14]   +5 [need_more_facts] ; total=20495 ; rate=208/min ; 4135/6537 batches
[07:33:14]   +5 [need_more_facts] ; total=20500 ; rate=208/min ; 4136/6537 batches
[07:33:14]   +5 [need_more_facts] ; total=20505 ; rate=208/min ; 4137/6537 batches
[07:33:14]   +5 [need_more_facts] ; total=20510 ; rate=208/min ; 4138/6537 batches
[07:33:14]   +5 [need_more_facts] ; total=20515 ; rate=208/min ; 4139/6537 batches
[07:33:14]   +5 [need_more_facts] ; total=20520 ; rate=208/min ; 4140/6537 batches
[07:33:14]   +5 [need_more_facts] ; total=20525 ; rate=208/min ; 4141/6537 batches
[07:33:14]   +5 [need_more_facts] ; total=20530 ; rate=208/min ; 4142/6537 batches
[07:33:14]   +5 [need_more_facts] ; total=20535 ; rate=208/min ; 4143/6537 batches
[07:33:19]   FAIL [need_more_facts]: empty_or_unparseable_after_retry
[07:33:21]   FAIL [need_more_facts]: empty_or_unparseable_after_retry
[07:33:24]   FAIL [need_more_facts]: empty_or_unparseable_after_retry
[07:33:24]   +5 [need_more_facts] ; total=20540 ; rate=208/min ; 4144/6537 batches
[07:33:24]   +5 [need_more_facts] ; total=20545 ; rate=208/min ; 4145/6537 batches
[07:33:24]   +5 [need_more_facts] ; total=20550 ; rate=208/min ; 4146/6537 batches
[07:33:24]   +5 [need_more_facts] ; total=20555 ; rate=208/min ; 4147/6537 batches
[07:33:24]   +5 [need_more_facts] ; total=20560 ; rate=208/min ; 4148/6537 batches
[07:33:24]   +5 [need_more_facts] ; total=20565 ; rate=208/min ; 4149/6537 batches
[07:33:24]   +5 [need_more_facts] ; total=20570 ; rate=208/min ; 4150/6537 batches
[07:33:25]   +5 [need_more_facts] ; total=20575 ; rate=208/min ; 4151/6537 batches
[07:33:25]   +5 [need_more_facts] ; total=20580 ; rate=209/min ; 4152/6537 batches
[07:33:25]   +5 [need_more_facts] ; total=20585 ; rate=209/min ; 4153/6537 batches
[07:33:54]   FAIL [need_more_facts]: empty_or_unparseable_after_retry
[07:33:59]   FAIL [need_more_facts]: empty_or_unparseable_after_retry
[07:34:02]   FAIL [need_more_facts]: empty_or_unparseable_after_retry
[07:34:02]   +5 [need_more_facts] ; total=20590 ; rate=207/min ; 4154/6537 batches
[07:34:02]   +5 [need_more_facts] ; total=20595 ; rate=207/min ; 4155/6537 batches
[07:34:02]   +5 [need_more_facts] ; total=20600 ; rate=207/min ; 4156/6537 batches
[07:34:02]   +5 [need_more_facts] ; total=20605 ; rate=207/min ; 4157/6537 batches
[07:34:02]   +5 [need_more_facts] ; total=20610 ; rate=208/min ; 4158/6537 batches
[07:34:02]   +5 [need_more_facts] ; total=20615 ; rate=208/min ; 4159/6537 batches
[07:34:02]   +5 [need_more_facts] ; total=20620 ; rate=208/min ; 4160/6537 batches
[07:34:02]   +5 [need_more_facts] ; total=20625 ; rate=208/min ; 4161/6537 batches
[07:34:32]   +1 [need_more_facts] (succeeded on retry #2)
[07:34:32]   +1 [need_more_facts] ; total=20626 ; rate=207/min ; 4162/6537 batches
[07:34:35]   FAIL [need_more_facts]: empty_or_unparseable_after_retry
[07:34:35]   +1 [need_more_facts] ; total=20627 ; rate=207/min ; 4163/6537 batches
[07:34:51]   +5 [need_more_facts] ; total=20632 ; rate=206/min ; 4164/6537 batches
[07:35:07]   +5 [need_more_facts] ; total=20637 ; rate=206/min ; 4165/6537 batches
[07:35:07]   +5 [need_more_facts] ; total=20642 ; rate=206/min ; 4166/6537 batches
[07:35:07]   +5 [need_more_facts] ; total=20647 ; rate=206/min ; 4167/6537 batches
[07:35:07]   +5 [need_more_facts] ; total=20652 ; rate=206/min ; 4168/6537 batches
[07:35:07]   +5 [need_more_facts] ; total=20657 ; rate=206/min ; 4169/6537 batches
[07:35:08]   +5 [need_more_facts] ; total=20662 ; rate=206/min ; 4170/6537 batches
[07:35:08]   +5 [need_more_facts] ; total=20667 ; rate=206/min ; 4171/6537 batches
[07:35:08]   +5 [need_more_facts] ; total=20672 ; rate=206/min ; 4172/6537 batches
[07:35:08]   +5 [need_more_facts] ; total=20677 ; rate=206/min ; 4173/6537 batches
[07:35:08]   +5 [need_more_facts] ; total=20682 ; rate=206/min ; 4174/6537 batches
[07:35:08]   +5 [need_more_facts] ; total=20687 ; rate=206/min ; 4175/6537 batches
[07:35:08]   +1 [need_more_facts] ; total=20688 ; rate=206/min ; 4176/6537 batches
[07:35:15]   FAIL [need_more_facts]: empty_or_unparseable_after_retry
[07:35:20]   +5 [need_more_facts] (succeeded on retry #2)
[07:35:20]   +5 [need_more_facts] ; total=20693 ; rate=206/min ; 4177/6537 batches
[07:35:20]   +5 [need_more_facts] ; total=20698 ; rate=206/min ; 4178/6537 batches
[07:35:20]   +5 [need_more_facts] ; total=20703 ; rate=206/min ; 4179/6537 batches
[07:35:20]   +5 [need_more_facts] ; total=20708 ; rate=206/min ; 4180/6537 batches
[07:35:20]   +5 [need_more_facts] ; total=20713 ; rate=206/min ; 4181/6537 batches
[07:35:20]   +5 [need_more_facts] ; total=20718 ; rate=206/min ; 4182/6537 batches
[07:35:20]   +5 [need_more_facts] ; total=20723 ; rate=206/min ; 4183/6537 batches
[07:35:20]   +5 [need_more_facts] ; total=20728 ; rate=206/min ; 4184/6537 batches
[07:35:20]   +5 [need_more_facts] ; total=20733 ; rate=206/min ; 4185/6537 batches
[07:35:20]   +5 [need_more_facts] ; total=20738 ; rate=206/min ; 4186/6537 batches
[07:35:20]   +5 [need_more_facts] ; total=20743 ; rate=206/min ; 4187/6537 batches
[07:35:20]   +1 [need_more_facts] ; total=20744 ; rate=206/min ; 4188/6537 batches
[07:35:39]   +5 [need_more_facts] ; total=20749 ; rate=206/min ; 4189/6537 batches
[07:35:39]   +5 [need_more_facts] ; total=20754 ; rate=206/min ; 4190/6537 batches
[07:35:39]   +5 [need_more_facts] ; total=20759 ; rate=206/min ; 4191/6537 batches
[07:35:48]   FAIL [need_more_facts]: empty_or_unparseable_after_retry
[07:36:01]   FAIL [need_more_facts]: empty_or_unparseable_after_retry
[07:36:02]   +5 [need_more_facts] ; total=20764 ; rate=205/min ; 4192/6537 batches
[07:36:02]   +5 [need_more_facts] ; total=20769 ; rate=205/min ; 4193/6537 batches
[07:36:02]   +5 [need_more_facts] ; total=20774 ; rate=205/min ; 4194/6537 batches
[07:36:02]   +5 [need_more_facts] ; total=20779 ; rate=205/min ; 4195/6537 batches
[07:36:02]   +5 [need_more_facts] ; total=20784 ; rate=205/min ; 4196/6537 batches
[07:36:02]   +5 [need_more_facts] ; total=20789 ; rate=205/min ; 4197/6537 batches
[07:36:02]   +5 [need_more_facts] ; total=20794 ; rate=205/min ; 4198/6537 batches
[07:36:02]   +1 [need_more_facts] ; total=20795 ; rate=205/min ; 4199/6537 batches
[07:36:18]   +5 [need_more_facts] ; total=20800 ; rate=205/min ; 4200/6537 batches
[07:36:18]   +5 [need_more_facts] ; total=20805 ; rate=205/min ; 4201/6537 batches
[07:36:43]   FAIL [need_more_facts]: empty_or_unparseable_after_retry
[07:36:43]   +5 [need_more_facts] ; total=20810 ; rate=204/min ; 4202/6537 batches
[07:36:56]   FAIL [need_more_facts]: empty_or_unparseable_after_retry
[07:37:03]   +5 [need_more_facts] ; total=20815 ; rate=203/min ; 4203/6537 batches
[07:37:08]   FAIL [need_more_facts]: empty_or_unparseable_after_retry
[07:37:23]   FAIL [need_more_facts]: empty_or_unparseable_after_retry
[07:37:36]   FAIL [need_more_facts]: empty_or_unparseable_after_retry
[07:38:05]   +5 [need_more_facts] ; total=20820 ; rate=201/min ; 4204/6537 batches
[07:38:05]   +5 [need_more_facts] ; total=20825 ; rate=201/min ; 4205/6537 batches
[07:38:05]   +5 [need_more_facts] ; total=20830 ; rate=202/min ; 4206/6537 batches
[07:38:05]   +1 [need_more_facts] ; total=20831 ; rate=202/min ; 4207/6537 batches
[07:38:08]   +5 [need_more_facts] ; total=20836 ; rate=201/min ; 4208/6537 batches
[07:38:08]   +5 [need_more_facts] ; total=20841 ; rate=202/min ; 4209/6537 batches
[07:38:09]   +5 [need_more_facts] ; total=20846 ; rate=202/min ; 4210/6537 batches
[07:38:09]   +5 [need_more_facts] ; total=20851 ; rate=202/min ; 4211/6537 batches
[07:38:09]   FAIL [need_more_facts]: empty_or_unparseable_after_retry
[07:38:22]   +5 [need_more_facts] ; total=20856 ; rate=201/min ; 4212/6537 batches
[07:38:22]   +5 [need_more_facts] ; total=20861 ; rate=201/min ; 4213/6537 batches
[07:38:45]   FAIL [need_more_facts]: empty_or_unparseable_after_retry
[07:38:45]   +5 [need_more_facts] ; total=20866 ; rate=201/min ; 4214/6537 batches
[07:38:45]   +5 [need_more_facts] ; total=20871 ; rate=201/min ; 4215/6537 batches
[07:38:45]   +5 [need_more_facts] ; total=20876 ; rate=201/min ; 4216/6537 batches
[07:38:46]   +5 [need_more_facts] ; total=20881 ; rate=201/min ; 4217/6537 batches
[07:38:46]   +1 [need_more_facts] ; total=20882 ; rate=201/min ; 4218/6537 batches
[07:38:49]   FAIL [need_more_facts]: empty_or_unparseable_after_retry
[07:38:49]   +5 [need_more_facts] ; total=20887 ; rate=201/min ; 4219/6537 batches
[07:38:49]   FAIL [need_more_facts]: empty_or_unparseable_after_retry
[07:38:49]   +5 [need_more_facts] ; total=20892 ; rate=201/min ; 4220/6537 batches
[07:38:49]   +5 [need_more_facts] ; total=20897 ; rate=201/min ; 4221/6537 batches
[07:39:02]   FAIL [need_more_facts]: empty_or_unparseable_after_retry
[07:39:02]   +5 [need_more_facts] ; total=20902 ; rate=200/min ; 4222/6537 batches
[07:39:26]   FAIL [need_more_facts]: empty_or_unparseable_after_retry
[07:39:26]   +5 [need_more_facts] ; total=20907 ; rate=200/min ; 4223/6537 batches
[07:39:26]   +5 [need_more_facts] ; total=20912 ; rate=200/min ; 4224/6537 batches
[07:39:26]   +5 [need_more_facts] ; total=20917 ; rate=200/min ; 4225/6537 batches
[07:39:26]   +5 [need_more_facts] ; total=20922 ; rate=200/min ; 4226/6537 batches
[07:39:26]   +1 [need_more_facts] ; total=20923 ; rate=200/min ; 4227/6537 batches
[07:39:29]   FAIL [need_more_facts]: empty_or_unparseable_after_retry
[07:39:29]   FAIL [need_more_facts]: empty_or_unparseable_after_retry
[07:39:29]   +5 [need_more_facts] ; total=20928 ; rate=200/min ; 4228/6537 batches
[07:39:29]   +5 [need_more_facts] ; total=20933 ; rate=200/min ; 4229/6537 batches
[07:39:29]   +5 [need_more_facts] ; total=20938 ; rate=200/min ; 4230/6537 batches
[07:39:43]   FAIL [need_more_facts]: empty_or_unparseable_after_retry
[07:39:43]   +5 [need_more_facts] ; total=20943 ; rate=199/min ; 4231/6537 batches
[07:40:06]   FAIL [need_more_facts]: empty_or_unparseable_after_retry
[07:40:06]   +5 [need_more_facts] ; total=20948 ; rate=199/min ; 4232/6537 batches
[07:40:07]   +5 [need_more_facts] ; total=20953 ; rate=199/min ; 4233/6537 batches
[07:40:10]   FAIL [need_more_facts]: empty_or_unparseable_after_retry
[07:40:10]   FAIL [need_more_facts]: empty_or_unparseable_after_retry
[07:40:23]   FAIL [need_more_facts]: empty_or_unparseable_after_retry
[07:40:43]   +5 [need_more_facts] ; total=20958 ; rate=198/min ; 4234/6537 batches
[07:40:43]   +5 [need_more_facts] ; total=20963 ; rate=198/min ; 4235/6537 batches
[07:40:43]   +5 [need_more_facts] ; total=20968 ; rate=198/min ; 4236/6537 batches
[07:40:43]   +5 [need_more_facts] ; total=20973 ; rate=198/min ; 4237/6537 batches
[07:40:56]   +5 [need_more_facts] ; total=20978 ; rate=198/min ; 4238/6537 batches
[07:41:03]   FAIL [need_more_facts]: empty_or_unparseable_after_retry
[07:41:03]   +5 [need_more_facts] ; total=20983 ; rate=197/min ; 4239/6537 batches
[07:41:12]   FAIL [need_more_facts]: empty_or_unparseable_after_retry
[07:41:12]   +5 [need_more_facts] ; total=20988 ; rate=197/min ; 4240/6537 batches
[07:41:12]   +5 [need_more_facts] ; total=20993 ; rate=197/min ; 4241/6537 batches
[07:41:43]   FAIL [need_more_facts]: empty_or_unparseable_after_retry
[07:41:43]   +5 [need_more_facts] ; total=20998 ; rate=196/min ; 4242/6537 batches
[07:41:43]   +5 [need_more_facts] ; total=21003 ; rate=196/min ; 4243/6537 batches
[07:41:52]   FAIL [need_more_facts]: empty_or_unparseable_after_retry
[07:41:53]   +5 [need_more_facts] ; total=21008 ; rate=196/min ; 4244/6537 batches
[07:41:53]   +5 [need_more_facts] ; total=21013 ; rate=196/min ; 4245/6537 batches
[07:42:09]   +5 [need_more_facts] (succeeded on retry #2)
[07:42:09]   +5 [need_more_facts] ; total=21018 ; rate=196/min ; 4246/6537 batches
[07:42:09]   +5 [need_more_facts] ; total=21023 ; rate=196/min ; 4247/6537 batches
[07:42:18]   +5 [need_more_facts] (succeeded on retry #2)
[07:42:18]   +5 [need_more_facts] ; total=21028 ; rate=195/min ; 4248/6537 batches
[07:42:18]   +5 [need_more_facts] ; total=21033 ; rate=196/min ; 4249/6537 batches
[07:42:23]   FAIL [need_more_facts]: empty_or_unparseable_after_retry
[07:42:24]   +5 [need_more_facts] ; total=21038 ; rate=195/min ; 4250/6537 batches
[07:42:24]   +5 [need_more_facts] ; total=21043 ; rate=195/min ; 4251/6537 batches
[07:42:37]   +5 [need_more_facts] ; total=21048 ; rate=195/min ; 4252/6537 batches
[07:42:37]   +5 [need_more_facts] ; total=21053 ; rate=195/min ; 4253/6537 batches
[07:42:37]   +5 [need_more_facts] ; total=21058 ; rate=195/min ; 4254/6537 batches
[07:42:51]   +5 [need_more_facts] ; total=21063 ; rate=195/min ; 4255/6537 batches
[07:42:51]   +5 [need_more_facts] ; total=21068 ; rate=195/min ; 4256/6537 batches
[07:43:04]   FAIL [need_more_facts]: empty_or_unparseable_after_retry
[07:43:04]   +5 [need_more_facts] ; total=21073 ; rate=194/min ; 4257/6537 batches
[07:43:04]   +5 [need_more_facts] ; total=21078 ; rate=195/min ; 4258/6537 batches
[07:43:04]   +5 [need_more_facts] ; total=21083 ; rate=195/min ; 4259/6537 batches
[07:43:04]   +5 [need_more_facts] ; total=21088 ; rate=195/min ; 4260/6537 batches
[07:43:17]   FAIL [need_more_facts]: empty_or_unparseable_after_retry
[07:43:17]   +5 [need_more_facts] ; total=21093 ; rate=194/min ; 4261/6537 batches
[07:43:22]   +5 [need_more_facts] (succeeded on retry #1)
[07:43:22]   +5 [need_more_facts] ; total=21098 ; rate=194/min ; 4262/6537 batches
[07:43:33]   +5 [need_more_facts] ; total=21103 ; rate=194/min ; 4263/6537 batches
[07:43:33]   +5 [need_more_facts] ; total=21108 ; rate=194/min ; 4264/6537 batches
[07:43:34]   +5 [need_more_facts] ; total=21113 ; rate=194/min ; 4265/6537 batches
[07:43:42]   +5 [need_more_facts] ; total=21118 ; rate=194/min ; 4266/6537 batches
[07:43:42]   +5 [need_more_facts] ; total=21123 ; rate=194/min ; 4267/6537 batches
[07:43:42]   +5 [need_more_facts] ; total=21128 ; rate=194/min ; 4268/6537 batches
[07:43:42]   +5 [need_more_facts] ; total=21133 ; rate=194/min ; 4269/6537 batches
[07:43:42]   +5 [need_more_facts] ; total=21138 ; rate=194/min ; 4270/6537 batches
[07:43:42]   +5 [need_more_facts] ; total=21143 ; rate=194/min ; 4271/6537 batches
[07:44:03]   FAIL [need_more_facts]: empty_or_unparseable_after_retry
[07:44:09]   FAIL [need_more_facts]: empty_or_unparseable_after_retry
[07:44:14]   FAIL [need_more_facts]: empty_or_unparseable_after_retry
[07:44:14]   +5 [need_more_facts] ; total=21148 ; rate=193/min ; 4272/6537 batches
[07:44:29]   +5 [need_more_facts] ; total=21153 ; rate=193/min ; 4273/6537 batches
[07:44:30]   +5 [need_more_facts] ; total=21158 ; rate=193/min ; 4274/6537 batches
[07:44:30]   +5 [need_more_facts] ; total=21163 ; rate=193/min ; 4275/6537 batches
[07:44:43]   FAIL [need_more_facts]: empty_or_unparseable_after_retry
[07:44:43]   +5 [need_more_facts] ; total=21168 ; rate=192/min ; 4276/6537 batches
[07:44:43]   +5 [need_more_facts] ; total=21173 ; rate=192/min ; 4277/6537 batches
[07:44:43]   +5 [need_more_facts] ; total=21178 ; rate=193/min ; 4278/6537 batches
[07:44:43]   +5 [need_more_facts] ; total=21183 ; rate=193/min ; 4279/6537 batches
[07:44:43]   +5 [need_more_facts] ; total=21188 ; rate=193/min ; 4280/6537 batches
[07:44:43]   +5 [need_more_facts] ; total=21193 ; rate=193/min ; 4281/6537 batches
[07:44:54]   FAIL [need_more_facts]: empty_or_unparseable_after_retry
[07:45:08]   +5 [need_more_facts] ; total=21198 ; rate=192/min ; 4282/6537 batches
[07:45:08]   +5 [need_more_facts] ; total=21203 ; rate=192/min ; 4283/6537 batches
[07:45:24]   FAIL [need_more_facts]: empty_or_unparseable_after_retry
[07:45:24]   +5 [need_more_facts] ; total=21208 ; rate=192/min ; 4284/6537 batches
[07:45:24]   +5 [need_more_facts] ; total=21213 ; rate=192/min ; 4285/6537 batches
[07:45:26]   +5 [need_more_facts] ; total=21218 ; rate=192/min ; 4286/6537 batches
[07:45:26]   +5 [need_more_facts] ; total=21223 ; rate=192/min ; 4287/6537 batches
[07:45:26]   +5 [need_more_facts] ; total=21228 ; rate=192/min ; 4288/6537 batches
[07:45:26]   +5 [need_more_facts] ; total=21233 ; rate=192/min ; 4289/6537 batches
[07:45:26]   +5 [need_more_facts] ; total=21238 ; rate=192/min ; 4290/6537 batches
[07:45:26]   +5 [need_more_facts] ; total=21243 ; rate=192/min ; 4291/6537 batches
[07:45:26]   +5 [need_more_facts] ; total=21248 ; rate=192/min ; 4292/6537 batches
[07:45:36]   +5 [need_more_facts] ; total=21253 ; rate=192/min ; 4293/6537 batches
[07:45:36]   +5 [need_more_facts] ; total=21258 ; rate=192/min ; 4294/6537 batches
[07:45:36]   +5 [need_more_facts] ; total=21263 ; rate=192/min ; 4295/6537 batches
[07:46:00]   +5 [need_more_facts] ; total=21268 ; rate=191/min ; 4296/6537 batches
[07:46:06]   FAIL [need_more_facts]: empty_or_unparseable_after_retry
[07:46:33]   +5 [need_more_facts] (succeeded on retry #2)
[07:46:33]   +5 [need_more_facts] ; total=21273 ; rate=190/min ; 4297/6537 batches
[07:46:33]   +5 [need_more_facts] ; total=21278 ; rate=190/min ; 4298/6537 batches
[07:46:33]   +5 [need_more_facts] ; total=21283 ; rate=190/min ; 4299/6537 batches
[07:46:33]   +5 [need_more_facts] ; total=21288 ; rate=190/min ; 4300/6537 batches
[07:46:33]   +5 [need_more_facts] ; total=21293 ; rate=190/min ; 4301/6537 batches
[07:46:33]   +5 [need_more_facts] ; total=21298 ; rate=190/min ; 4302/6537 batches
[07:46:33]   +5 [need_more_facts] ; total=21303 ; rate=190/min ; 4303/6537 batches
[07:46:34]   +5 [need_more_facts] ; total=21308 ; rate=191/min ; 4304/6537 batches
[07:46:44]   +5 [need_more_facts] (succeeded on retry #2)
[07:46:44]   +5 [need_more_facts] ; total=21313 ; rate=190/min ; 4305/6537 batches
[07:46:44]   +5 [need_more_facts] ; total=21318 ; rate=190/min ; 4306/6537 batches
[07:46:44]   +5 [need_more_facts] ; total=21323 ; rate=190/min ; 4307/6537 batches
[07:46:44]   +5 [need_more_facts] ; total=21328 ; rate=190/min ; 4308/6537 batches
[07:47:07]   FAIL [need_more_facts]: empty_or_unparseable_after_retry
[07:47:14]   FAIL [need_more_facts]: empty_or_unparseable_after_retry
[07:47:14]   +5 [need_more_facts] ; total=21333 ; rate=190/min ; 4309/6537 batches
[07:47:14]   +5 [need_more_facts] ; total=21338 ; rate=190/min ; 4310/6537 batches
[07:47:14]   +5 [need_more_facts] ; total=21343 ; rate=190/min ; 4311/6537 batches
[07:47:14]   +5 [need_more_facts] ; total=21348 ; rate=190/min ; 4312/6537 batches
[07:47:15]   FAIL [need_more_facts]: empty_or_unparseable_after_retry
[07:47:15]   +5 [need_more_facts] ; total=21353 ; rate=190/min ; 4313/6537 batches
[07:47:15]   +5 [need_more_facts] ; total=21358 ; rate=190/min ; 4314/6537 batches
[07:47:24]   FAIL [need_more_facts]: empty_or_unparseable_after_retry
[07:47:24]   +5 [need_more_facts] ; total=21363 ; rate=190/min ; 4315/6537 batches
[07:47:24]   +5 [need_more_facts] ; total=21368 ; rate=190/min ; 4316/6537 batches
[07:47:24]   +5 [need_more_facts] ; total=21373 ; rate=190/min ; 4317/6537 batches
[07:47:48]   FAIL [need_more_facts]: empty_or_unparseable_after_retry
[07:47:56]   FAIL [need_more_facts]: empty_or_unparseable_after_retry
[07:47:56]   +5 [need_more_facts] ; total=21378 ; rate=189/min ; 4318/6537 batches
[07:47:56]   +5 [need_more_facts] ; total=21383 ; rate=189/min ; 4319/6537 batches
[07:47:56]   +5 [need_more_facts] ; total=21388 ; rate=189/min ; 4320/6537 batches
[07:47:59]   +5 [need_more_facts] ; total=21393 ; rate=189/min ; 4321/6537 batches
[07:47:59]   +5 [need_more_facts] ; total=21398 ; rate=189/min ; 4322/6537 batches
[07:48:04]   FAIL [need_more_facts]: empty_or_unparseable_after_retry
[07:48:04]   +5 [need_more_facts] ; total=21403 ; rate=189/min ; 4323/6537 batches
[07:48:28]   FAIL [need_more_facts]: empty_or_unparseable_after_retry
[07:48:28]   +5 [need_more_facts] ; total=21408 ; rate=188/min ; 4324/6537 batches
[07:48:28]   +5 [need_more_facts] ; total=21413 ; rate=188/min ; 4325/6537 batches
[07:48:28]   +5 [need_more_facts] ; total=21418 ; rate=188/min ; 4326/6537 batches
[07:48:45]   FAIL [need_more_facts]: empty_or_unparseable_after_retry
[07:48:50]   +5 [need_more_facts] ; total=21423 ; rate=188/min ; 4327/6537 batches
[07:48:50]   +5 [need_more_facts] ; total=21428 ; rate=188/min ; 4328/6537 batches
[07:48:50]   +5 [need_more_facts] ; total=21433 ; rate=188/min ; 4329/6537 batches
[07:48:53]   +5 [need_more_facts] ; total=21438 ; rate=188/min ; 4330/6537 batches
[07:48:53]   +5 [need_more_facts] ; total=21443 ; rate=188/min ; 4331/6537 batches
[07:48:53]   +5 [need_more_facts] ; total=21448 ; rate=188/min ; 4332/6537 batches
[07:48:54]   +5 [need_more_facts] ; total=21453 ; rate=188/min ; 4333/6537 batches
[07:48:54]   +5 [need_more_facts] ; total=21458 ; rate=188/min ; 4334/6537 batches
[07:49:08]   FAIL [need_more_facts]: empty_or_unparseable_after_retry
[07:49:08]   +5 [need_more_facts] ; total=21463 ; rate=188/min ; 4335/6537 batches
[07:49:25]   FAIL [need_more_facts]: empty_or_unparseable_after_retry
[07:49:25]   +5 [need_more_facts] ; total=21468 ; rate=187/min ; 4336/6537 batches
[07:49:34]   FAIL [need_more_facts]: empty_or_unparseable_after_retry
[07:49:34]   +5 [need_more_facts] ; total=21473 ; rate=187/min ; 4337/6537 batches
[07:49:34]   +5 [need_more_facts] ; total=21478 ; rate=187/min ; 4338/6537 batches
[07:49:34]   +5 [need_more_facts] ; total=21483 ; rate=187/min ; 4339/6537 batches
[07:49:34]   +5 [need_more_facts] ; total=21488 ; rate=187/min ; 4340/6537 batches
[07:49:34]   +5 [need_more_facts] ; total=21493 ; rate=187/min ; 4341/6537 batches
[07:49:34]   +5 [need_more_facts] ; total=21498 ; rate=187/min ; 4342/6537 batches
[07:49:34]   +5 [need_more_facts] ; total=21503 ; rate=187/min ; 4343/6537 batches
[07:49:56]   +5 [need_more_facts] ; total=21508 ; rate=187/min ; 4344/6537 batches
[07:50:05]   FAIL [need_more_facts]: empty_or_unparseable_after_retry
[07:50:05]   +5 [need_more_facts] ; total=21513 ; rate=186/min ; 4345/6537 batches
[07:50:05]   +5 [need_more_facts] ; total=21518 ; rate=187/min ; 4346/6537 batches
[07:50:05]   +5 [need_more_facts] ; total=21523 ; rate=187/min ; 4347/6537 batches
[07:50:09]   +5 [need_more_facts] ; total=21528 ; rate=186/min ; 4348/6537 batches
[07:50:14]   FAIL [need_more_facts]: empty_or_unparseable_after_retry
[07:50:14]   +5 [need_more_facts] ; total=21533 ; rate=186/min ; 4349/6537 batches
[07:50:14]   +5 [need_more_facts] ; total=21538 ; rate=186/min ; 4350/6537 batches
[07:50:14]   +5 [need_more_facts] ; total=21543 ; rate=186/min ; 4351/6537 batches
[07:50:14]   +5 [need_more_facts] ; total=21548 ; rate=187/min ; 4352/6537 batches
[07:50:14]   +5 [need_more_facts] ; total=21553 ; rate=187/min ; 4353/6537 batches
[07:50:14]   +5 [need_more_facts] ; total=21558 ; rate=187/min ; 4354/6537 batches
[07:50:14]   +5 [need_more_facts] ; total=21563 ; rate=187/min ; 4355/6537 batches
[07:50:36]   FAIL [need_more_facts]: empty_or_unparseable_after_retry
[07:50:36]   +5 [need_more_facts] ; total=21568 ; rate=186/min ; 4356/6537 batches
[07:50:36]   +5 [need_more_facts] ; total=21573 ; rate=186/min ; 4357/6537 batches
[07:50:36]   +5 [need_more_facts] ; total=21578 ; rate=186/min ; 4358/6537 batches
[07:50:45]   FAIL [need_more_facts]: empty_or_unparseable_after_retry
[07:50:50]   FAIL [need_more_facts]: empty_or_unparseable_after_retry
[07:50:50]   +5 [need_more_facts] ; total=21583 ; rate=186/min ; 4359/6537 batches
[07:50:55]   FAIL [need_more_facts]: empty_or_unparseable_after_retry
[07:50:55]   +5 [need_more_facts] ; total=21588 ; rate=186/min ; 4360/6537 batches
[07:50:55]   +5 [need_more_facts] ; total=21593 ; rate=186/min ; 4361/6537 batches
[07:50:55]   +5 [need_more_facts] ; total=21598 ; rate=186/min ; 4362/6537 batches
[07:50:55]   +5 [need_more_facts] ; total=21603 ; rate=186/min ; 4363/6537 batches
[07:50:55]   +5 [need_more_facts] ; total=21608 ; rate=186/min ; 4364/6537 batches
[07:51:16]   FAIL [need_more_facts]: empty_or_unparseable_after_retry
[07:51:17]   +5 [need_more_facts] ; total=21613 ; rate=185/min ; 4365/6537 batches
[07:51:17]   +5 [need_more_facts] ; total=21618 ; rate=185/min ; 4366/6537 batches
[07:51:17]   +5 [need_more_facts] ; total=21623 ; rate=186/min ; 4367/6537 batches
[07:51:26]   FAIL [need_more_facts]: empty_or_unparseable_after_retry
[07:51:35]   FAIL [need_more_facts]: empty_or_unparseable_after_retry
[07:51:35]   +5 [need_more_facts] ; total=21628 ; rate=185/min ; 4368/6537 batches
[07:51:52]   +5 [need_more_facts] ; total=21633 ; rate=185/min ; 4369/6537 batches
[07:51:52]   +5 [need_more_facts] ; total=21638 ; rate=185/min ; 4370/6537 batches
[07:51:52]   +5 [need_more_facts] ; total=21643 ; rate=185/min ; 4371/6537 batches
[07:51:52]   +5 [need_more_facts] ; total=21648 ; rate=185/min ; 4372/6537 batches
[07:51:52]   +5 [need_more_facts] ; total=21653 ; rate=185/min ; 4373/6537 batches
[07:51:52]   +5 [need_more_facts] ; total=21658 ; rate=185/min ; 4374/6537 batches
[07:52:02]   +1 [need_more_facts] (succeeded on retry #1)
[07:52:02]   +1 [need_more_facts] ; total=21659 ; rate=185/min ; 4375/6537 batches
[07:52:02]   +5 [need_more_facts] ; total=21664 ; rate=185/min ; 4376/6537 batches
[07:52:02]   +5 [need_more_facts] ; total=21669 ; rate=185/min ; 4377/6537 batches
[07:52:03]   +5 [need_more_facts] ; total=21674 ; rate=185/min ; 4378/6537 batches
[07:52:03]   +1 [need_more_facts] ; total=21675 ; rate=185/min ; 4379/6537 batches
[07:52:13]   +5 [need_more_facts] ; total=21680 ; rate=185/min ; 4380/6537 batches
[07:52:13]   +5 [need_more_facts] ; total=21685 ; rate=185/min ; 4381/6537 batches
[07:52:13]   +5 [need_more_facts] ; total=21690 ; rate=185/min ; 4382/6537 batches
[07:52:13]   +5 [need_more_facts] ; total=21695 ; rate=185/min ; 4383/6537 batches
[07:52:13]   +5 [need_more_facts] ; total=21700 ; rate=185/min ; 4384/6537 batches
[07:52:13]   +5 [need_more_facts] ; total=21705 ; rate=185/min ; 4385/6537 batches
[07:52:13]   +5 [need_more_facts] ; total=21710 ; rate=185/min ; 4386/6537 batches
[07:52:13]   +5 [need_more_facts] ; total=21715 ; rate=185/min ; 4387/6537 batches
[07:52:26]   +5 [need_more_facts] (succeeded on retry #1)
[07:52:26]   +5 [need_more_facts] ; total=21720 ; rate=185/min ; 4388/6537 batches
[07:52:26]   +5 [need_more_facts] ; total=21725 ; rate=185/min ; 4389/6537 batches
[07:52:26]   +5 [need_more_facts] ; total=21730 ; rate=185/min ; 4390/6537 batches
[07:52:26]   +5 [need_more_facts] ; total=21735 ; rate=185/min ; 4391/6537 batches
[07:52:26]   +1 [need_more_facts] ; total=21736 ; rate=185/min ; 4392/6537 batches
[07:52:27]   +5 [need_more_facts] ; total=21741 ; rate=185/min ; 4393/6537 batches
[07:52:27]   +5 [need_more_facts] ; total=21746 ; rate=185/min ; 4394/6537 batches
[07:52:27]   +5 [need_more_facts] ; total=21751 ; rate=185/min ; 4395/6537 batches
[07:52:27]   +5 [need_more_facts] ; total=21756 ; rate=185/min ; 4396/6537 batches
[07:52:27]   +5 [need_more_facts] ; total=21761 ; rate=185/min ; 4397/6537 batches
[07:52:27]   +5 [need_more_facts] ; total=21766 ; rate=185/min ; 4398/6537 batches
[07:52:27]   +5 [need_more_facts] ; total=21771 ; rate=185/min ; 4399/6537 batches
[07:52:27]   +5 [need_more_facts] ; total=21776 ; rate=185/min ; 4400/6537 batches
[07:52:33]   FAIL [need_more_facts]: empty_or_unparseable_after_retry
[07:52:33]   +5 [need_more_facts] ; total=21781 ; rate=185/min ; 4401/6537 batches
[07:52:33]   +5 [need_more_facts] ; total=21786 ; rate=185/min ; 4402/6537 batches
[07:52:33]   +5 [need_more_facts] ; total=21791 ; rate=185/min ; 4403/6537 batches
[07:52:33]   +1 [need_more_facts] ; total=21792 ; rate=185/min ; 4404/6537 batches
[07:52:33]   +5 [need_more_facts] ; total=21797 ; rate=185/min ; 4405/6537 batches
[07:52:33]   +5 [need_more_facts] ; total=21802 ; rate=185/min ; 4406/6537 batches
[07:52:33]   +5 [need_more_facts] ; total=21807 ; rate=185/min ; 4407/6537 batches
[07:52:33]   +5 [need_more_facts] ; total=21812 ; rate=185/min ; 4408/6537 batches
[07:52:33]   +5 [need_more_facts] ; total=21817 ; rate=185/min ; 4409/6537 batches
[07:52:33]   +5 [need_more_facts] ; total=21822 ; rate=185/min ; 4410/6537 batches
[07:52:33]   +5 [need_more_facts] ; total=21827 ; rate=185/min ; 4411/6537 batches
[07:52:33]   +5 [need_more_facts] ; total=21832 ; rate=185/min ; 4412/6537 batches
[07:52:53]   FAIL [need_more_facts]: empty_or_unparseable_after_retry
[07:52:53]   +5 [need_more_facts] ; total=21837 ; rate=185/min ; 4413/6537 batches
[07:52:53]   +5 [need_more_facts] ; total=21842 ; rate=185/min ; 4414/6537 batches
[07:52:54]   +5 [need_more_facts] ; total=21847 ; rate=185/min ; 4415/6537 batches
[07:52:54]   +1 [need_more_facts] ; total=21848 ; rate=185/min ; 4416/6537 batches
[07:52:54]   +5 [need_more_facts] ; total=21853 ; rate=185/min ; 4417/6537 batches
[07:52:54]   +5 [need_more_facts] ; total=21858 ; rate=185/min ; 4418/6537 batches
[07:52:54]   +5 [need_more_facts] ; total=21863 ; rate=185/min ; 4419/6537 batches
[07:52:54]   +5 [need_more_facts] ; total=21868 ; rate=185/min ; 4420/6537 batches
[07:52:54]   +5 [need_more_facts] ; total=21873 ; rate=185/min ; 4421/6537 batches
[07:52:54]   +5 [need_more_facts] ; total=21878 ; rate=185/min ; 4422/6537 batches
[07:52:55]   +5 [need_more_facts] ; total=21883 ; rate=185/min ; 4423/6537 batches
[07:52:55]   +5 [need_more_facts] ; total=21888 ; rate=185/min ; 4424/6537 batches
[07:52:57]   +5 [need_more_facts] ; total=21893 ; rate=185/min ; 4425/6537 batches
[07:52:57]   +5 [need_more_facts] ; total=21898 ; rate=185/min ; 4426/6537 batches
[07:52:57]   +5 [need_more_facts] ; total=21903 ; rate=185/min ; 4427/6537 batches
[07:52:57]   +5 [need_more_facts] ; total=21908 ; rate=185/min ; 4428/6537 batches
[07:52:57]   +1 [need_more_facts] ; total=21909 ; rate=185/min ; 4429/6537 batches
[07:52:57]   +5 [need_more_facts] ; total=21914 ; rate=185/min ; 4430/6537 batches
[07:52:57]   +5 [need_more_facts] ; total=21919 ; rate=185/min ; 4431/6537 batches
[07:52:58]   +5 [need_more_facts] ; total=21924 ; rate=185/min ; 4432/6537 batches
[07:52:58]   +5 [need_more_facts] ; total=21929 ; rate=185/min ; 4433/6537 batches
[07:52:58]   +5 [need_more_facts] ; total=21934 ; rate=185/min ; 4434/6537 batches
[07:52:58]   +5 [need_more_facts] ; total=21939 ; rate=186/min ; 4435/6537 batches
[07:52:58]   +5 [need_more_facts] ; total=21944 ; rate=186/min ; 4436/6537 batches
[07:52:58]   +5 [need_more_facts] ; total=21949 ; rate=186/min ; 4437/6537 batches
[07:53:07]   FAIL [need_more_facts]: empty_or_unparseable_after_retry
[07:53:07]   +5 [need_more_facts] ; total=21954 ; rate=185/min ; 4438/6537 batches
[07:53:07]   +5 [need_more_facts] ; total=21959 ; rate=185/min ; 4439/6537 batches
[07:53:07]   +5 [need_more_facts] ; total=21964 ; rate=186/min ; 4440/6537 batches
[07:53:07]   +1 [need_more_facts] ; total=21965 ; rate=186/min ; 4441/6537 batches
[07:53:07]   +5 [need_more_facts] ; total=21970 ; rate=186/min ; 4442/6537 batches
[07:53:07]   +5 [need_more_facts] ; total=21975 ; rate=186/min ; 4443/6537 batches
[07:53:07]   +5 [need_more_facts] ; total=21980 ; rate=186/min ; 4444/6537 batches
[07:53:08]   +5 [need_more_facts] ; total=21985 ; rate=186/min ; 4445/6537 batches
[07:53:08]   +5 [need_more_facts] ; total=21990 ; rate=186/min ; 4446/6537 batches
[07:53:13]   FAIL [need_more_facts]: empty_or_unparseable_after_retry
[07:53:13]   +5 [need_more_facts] ; total=21995 ; rate=186/min ; 4447/6537 batches
[07:53:14]   +5 [need_more_facts] ; total=22000 ; rate=186/min ; 4448/6537 batches
[07:53:35]   FAIL [need_more_facts]: empty_or_unparseable_after_retry
[07:53:35]   +5 [need_more_facts] ; total=22005 ; rate=185/min ; 4449/6537 batches
[07:53:35]   +5 [need_more_facts] ; total=22010 ; rate=185/min ; 4450/6537 batches
[07:53:35]   +5 [need_more_facts] ; total=22015 ; rate=185/min ; 4451/6537 batches
[07:53:35]   +1 [need_more_facts] ; total=22016 ; rate=185/min ; 4452/6537 batches
[07:53:35]   +5 [need_more_facts] ; total=22021 ; rate=185/min ; 4453/6537 batches
[07:53:35]   +5 [need_more_facts] ; total=22026 ; rate=185/min ; 4454/6537 batches
[07:53:35]   +5 [need_more_facts] ; total=22031 ; rate=185/min ; 4455/6537 batches
[07:53:36]   +5 [need_more_facts] ; total=22036 ; rate=185/min ; 4456/6537 batches
[07:53:36]   +5 [need_more_facts] ; total=22041 ; rate=185/min ; 4457/6537 batches
[07:53:38]   FAIL [need_more_facts]: empty_or_unparseable_after_retry
[07:53:38]   +5 [need_more_facts] ; total=22046 ; rate=185/min ; 4458/6537 batches
[07:53:38]   +5 [need_more_facts] ; total=22051 ; rate=185/min ; 4459/6537 batches
[07:53:54]   FAIL [need_more_facts]: empty_or_unparseable_after_retry
[07:53:54]   +5 [need_more_facts] ; total=22056 ; rate=185/min ; 4460/6537 batches
[07:53:54]   +5 [need_more_facts] ; total=22061 ; rate=185/min ; 4461/6537 batches
[07:53:54]   +5 [need_more_facts] ; total=22066 ; rate=185/min ; 4462/6537 batches
[07:53:54]   +1 [need_more_facts] ; total=22067 ; rate=185/min ; 4463/6537 batches
[07:53:54]   +5 [need_more_facts] ; total=22072 ; rate=185/min ; 4464/6537 batches
[07:53:54]   +5 [need_more_facts] ; total=22077 ; rate=185/min ; 4465/6537 batches
[07:53:54]   +5 [need_more_facts] ; total=22082 ; rate=185/min ; 4466/6537 batches
[07:53:54]   +5 [need_more_facts] ; total=22087 ; rate=185/min ; 4467/6537 batches
[07:53:55]   +5 [need_more_facts] ; total=22092 ; rate=185/min ; 4468/6537 batches
[07:53:55]   +5 [need_more_facts] ; total=22097 ; rate=185/min ; 4469/6537 batches
[07:54:19]   FAIL [need_more_facts]: empty_or_unparseable_after_retry
[07:54:19]   +5 [need_more_facts] ; total=22102 ; rate=185/min ; 4470/6537 batches
[07:54:31]   +5 [need_more_facts] ; total=22107 ; rate=185/min ; 4471/6537 batches
[07:54:31]   +5 [need_more_facts] ; total=22112 ; rate=185/min ; 4472/6537 batches
[07:54:31]   +5 [need_more_facts] ; total=22117 ; rate=185/min ; 4473/6537 batches
[07:54:31]   +5 [need_more_facts] ; total=22122 ; rate=185/min ; 4474/6537 batches
[07:54:32]   +1 [need_more_facts] ; total=22123 ; rate=185/min ; 4475/6537 batches
[07:54:32]   +5 [need_more_facts] ; total=22128 ; rate=185/min ; 4476/6537 batches
[07:54:32]   +5 [need_more_facts] ; total=22133 ; rate=185/min ; 4477/6537 batches
[07:54:32]   +5 [need_more_facts] ; total=22138 ; rate=185/min ; 4478/6537 batches
[07:54:32]   +5 [need_more_facts] ; total=22143 ; rate=185/min ; 4479/6537 batches
[07:54:36]   FAIL [need_more_facts]: empty_or_unparseable_after_retry
[07:54:44]   +5 [need_more_facts] ; total=22148 ; rate=185/min ; 4480/6537 batches
[07:54:44]   +5 [need_more_facts] ; total=22153 ; rate=185/min ; 4481/6537 batches
[07:54:44]   +5 [need_more_facts] ; total=22158 ; rate=185/min ; 4482/6537 batches
[07:54:59]   FAIL [need_more_facts]: empty_or_unparseable_after_retry
[07:54:59]   +5 [need_more_facts] ; total=22163 ; rate=184/min ; 4483/6537 batches
[07:55:16]   FAIL [need_more_facts]: empty_or_unparseable_after_retry
[07:55:16]   +5 [need_more_facts] ; total=22168 ; rate=184/min ; 4484/6537 batches
[07:55:16]   +1 [need_more_facts] ; total=22169 ; rate=184/min ; 4485/6537 batches
[07:55:16]   +5 [need_more_facts] ; total=22174 ; rate=184/min ; 4486/6537 batches
[07:55:17]   +5 [need_more_facts] ; total=22179 ; rate=184/min ; 4487/6537 batches
[07:55:17]   +5 [need_more_facts] ; total=22184 ; rate=184/min ; 4488/6537 batches
[07:55:22]   +5 [need_more_facts] ; total=22189 ; rate=184/min ; 4489/6537 batches
[07:55:22]   +5 [need_more_facts] ; total=22194 ; rate=184/min ; 4490/6537 batches
[07:55:24]   FAIL [need_more_facts]: empty_or_unparseable_after_retry
[07:55:24]   +5 [need_more_facts] ; total=22199 ; rate=184/min ; 4491/6537 batches
[07:55:42]   +5 [need_more_facts] ; total=22204 ; rate=184/min ; 4492/6537 batches
[07:56:01]   +5 [need_more_facts] ; total=22209 ; rate=183/min ; 4493/6537 batches
[07:56:01]   +5 [need_more_facts] ; total=22214 ; rate=183/min ; 4494/6537 batches
[07:56:01]   +5 [need_more_facts] ; total=22219 ; rate=183/min ; 4495/6537 batches
[07:56:01]   +5 [need_more_facts] ; total=22224 ; rate=183/min ; 4496/6537 batches
[07:56:01]   +1 [need_more_facts] ; total=22225 ; rate=183/min ; 4497/6537 batches
[07:56:01]   +5 [need_more_facts] ; total=22230 ; rate=183/min ; 4498/6537 batches
[07:56:01]   +5 [need_more_facts] ; total=22235 ; rate=183/min ; 4499/6537 batches
[07:56:01]   +5 [need_more_facts] ; total=22240 ; rate=183/min ; 4500/6537 batches
[07:56:03]   FAIL [need_more_facts]: empty_or_unparseable_after_retry
[07:56:03]   +5 [need_more_facts] ; total=22245 ; rate=183/min ; 4501/6537 batches
[07:56:05]   +5 [need_more_facts] ; total=22250 ; rate=183/min ; 4502/6537 batches
[07:56:05]   +5 [need_more_facts] ; total=22255 ; rate=183/min ; 4503/6537 batches
[07:56:05]   +5 [need_more_facts] ; total=22260 ; rate=183/min ; 4504/6537 batches
[07:56:22]   FAIL [need_more_facts]: empty_or_unparseable_after_retry
[07:56:22]   +5 [need_more_facts] ; total=22265 ; rate=183/min ; 4505/6537 batches
[07:56:22]   +5 [need_more_facts] ; total=22270 ; rate=183/min ; 4506/6537 batches
[07:56:22]   +5 [need_more_facts] ; total=22275 ; rate=183/min ; 4507/6537 batches
[07:56:22]   +1 [need_more_facts] ; total=22276 ; rate=183/min ; 4508/6537 batches
[07:56:22]   +5 [need_more_facts] ; total=22281 ; rate=183/min ; 4509/6537 batches
[07:56:22]   +5 [need_more_facts] ; total=22286 ; rate=183/min ; 4510/6537 batches
[07:56:22]   +5 [need_more_facts] ; total=22291 ; rate=183/min ; 4511/6537 batches
[07:56:22]   +5 [need_more_facts] ; total=22296 ; rate=183/min ; 4512/6537 batches
[07:56:23]   +5 [need_more_facts] ; total=22301 ; rate=183/min ; 4513/6537 batches
[07:56:43]   FAIL [need_more_facts]: empty_or_unparseable_after_retry
[07:56:43]   +5 [need_more_facts] ; total=22306 ; rate=183/min ; 4514/6537 batches
[07:56:43]   +5 [need_more_facts] ; total=22311 ; rate=183/min ; 4515/6537 batches
[07:56:45]   FAIL [need_more_facts]: empty_or_unparseable_after_retry
[07:56:45]   +5 [need_more_facts] ; total=22316 ; rate=183/min ; 4516/6537 batches
[07:56:46]   +5 [need_more_facts] ; total=22321 ; rate=183/min ; 4517/6537 batches
[07:56:46]   +5 [need_more_facts] ; total=22326 ; rate=183/min ; 4518/6537 batches
[07:56:46]   +1 [need_more_facts] ; total=22327 ; rate=183/min ; 4519/6537 batches
[07:56:46]   +5 [need_more_facts] ; total=22332 ; rate=183/min ; 4520/6537 batches
[07:56:46]   +5 [need_more_facts] ; total=22337 ; rate=183/min ; 4521/6537 batches
[07:56:46]   +5 [need_more_facts] ; total=22342 ; rate=183/min ; 4522/6537 batches
[07:57:03]   FAIL [need_more_facts]: empty_or_unparseable_after_retry
[07:57:03]   +5 [need_more_facts] ; total=22347 ; rate=183/min ; 4523/6537 batches
[07:57:09]   FAIL [need_more_facts]: empty_or_unparseable_after_retry
[07:57:09]   +5 [need_more_facts] ; total=22352 ; rate=183/min ; 4524/6537 batches
[07:57:09]   +5 [need_more_facts] ; total=22357 ; rate=183/min ; 4525/6537 batches
[07:57:23]   FAIL [need_more_facts]: empty_or_unparseable_after_retry
[07:57:23]   +5 [need_more_facts] ; total=22362 ; rate=182/min ; 4526/6537 batches
[07:57:23]   +5 [need_more_facts] ; total=22367 ; rate=182/min ; 4527/6537 batches
[07:57:23]   +5 [need_more_facts] ; total=22372 ; rate=182/min ; 4528/6537 batches
[07:57:26]   FAIL [need_more_facts]: empty_or_unparseable_after_retry
[07:57:27]   +5 [need_more_facts] ; total=22377 ; rate=182/min ; 4529/6537 batches
[07:57:27]   +5 [need_more_facts] ; total=22382 ; rate=182/min ; 4530/6537 batches
[07:57:43]   FAIL [need_more_facts]: empty_or_unparseable_after_retry
[07:57:49]   FAIL [need_more_facts]: empty_or_unparseable_after_retry
[07:57:49]   +5 [need_more_facts] ; total=22387 ; rate=182/min ; 4531/6537 batches
[07:57:57]   +5 [need_more_facts] ; total=22392 ; rate=182/min ; 4532/6537 batches
[07:57:58]   +5 [need_more_facts] ; total=22397 ; rate=182/min ; 4533/6537 batches
[07:57:58]   +5 [need_more_facts] ; total=22402 ; rate=182/min ; 4534/6537 batches
[07:58:23]   FAIL [need_more_facts]: empty_or_unparseable_after_retry
[07:58:23]   +5 [need_more_facts] ; total=22407 ; rate=181/min ; 4535/6537 batches
[07:58:23]   +5 [need_more_facts] ; total=22412 ; rate=181/min ; 4536/6537 batches
[07:58:23]   +5 [need_more_facts] ; total=22417 ; rate=181/min ; 4537/6537 batches
[07:58:23]   +5 [need_more_facts] ; total=22422 ; rate=181/min ; 4538/6537 batches
[07:58:23]   +5 [need_more_facts] ; total=22427 ; rate=181/min ; 4539/6537 batches
[07:58:23]   +5 [need_more_facts] ; total=22432 ; rate=181/min ; 4540/6537 batches
[07:58:30]   FAIL [need_more_facts]: empty_or_unparseable_after_retry
[07:58:33]   FAIL [need_more_facts]: empty_or_unparseable_after_retry
[07:58:33]   +5 [need_more_facts] ; total=22437 ; rate=181/min ; 4541/6537 batches
[07:59:04]   FAIL [need_more_facts]: empty_or_unparseable_after_retry
[07:59:04]   +5 [need_more_facts] ; total=22442 ; rate=180/min ; 4542/6537 batches
[07:59:04]   +5 [need_more_facts] ; total=22447 ; rate=181/min ; 4543/6537 batches
[07:59:10]   FAIL [need_more_facts]: empty_or_unparseable_after_retry
[07:59:10]   +5 [need_more_facts] ; total=22452 ; rate=180/min ; 4544/6537 batches
[07:59:10]   +5 [need_more_facts] ; total=22457 ; rate=180/min ; 4545/6537 batches
[07:59:10]   +5 [need_more_facts] ; total=22462 ; rate=180/min ; 4546/6537 batches
[07:59:25]   +5 [need_more_facts] (succeeded on retry #2)
[07:59:25]   +5 [need_more_facts] ; total=22467 ; rate=180/min ; 4547/6537 batches
[07:59:41]   +5 [need_more_facts] ; total=22472 ; rate=180/min ; 4548/6537 batches
[07:59:56]   +5 [overconfident_to_caveated] ; total=22477 ; rate=180/min ; 4549/6537 batches
[07:59:58]   +5 [need_more_facts] (succeeded on retry #2)
[07:59:58]   +5 [need_more_facts] ; total=22482 ; rate=180/min ; 4550/6537 batches
[08:00:09]   +5 [overconfident_to_caveated] ; total=22487 ; rate=179/min ; 4551/6537 batches
[08:00:30]   +5 [overconfident_to_caveated] ; total=22492 ; rate=179/min ; 4552/6537 batches
[08:00:34]   +5 [overconfident_to_caveated] ; total=22497 ; rate=179/min ; 4553/6537 batches
[08:00:38]   +5 [overconfident_to_caveated] ; total=22502 ; rate=179/min ; 4554/6537 batches
[08:00:55]   +5 [overconfident_to_caveated] ; total=22507 ; rate=178/min ; 4555/6537 batches
[08:01:08]   +5 [overconfident_to_caveated] ; total=22512 ; rate=178/min ; 4556/6537 batches
[08:01:23]   +5 [overconfident_to_caveated] ; total=22517 ; rate=178/min ; 4557/6537 batches
[08:01:35]   +5 [overconfident_to_caveated] ; total=22522 ; rate=178/min ; 4558/6537 batches
[08:01:54]   +5 [overconfident_to_caveated] ; total=22527 ; rate=177/min ; 4559/6537 batches
[08:01:54]   +5 [overconfident_to_caveated] ; total=22532 ; rate=177/min ; 4560/6537 batches
[08:01:54]   +5 [overconfident_to_caveated] ; total=22537 ; rate=177/min ; 4561/6537 batches
[08:01:54]   +5 [overconfident_to_caveated] ; total=22542 ; rate=177/min ; 4562/6537 batches
[08:01:54]   +5 [overconfident_to_caveated] ; total=22547 ; rate=177/min ; 4563/6537 batches
[08:01:54]   +5 [overconfident_to_caveated] ; total=22552 ; rate=177/min ; 4564/6537 batches
[08:01:54]   +5 [overconfident_to_caveated] ; total=22557 ; rate=177/min ; 4565/6537 batches
[08:01:54]   +5 [overconfident_to_caveated] ; total=22562 ; rate=177/min ; 4566/6537 batches
[08:01:54]   +5 [overconfident_to_caveated] ; total=22567 ; rate=177/min ; 4567/6537 batches
[08:01:54]   +5 [overconfident_to_caveated] ; total=22572 ; rate=177/min ; 4568/6537 batches
[08:01:54]   +5 [overconfident_to_caveated] ; total=22577 ; rate=178/min ; 4569/6537 batches
[08:01:54]   +5 [overconfident_to_caveated] ; total=22582 ; rate=178/min ; 4570/6537 batches
[08:01:54]   +5 [overconfident_to_caveated] ; total=22587 ; rate=178/min ; 4571/6537 batches
[08:02:17]   +5 [overconfident_to_caveated] ; total=22592 ; rate=177/min ; 4572/6537 batches
[08:02:17]   +5 [overconfident_to_caveated] ; total=22597 ; rate=177/min ; 4573/6537 batches
[08:02:17]   +5 [overconfident_to_caveated] ; total=22602 ; rate=177/min ; 4574/6537 batches
[08:02:17]   +5 [overconfident_to_caveated] ; total=22607 ; rate=177/min ; 4575/6537 batches
[08:02:18]   +5 [overconfident_to_caveated] ; total=22612 ; rate=177/min ; 4576/6537 batches
[08:02:18]   +5 [overconfident_to_caveated] ; total=22617 ; rate=177/min ; 4577/6537 batches
[08:02:18]   +5 [overconfident_to_caveated] ; total=22622 ; rate=177/min ; 4578/6537 batches
[08:02:18]   +5 [overconfident_to_caveated] ; total=22627 ; rate=177/min ; 4579/6537 batches
[08:02:18]   +5 [overconfident_to_caveated] ; total=22632 ; rate=177/min ; 4580/6537 batches
[08:02:18]   +5 [overconfident_to_caveated] ; total=22637 ; rate=177/min ; 4581/6537 batches
[08:02:18]   +5 [overconfident_to_caveated] ; total=22642 ; rate=177/min ; 4582/6537 batches
[08:02:18]   +5 [overconfident_to_caveated] ; total=22647 ; rate=178/min ; 4583/6537 batches
[08:02:18]   +5 [overconfident_to_caveated] ; total=22652 ; rate=178/min ; 4584/6537 batches
[08:02:38]   FAIL [overconfident_to_caveated]: empty_or_unparseable_after_retry
[08:02:38]   +5 [overconfident_to_caveated] ; total=22657 ; rate=177/min ; 4585/6537 batches
[08:02:38]   +5 [overconfident_to_caveated] ; total=22662 ; rate=177/min ; 4586/6537 batches
[08:02:38]   +5 [overconfident_to_caveated] ; total=22667 ; rate=177/min ; 4587/6537 batches
[08:02:38]   +5 [overconfident_to_caveated] ; total=22672 ; rate=177/min ; 4588/6537 batches
[08:02:38]   +5 [overconfident_to_caveated] ; total=22677 ; rate=177/min ; 4589/6537 batches
[08:02:38]   +5 [overconfident_to_caveated] ; total=22682 ; rate=177/min ; 4590/6537 batches
[08:02:39]   +5 [overconfident_to_caveated] ; total=22687 ; rate=177/min ; 4591/6537 batches
[08:02:39]   +5 [overconfident_to_caveated] ; total=22692 ; rate=177/min ; 4592/6537 batches
[08:02:39]   +5 [overconfident_to_caveated] ; total=22697 ; rate=177/min ; 4593/6537 batches
[08:02:39]   +5 [overconfident_to_caveated] ; total=22702 ; rate=177/min ; 4594/6537 batches
[08:02:39]   +5 [overconfident_to_caveated] ; total=22707 ; rate=177/min ; 4595/6537 batches
[08:02:39]   +5 [overconfident_to_caveated] ; total=22712 ; rate=178/min ; 4596/6537 batches
[08:02:40]   +5 [overconfident_to_caveated] ; total=22717 ; rate=178/min ; 4597/6537 batches
[08:02:40]   +5 [overconfident_to_caveated] ; total=22722 ; rate=178/min ; 4598/6537 batches
[08:02:41]   +5 [overconfident_to_caveated] ; total=22727 ; rate=178/min ; 4599/6537 batches
[08:02:41]   +5 [overconfident_to_caveated] ; total=22732 ; rate=178/min ; 4600/6537 batches
[08:02:41]   +5 [overconfident_to_caveated] ; total=22737 ; rate=178/min ; 4601/6537 batches
[08:02:41]   +5 [overconfident_to_caveated] ; total=22742 ; rate=178/min ; 4602/6537 batches
[08:02:41]   +5 [overconfident_to_caveated] ; total=22747 ; rate=178/min ; 4603/6537 batches
[08:02:41]   +5 [overconfident_to_caveated] ; total=22752 ; rate=178/min ; 4604/6537 batches
[08:02:41]   +5 [overconfident_to_caveated] ; total=22757 ; rate=178/min ; 4605/6537 batches
[08:02:41]   +5 [overconfident_to_caveated] ; total=22762 ; rate=178/min ; 4606/6537 batches
[08:02:41]   +5 [overconfident_to_caveated] ; total=22767 ; rate=178/min ; 4607/6537 batches
[08:02:41]   +5 [overconfident_to_caveated] ; total=22772 ; rate=178/min ; 4608/6537 batches
[08:02:41]   +5 [overconfident_to_caveated] ; total=22777 ; rate=178/min ; 4609/6537 batches
[08:02:48]   +5 [overconfident_to_caveated] ; total=22782 ; rate=178/min ; 4610/6537 batches
[08:02:48]   +5 [overconfident_to_caveated] ; total=22787 ; rate=178/min ; 4611/6537 batches
[08:02:48]   +5 [overconfident_to_caveated] ; total=22792 ; rate=178/min ; 4612/6537 batches
[08:02:48]   +5 [overconfident_to_caveated] ; total=22797 ; rate=178/min ; 4613/6537 batches
[08:02:48]   +5 [overconfident_to_caveated] ; total=22802 ; rate=178/min ; 4614/6537 batches
[08:02:48]   +5 [overconfident_to_caveated] ; total=22807 ; rate=178/min ; 4615/6537 batches
[08:02:48]   +5 [overconfident_to_caveated] ; total=22812 ; rate=178/min ; 4616/6537 batches
[08:02:48]   +5 [overconfident_to_caveated] ; total=22817 ; rate=178/min ; 4617/6537 batches
[08:02:48]   +5 [overconfident_to_caveated] ; total=22822 ; rate=178/min ; 4618/6537 batches
[08:02:48]   +5 [overconfident_to_caveated] ; total=22827 ; rate=178/min ; 4619/6537 batches
[08:02:48]   +5 [overconfident_to_caveated] ; total=22832 ; rate=178/min ; 4620/6537 batches
[08:02:48]   +5 [overconfident_to_caveated] ; total=22837 ; rate=178/min ; 4621/6537 batches
[08:02:49]   +5 [overconfident_to_caveated] ; total=22842 ; rate=178/min ; 4622/6537 batches
[08:02:49]   +5 [overconfident_to_caveated] ; total=22847 ; rate=178/min ; 4623/6537 batches
[08:02:49]   +5 [overconfident_to_caveated] ; total=22852 ; rate=178/min ; 4624/6537 batches
[08:02:49]   +5 [overconfident_to_caveated] ; total=22857 ; rate=178/min ; 4625/6537 batches
[08:02:49]   +5 [overconfident_to_caveated] ; total=22862 ; rate=178/min ; 4626/6537 batches
[08:02:49]   +5 [overconfident_to_caveated] ; total=22867 ; rate=179/min ; 4627/6537 batches
[08:02:49]   +5 [overconfident_to_caveated] ; total=22872 ; rate=179/min ; 4628/6537 batches
[08:02:49]   +5 [overconfident_to_caveated] ; total=22877 ; rate=179/min ; 4629/6537 batches
[08:02:49]   +5 [overconfident_to_caveated] ; total=22882 ; rate=179/min ; 4630/6537 batches
[08:02:49]   +5 [overconfident_to_caveated] ; total=22887 ; rate=179/min ; 4631/6537 batches
[08:02:49]   +5 [overconfident_to_caveated] ; total=22892 ; rate=179/min ; 4632/6537 batches
[08:02:49]   +5 [overconfident_to_caveated] ; total=22897 ; rate=179/min ; 4633/6537 batches
[08:02:49]   +5 [overconfident_to_caveated] ; total=22902 ; rate=179/min ; 4634/6537 batches
[08:02:49]   +5 [overconfident_to_caveated] ; total=22907 ; rate=179/min ; 4635/6537 batches
[08:02:49]   +5 [overconfident_to_caveated] ; total=22912 ; rate=179/min ; 4636/6537 batches
[08:02:50]   +5 [overconfident_to_caveated] ; total=22917 ; rate=179/min ; 4637/6537 batches
[08:02:50]   +5 [overconfident_to_caveated] ; total=22922 ; rate=179/min ; 4638/6537 batches
[08:02:50]   +5 [overconfident_to_caveated] ; total=22927 ; rate=179/min ; 4639/6537 batches
[08:02:50]   +5 [overconfident_to_caveated] ; total=22932 ; rate=179/min ; 4640/6537 batches
[08:02:50]   +5 [overconfident_to_caveated] ; total=22937 ; rate=179/min ; 4641/6537 batches
[08:02:50]   +5 [overconfident_to_caveated] ; total=22942 ; rate=179/min ; 4642/6537 batches
[08:02:50]   +5 [overconfident_to_caveated] ; total=22947 ; rate=179/min ; 4643/6537 batches
[08:02:50]   +5 [overconfident_to_caveated] ; total=22952 ; rate=179/min ; 4644/6537 batches
[08:02:50]   +5 [overconfident_to_caveated] ; total=22957 ; rate=179/min ; 4645/6537 batches
[08:02:50]   +5 [overconfident_to_caveated] ; total=22962 ; rate=179/min ; 4646/6537 batches
[08:02:50]   +5 [overconfident_to_caveated] ; total=22967 ; rate=179/min ; 4647/6537 batches
[08:02:50]   +5 [overconfident_to_caveated] ; total=22972 ; rate=179/min ; 4648/6537 batches
[08:02:50]   +5 [overconfident_to_caveated] ; total=22977 ; rate=179/min ; 4649/6537 batches
[08:02:51]   +5 [overconfident_to_caveated] ; total=22982 ; rate=179/min ; 4650/6537 batches
[08:02:51]   +5 [overconfident_to_caveated] ; total=22987 ; rate=179/min ; 4651/6537 batches
[08:02:51]   +5 [overconfident_to_caveated] ; total=22992 ; rate=179/min ; 4652/6537 batches
[08:02:51]   +5 [overconfident_to_caveated] ; total=22997 ; rate=179/min ; 4653/6537 batches
[08:02:51]   +5 [overconfident_to_caveated] ; total=23002 ; rate=180/min ; 4654/6537 batches
[08:02:51]   +5 [overconfident_to_caveated] ; total=23007 ; rate=180/min ; 4655/6537 batches
[08:02:51]   +5 [overconfident_to_caveated] ; total=23012 ; rate=180/min ; 4656/6537 batches
[08:02:51]   +5 [overconfident_to_caveated] ; total=23017 ; rate=180/min ; 4657/6537 batches
[08:02:51]   +5 [overconfident_to_caveated] ; total=23022 ; rate=180/min ; 4658/6537 batches
[08:02:51]   +5 [overconfident_to_caveated] ; total=23027 ; rate=180/min ; 4659/6537 batches
[08:02:52]   +5 [overconfident_to_caveated] ; total=23032 ; rate=180/min ; 4660/6537 batches
[08:02:52]   +5 [overconfident_to_caveated] ; total=23037 ; rate=180/min ; 4661/6537 batches
[08:02:52]   +5 [overconfident_to_caveated] ; total=23042 ; rate=180/min ; 4662/6537 batches
[08:02:52]   +5 [overconfident_to_caveated] ; total=23047 ; rate=180/min ; 4663/6537 batches
[08:02:52]   +5 [overconfident_to_caveated] ; total=23052 ; rate=180/min ; 4664/6537 batches
[08:02:52]   +5 [overconfident_to_caveated] ; total=23057 ; rate=180/min ; 4665/6537 batches
[08:02:52]   +5 [overconfident_to_caveated] ; total=23062 ; rate=180/min ; 4666/6537 batches
[08:02:52]   +5 [overconfident_to_caveated] ; total=23067 ; rate=180/min ; 4667/6537 batches
[08:02:52]   +5 [overconfident_to_caveated] ; total=23072 ; rate=180/min ; 4668/6537 batches
[08:02:52]   +5 [overconfident_to_caveated] ; total=23077 ; rate=180/min ; 4669/6537 batches
[08:02:52]   +5 [overconfident_to_caveated] ; total=23082 ; rate=180/min ; 4670/6537 batches
[08:02:52]   +5 [overconfident_to_caveated] ; total=23087 ; rate=180/min ; 4671/6537 batches
[08:02:53]   +5 [overconfident_to_caveated] ; total=23092 ; rate=180/min ; 4672/6537 batches
[08:02:53]   +5 [overconfident_to_caveated] ; total=23097 ; rate=180/min ; 4673/6537 batches
[08:02:53]   +5 [overconfident_to_caveated] ; total=23102 ; rate=180/min ; 4674/6537 batches
[08:02:53]   +5 [overconfident_to_caveated] ; total=23107 ; rate=180/min ; 4675/6537 batches
[08:02:53]   +5 [overconfident_to_caveated] ; total=23112 ; rate=180/min ; 4676/6537 batches
[08:02:53]   +5 [overconfident_to_caveated] ; total=23117 ; rate=180/min ; 4677/6537 batches
[08:02:53]   +5 [overconfident_to_caveated] ; total=23122 ; rate=180/min ; 4678/6537 batches
[08:02:53]   +5 [overconfident_to_caveated] ; total=23127 ; rate=180/min ; 4679/6537 batches
[08:02:53]   +5 [overconfident_to_caveated] ; total=23132 ; rate=180/min ; 4680/6537 batches
[08:02:53]   +5 [overconfident_to_caveated] ; total=23137 ; rate=181/min ; 4681/6537 batches
[08:02:53]   +5 [overconfident_to_caveated] ; total=23142 ; rate=181/min ; 4682/6537 batches
[08:02:54]   +5 [overconfident_to_caveated] ; total=23147 ; rate=181/min ; 4683/6537 batches
[08:02:54]   +5 [overconfident_to_caveated] ; total=23152 ; rate=181/min ; 4684/6537 batches
[08:02:54]   +5 [overconfident_to_caveated] ; total=23157 ; rate=181/min ; 4685/6537 batches
[08:02:54]   +5 [overconfident_to_caveated] ; total=23162 ; rate=181/min ; 4686/6537 batches
[08:02:54]   +5 [overconfident_to_caveated] ; total=23167 ; rate=181/min ; 4687/6537 batches
[08:02:54]   +5 [overconfident_to_caveated] ; total=23172 ; rate=181/min ; 4688/6537 batches
[08:02:54]   +5 [overconfident_to_caveated] ; total=23177 ; rate=181/min ; 4689/6537 batches
[08:02:54]   +5 [overconfident_to_caveated] ; total=23182 ; rate=181/min ; 4690/6537 batches
[08:02:55]   +5 [overconfident_to_caveated] ; total=23187 ; rate=181/min ; 4691/6537 batches
[08:02:55]   +5 [overconfident_to_caveated] ; total=23192 ; rate=181/min ; 4692/6537 batches
[08:02:55]   +5 [overconfident_to_caveated] ; total=23197 ; rate=181/min ; 4693/6537 batches
[08:02:55]   +5 [overconfident_to_caveated] ; total=23202 ; rate=181/min ; 4694/6537 batches
[08:02:55]   +5 [overconfident_to_caveated] ; total=23207 ; rate=181/min ; 4695/6537 batches
[08:02:55]   +5 [overconfident_to_caveated] ; total=23212 ; rate=181/min ; 4696/6537 batches
[08:02:55]   +5 [overconfident_to_caveated] ; total=23217 ; rate=181/min ; 4697/6537 batches
[08:02:55]   +5 [overconfident_to_caveated] ; total=23222 ; rate=181/min ; 4698/6537 batches
[08:02:55]   +5 [overconfident_to_caveated] ; total=23227 ; rate=181/min ; 4699/6537 batches
[08:02:55]   +5 [overconfident_to_caveated] ; total=23232 ; rate=181/min ; 4700/6537 batches
[08:02:56]   +5 [overconfident_to_caveated] ; total=23237 ; rate=181/min ; 4701/6537 batches
[08:02:56]   +5 [overconfident_to_caveated] ; total=23242 ; rate=181/min ; 4702/6537 batches
[08:02:56]   +5 [overconfident_to_caveated] ; total=23247 ; rate=181/min ; 4703/6537 batches
[08:02:56]   +5 [overconfident_to_caveated] ; total=23252 ; rate=181/min ; 4704/6537 batches
[08:02:56]   +5 [overconfident_to_caveated] ; total=23257 ; rate=181/min ; 4705/6537 batches
[08:02:56]   +5 [overconfident_to_caveated] ; total=23262 ; rate=181/min ; 4706/6537 batches
[08:02:56]   +5 [overconfident_to_caveated] ; total=23267 ; rate=181/min ; 4707/6537 batches
[08:02:56]   +5 [overconfident_to_caveated] ; total=23272 ; rate=182/min ; 4708/6537 batches
[08:02:56]   +5 [overconfident_to_caveated] ; total=23277 ; rate=182/min ; 4709/6537 batches
[08:02:56]   +5 [overconfident_to_caveated] ; total=23282 ; rate=182/min ; 4710/6537 batches
[08:02:56]   +5 [overconfident_to_caveated] ; total=23287 ; rate=182/min ; 4711/6537 batches
[08:02:56]   +5 [overconfident_to_caveated] ; total=23292 ; rate=182/min ; 4712/6537 batches
[08:02:56]   +5 [overconfident_to_caveated] ; total=23297 ; rate=182/min ; 4713/6537 batches
[08:02:56]   +5 [overconfident_to_caveated] ; total=23302 ; rate=182/min ; 4714/6537 batches
[08:02:57]   +5 [overconfident_to_caveated] ; total=23307 ; rate=182/min ; 4715/6537 batches
[08:02:57]   +5 [overconfident_to_caveated] ; total=23312 ; rate=182/min ; 4716/6537 batches
[08:02:57]   +5 [overconfident_to_caveated] ; total=23317 ; rate=182/min ; 4717/6537 batches
[08:02:57]   +5 [overconfident_to_caveated] ; total=23322 ; rate=182/min ; 4718/6537 batches
[08:02:57]   +5 [overconfident_to_caveated] ; total=23327 ; rate=182/min ; 4719/6537 batches
[08:02:57]   +5 [overconfident_to_caveated] ; total=23332 ; rate=182/min ; 4720/6537 batches
[08:02:57]   +5 [overconfident_to_caveated] ; total=23337 ; rate=182/min ; 4721/6537 batches
[08:02:57]   +5 [overconfident_to_caveated] ; total=23342 ; rate=182/min ; 4722/6537 batches
[08:02:57]   +5 [overconfident_to_caveated] ; total=23347 ; rate=182/min ; 4723/6537 batches
[08:02:57]   +5 [overconfident_to_caveated] ; total=23352 ; rate=182/min ; 4724/6537 batches
[08:02:57]   +5 [overconfident_to_caveated] ; total=23357 ; rate=182/min ; 4725/6537 batches
[08:02:57]   +5 [overconfident_to_caveated] ; total=23362 ; rate=182/min ; 4726/6537 batches
[08:02:58]   +5 [overconfident_to_caveated] ; total=23367 ; rate=182/min ; 4727/6537 batches
[08:02:58]   +5 [overconfident_to_caveated] ; total=23372 ; rate=182/min ; 4728/6537 batches
[08:02:58]   +5 [overconfident_to_caveated] ; total=23377 ; rate=182/min ; 4729/6537 batches
[08:02:58]   +5 [overconfident_to_caveated] ; total=23382 ; rate=182/min ; 4730/6537 batches
[08:02:58]   +5 [overconfident_to_caveated] ; total=23387 ; rate=182/min ; 4731/6537 batches
[08:02:58]   +5 [overconfident_to_caveated] ; total=23392 ; rate=182/min ; 4732/6537 batches
[08:02:58]   +5 [overconfident_to_caveated] ; total=23397 ; rate=182/min ; 4733/6537 batches
[08:02:58]   +5 [overconfident_to_caveated] ; total=23402 ; rate=182/min ; 4734/6537 batches
[08:02:58]   +5 [overconfident_to_caveated] ; total=23407 ; rate=183/min ; 4735/6537 batches
[08:02:58]   +5 [overconfident_to_caveated] ; total=23412 ; rate=183/min ; 4736/6537 batches
[08:02:58]   +5 [overconfident_to_caveated] ; total=23417 ; rate=183/min ; 4737/6537 batches
[08:02:58]   +5 [overconfident_to_caveated] (succeeded on retry #2)
[08:02:58]   +5 [overconfident_to_caveated] ; total=23422 ; rate=183/min ; 4738/6537 batches
[08:02:58]   +5 [overconfident_to_caveated] ; total=23427 ; rate=183/min ; 4739/6537 batches
[08:02:58]   +5 [overconfident_to_caveated] ; total=23432 ; rate=183/min ; 4740/6537 batches
[08:02:59]   +5 [overconfident_to_caveated] ; total=23437 ; rate=183/min ; 4741/6537 batches
[08:02:59]   +5 [overconfident_to_caveated] ; total=23442 ; rate=183/min ; 4742/6537 batches
[08:02:59]   +5 [overconfident_to_caveated] ; total=23447 ; rate=183/min ; 4743/6537 batches
[08:02:59]   +5 [overconfident_to_caveated] ; total=23452 ; rate=183/min ; 4744/6537 batches
[08:02:59]   +5 [overconfident_to_caveated] ; total=23457 ; rate=183/min ; 4745/6537 batches
[08:02:59]   +5 [overconfident_to_caveated] ; total=23462 ; rate=183/min ; 4746/6537 batches
[08:02:59]   +5 [overconfident_to_caveated] ; total=23467 ; rate=183/min ; 4747/6537 batches
[08:02:59]   +5 [overconfident_to_caveated] ; total=23472 ; rate=183/min ; 4748/6537 batches
[08:02:59]   +5 [overconfident_to_caveated] ; total=23477 ; rate=183/min ; 4749/6537 batches
[08:02:59]   +5 [overconfident_to_caveated] ; total=23482 ; rate=183/min ; 4750/6537 batches
[08:02:59]   +5 [overconfident_to_caveated] ; total=23487 ; rate=183/min ; 4751/6537 batches
[08:02:59]   +5 [overconfident_to_caveated] ; total=23492 ; rate=183/min ; 4752/6537 batches
[08:02:59]   +5 [overconfident_to_caveated] ; total=23497 ; rate=183/min ; 4753/6537 batches
[08:02:59]   +5 [overconfident_to_caveated] ; total=23502 ; rate=183/min ; 4754/6537 batches
[08:02:59]   +5 [overconfident_to_caveated] (succeeded on retry #1)
[08:02:59]   +5 [overconfident_to_caveated] ; total=23507 ; rate=183/min ; 4755/6537 batches
[08:02:59]   +5 [overconfident_to_caveated] ; total=23512 ; rate=183/min ; 4756/6537 batches
[08:02:59]   +5 [overconfident_to_caveated] ; total=23517 ; rate=183/min ; 4757/6537 batches
[08:02:59]   +5 [overconfident_to_caveated] ; total=23522 ; rate=183/min ; 4758/6537 batches
[08:02:59]   +5 [overconfident_to_caveated] ; total=23527 ; rate=183/min ; 4759/6537 batches
[08:02:59]   +5 [overconfident_to_caveated] ; total=23532 ; rate=183/min ; 4760/6537 batches
[08:02:59]   +5 [overconfident_to_caveated] ; total=23537 ; rate=183/min ; 4761/6537 batches
[08:02:59]   +5 [overconfident_to_caveated] ; total=23542 ; rate=184/min ; 4762/6537 batches
[08:02:59]   +5 [overconfident_to_caveated] ; total=23547 ; rate=184/min ; 4763/6537 batches
[08:02:59]   +5 [overconfident_to_caveated] ; total=23552 ; rate=184/min ; 4764/6537 batches
[08:02:59]   +5 [overconfident_to_caveated] ; total=23557 ; rate=184/min ; 4765/6537 batches
[08:02:59]   +5 [overconfident_to_caveated] ; total=23562 ; rate=184/min ; 4766/6537 batches
[08:02:59]   +5 [overconfident_to_caveated] ; total=23567 ; rate=184/min ; 4767/6537 batches
[08:02:59]   +5 [overconfident_to_caveated] ; total=23572 ; rate=184/min ; 4768/6537 batches
[08:03:00]   +5 [overconfident_to_caveated] ; total=23577 ; rate=184/min ; 4769/6537 batches
[08:03:00]   +5 [overconfident_to_caveated] ; total=23582 ; rate=184/min ; 4770/6537 batches
[08:03:00]   +5 [overconfident_to_caveated] ; total=23587 ; rate=184/min ; 4771/6537 batches
[08:03:00]   +5 [overconfident_to_caveated] ; total=23592 ; rate=184/min ; 4772/6537 batches
[08:03:00]   +5 [overconfident_to_caveated] ; total=23597 ; rate=184/min ; 4773/6537 batches
[08:03:00]   +5 [overconfident_to_caveated] ; total=23602 ; rate=184/min ; 4774/6537 batches
[08:03:00]   +5 [overconfident_to_caveated] ; total=23607 ; rate=184/min ; 4775/6537 batches
[08:03:00]   +5 [overconfident_to_caveated] ; total=23612 ; rate=184/min ; 4776/6537 batches
[08:03:00]   +5 [overconfident_to_caveated] ; total=23617 ; rate=184/min ; 4777/6537 batches
[08:03:00]   +5 [overconfident_to_caveated] ; total=23622 ; rate=184/min ; 4778/6537 batches
[08:03:00]   +5 [overconfident_to_caveated] ; total=23627 ; rate=184/min ; 4779/6537 batches
[08:03:00]   +5 [overconfident_to_caveated] ; total=23632 ; rate=184/min ; 4780/6537 batches
[08:03:00]   +5 [overconfident_to_caveated] ; total=23637 ; rate=184/min ; 4781/6537 batches
[08:03:00]   +5 [overconfident_to_caveated] ; total=23642 ; rate=184/min ; 4782/6537 batches
[08:03:00]   +5 [overconfident_to_caveated] ; total=23647 ; rate=184/min ; 4783/6537 batches
[08:03:00]   +5 [overconfident_to_caveated] ; total=23652 ; rate=184/min ; 4784/6537 batches
[08:03:01]   +5 [overconfident_to_caveated] ; total=23657 ; rate=184/min ; 4785/6537 batches
[08:03:01]   +5 [overconfident_to_caveated] ; total=23662 ; rate=184/min ; 4786/6537 batches
[08:03:01]   +5 [overconfident_to_caveated] ; total=23667 ; rate=184/min ; 4787/6537 batches
[08:03:01]   +5 [overconfident_to_caveated] ; total=23672 ; rate=185/min ; 4788/6537 batches
[08:03:01]   +5 [overconfident_to_caveated] ; total=23677 ; rate=185/min ; 4789/6537 batches
[08:03:01]   +5 [overconfident_to_caveated] ; total=23682 ; rate=185/min ; 4790/6537 batches
[08:03:01]   +5 [overconfident_to_caveated] ; total=23687 ; rate=185/min ; 4791/6537 batches
[08:03:01]   +5 [overconfident_to_caveated] ; total=23692 ; rate=185/min ; 4792/6537 batches
[08:03:01]   +5 [overconfident_to_caveated] ; total=23697 ; rate=185/min ; 4793/6537 batches
[08:03:01]   +5 [overconfident_to_caveated] ; total=23702 ; rate=185/min ; 4794/6537 batches
[08:03:01]   +5 [overconfident_to_caveated] ; total=23707 ; rate=185/min ; 4795/6537 batches
[08:03:01]   +5 [overconfident_to_caveated] ; total=23712 ; rate=185/min ; 4796/6537 batches
[08:03:01]   +5 [overconfident_to_caveated] ; total=23717 ; rate=185/min ; 4797/6537 batches
[08:03:01]   +5 [overconfident_to_caveated] ; total=23722 ; rate=185/min ; 4798/6537 batches
[08:03:01]   +5 [overconfident_to_caveated] ; total=23727 ; rate=185/min ; 4799/6537 batches
[08:03:02]   +5 [overconfident_to_caveated] ; total=23732 ; rate=185/min ; 4800/6537 batches
[08:03:02]   +5 [overconfident_to_caveated] ; total=23737 ; rate=185/min ; 4801/6537 batches
[08:03:02]   +5 [overconfident_to_caveated] ; total=23742 ; rate=185/min ; 4802/6537 batches
[08:03:02]   +5 [overconfident_to_caveated] (succeeded on retry #1)
[08:03:02]   +5 [overconfident_to_caveated] ; total=23747 ; rate=185/min ; 4803/6537 batches
[08:03:02]   +5 [overconfident_to_caveated] ; total=23752 ; rate=185/min ; 4804/6537 batches
[08:03:02]   +5 [overconfident_to_caveated] ; total=23757 ; rate=185/min ; 4805/6537 batches
[08:03:02]   +5 [overconfident_to_caveated] ; total=23762 ; rate=185/min ; 4806/6537 batches
[08:03:02]   +5 [overconfident_to_caveated] ; total=23767 ; rate=185/min ; 4807/6537 batches
[08:03:02]   +5 [overconfident_to_caveated] ; total=23772 ; rate=185/min ; 4808/6537 batches
[08:03:02]   +5 [overconfident_to_caveated] ; total=23777 ; rate=185/min ; 4809/6537 batches
[08:03:02]   +5 [overconfident_to_caveated] ; total=23782 ; rate=185/min ; 4810/6537 batches
[08:03:02]   +5 [overconfident_to_caveated] ; total=23787 ; rate=185/min ; 4811/6537 batches
[08:03:02]   +5 [overconfident_to_caveated] ; total=23792 ; rate=185/min ; 4812/6537 batches
[08:03:02]   +5 [overconfident_to_caveated] ; total=23797 ; rate=185/min ; 4813/6537 batches
[08:03:02]   +5 [overconfident_to_caveated] ; total=23802 ; rate=185/min ; 4814/6537 batches
[08:03:02]   +5 [overconfident_to_caveated] ; total=23807 ; rate=186/min ; 4815/6537 batches
[08:03:02]   +5 [overconfident_to_caveated] ; total=23812 ; rate=186/min ; 4816/6537 batches
[08:03:02]   +5 [overconfident_to_caveated] ; total=23817 ; rate=186/min ; 4817/6537 batches
[08:03:02]   +5 [overconfident_to_caveated] ; total=23822 ; rate=186/min ; 4818/6537 batches
[08:03:02]   +5 [overconfident_to_caveated] ; total=23827 ; rate=186/min ; 4819/6537 batches
[08:03:02]   +5 [overconfident_to_caveated] ; total=23832 ; rate=186/min ; 4820/6537 batches
[08:03:02]   +5 [overconfident_to_caveated] ; total=23837 ; rate=186/min ; 4821/6537 batches
[08:03:02]   +5 [overconfident_to_caveated] ; total=23842 ; rate=186/min ; 4822/6537 batches
[08:03:02]   +5 [overconfident_to_caveated] ; total=23847 ; rate=186/min ; 4823/6537 batches
[08:03:03]   +5 [overconfident_to_caveated] ; total=23852 ; rate=186/min ; 4824/6537 batches
[08:03:03]   +5 [overconfident_to_caveated] ; total=23857 ; rate=186/min ; 4825/6537 batches
[08:03:03]   +5 [overconfident_to_caveated] ; total=23862 ; rate=186/min ; 4826/6537 batches
[08:03:03]   +5 [overconfident_to_caveated] ; total=23867 ; rate=186/min ; 4827/6537 batches
[08:03:03]   +5 [overconfident_to_caveated] ; total=23872 ; rate=186/min ; 4828/6537 batches
[08:03:03]   +5 [overconfident_to_caveated] ; total=23877 ; rate=186/min ; 4829/6537 batches
[08:03:03]   +5 [overconfident_to_caveated] ; total=23882 ; rate=186/min ; 4830/6537 batches
[08:03:03]   +5 [overconfident_to_caveated] ; total=23887 ; rate=186/min ; 4831/6537 batches
[08:03:03]   +5 [overconfident_to_caveated] ; total=23892 ; rate=186/min ; 4832/6537 batches
[08:03:03]   +5 [overconfident_to_caveated] ; total=23897 ; rate=186/min ; 4833/6537 batches
[08:03:03]   +5 [overconfident_to_caveated] ; total=23902 ; rate=186/min ; 4834/6537 batches
[08:03:03]   +5 [overconfident_to_caveated] ; total=23907 ; rate=186/min ; 4835/6537 batches
[08:03:03]   +5 [overconfident_to_caveated] ; total=23912 ; rate=186/min ; 4836/6537 batches
[08:03:03]   +5 [overconfident_to_caveated] ; total=23917 ; rate=186/min ; 4837/6537 batches
[08:03:03]   +5 [overconfident_to_caveated] ; total=23922 ; rate=186/min ; 4838/6537 batches
[08:03:03]   +5 [overconfident_to_caveated] ; total=23927 ; rate=186/min ; 4839/6537 batches
[08:03:03]   +5 [overconfident_to_caveated] ; total=23932 ; rate=186/min ; 4840/6537 batches
[08:03:03]   +5 [overconfident_to_caveated] ; total=23937 ; rate=187/min ; 4841/6537 batches
[08:03:03]   +5 [overconfident_to_caveated] ; total=23942 ; rate=187/min ; 4842/6537 batches
[08:03:03]   +5 [overconfident_to_caveated] ; total=23947 ; rate=187/min ; 4843/6537 batches
[08:03:03]   +5 [overconfident_to_caveated] ; total=23952 ; rate=187/min ; 4844/6537 batches
[08:03:03]   +5 [overconfident_to_caveated] ; total=23957 ; rate=187/min ; 4845/6537 batches
[08:03:03]   +5 [overconfident_to_caveated] ; total=23962 ; rate=187/min ; 4846/6537 batches
[08:03:03]   +5 [overconfident_to_caveated] ; total=23967 ; rate=187/min ; 4847/6537 batches
[08:03:03]   +5 [overconfident_to_caveated] ; total=23972 ; rate=187/min ; 4848/6537 batches
[08:03:03]   +5 [overconfident_to_caveated] ; total=23977 ; rate=187/min ; 4849/6537 batches
[08:03:03]   +5 [overconfident_to_caveated] ; total=23982 ; rate=187/min ; 4850/6537 batches
[08:03:03]   +5 [overconfident_to_caveated] ; total=23987 ; rate=187/min ; 4851/6537 batches
[08:03:03]   +5 [overconfident_to_caveated] ; total=23992 ; rate=187/min ; 4852/6537 batches
[08:03:03]   +5 [overconfident_to_caveated] ; total=23997 ; rate=187/min ; 4853/6537 batches
[08:03:03]   +5 [overconfident_to_caveated] ; total=24002 ; rate=187/min ; 4854/6537 batches
[08:03:04]   +5 [overconfident_to_caveated] ; total=24007 ; rate=187/min ; 4855/6537 batches
[08:03:04]   +5 [overconfident_to_caveated] ; total=24012 ; rate=187/min ; 4856/6537 batches
[08:03:04]   +5 [overconfident_to_caveated] ; total=24017 ; rate=187/min ; 4857/6537 batches
[08:03:04]   +5 [overconfident_to_caveated] ; total=24022 ; rate=187/min ; 4858/6537 batches
[08:03:04]   +5 [overconfident_to_caveated] ; total=24027 ; rate=187/min ; 4859/6537 batches
[08:03:04]   +5 [overconfident_to_caveated] ; total=24032 ; rate=187/min ; 4860/6537 batches
[08:03:04]   +5 [overconfident_to_caveated] ; total=24037 ; rate=187/min ; 4861/6537 batches
[08:03:04]   +5 [overconfident_to_caveated] ; total=24042 ; rate=187/min ; 4862/6537 batches
[08:03:04]   +5 [overconfident_to_caveated] ; total=24047 ; rate=187/min ; 4863/6537 batches
[08:03:04]   +5 [overconfident_to_caveated] ; total=24052 ; rate=187/min ; 4864/6537 batches
[08:03:04]   +5 [overconfident_to_caveated] ; total=24057 ; rate=187/min ; 4865/6537 batches
[08:03:04]   +5 [overconfident_to_caveated] ; total=24062 ; rate=187/min ; 4866/6537 batches
[08:03:04]   +5 [overconfident_to_caveated] ; total=24067 ; rate=188/min ; 4867/6537 batches
[08:03:04]   +5 [overconfident_to_caveated] ; total=24072 ; rate=188/min ; 4868/6537 batches
[08:03:04]   +5 [overconfident_to_caveated] ; total=24077 ; rate=188/min ; 4869/6537 batches
[08:03:04]   +5 [overconfident_to_caveated] ; total=24082 ; rate=188/min ; 4870/6537 batches
[08:03:04]   +5 [overconfident_to_caveated] ; total=24087 ; rate=188/min ; 4871/6537 batches
[08:03:04]   +5 [overconfident_to_caveated] ; total=24092 ; rate=188/min ; 4872/6537 batches
[08:03:04]   +5 [overconfident_to_caveated] ; total=24097 ; rate=188/min ; 4873/6537 batches
[08:03:04]   +5 [overconfident_to_caveated] ; total=24102 ; rate=188/min ; 4874/6537 batches
[08:03:04]   +5 [overconfident_to_caveated] ; total=24107 ; rate=188/min ; 4875/6537 batches
[08:03:04]   +5 [overconfident_to_caveated] ; total=24112 ; rate=188/min ; 4876/6537 batches
[08:03:04]   +5 [overconfident_to_caveated] ; total=24117 ; rate=188/min ; 4877/6537 batches
[08:03:04]   +5 [overconfident_to_caveated] ; total=24122 ; rate=188/min ; 4878/6537 batches
[08:03:04]   +5 [overconfident_to_caveated] ; total=24127 ; rate=188/min ; 4879/6537 batches
[08:03:04]   +5 [overconfident_to_caveated] ; total=24132 ; rate=188/min ; 4880/6537 batches
[08:03:04]   +5 [overconfident_to_caveated] ; total=24137 ; rate=188/min ; 4881/6537 batches
[08:03:04]   +5 [overconfident_to_caveated] ; total=24142 ; rate=188/min ; 4882/6537 batches
[08:03:04]   +5 [overconfident_to_caveated] ; total=24147 ; rate=188/min ; 4883/6537 batches
[08:03:04]   +5 [overconfident_to_caveated] ; total=24152 ; rate=188/min ; 4884/6537 batches
[08:03:04]   +5 [overconfident_to_caveated] ; total=24157 ; rate=188/min ; 4885/6537 batches
[08:03:04]   +5 [overconfident_to_caveated] ; total=24162 ; rate=188/min ; 4886/6537 batches
[08:03:04]   +5 [overconfident_to_caveated] ; total=24167 ; rate=188/min ; 4887/6537 batches
[08:03:04]   +5 [overconfident_to_caveated] ; total=24172 ; rate=188/min ; 4888/6537 batches
[08:03:04]   +5 [overconfident_to_caveated] ; total=24177 ; rate=188/min ; 4889/6537 batches
[08:03:04]   +5 [overconfident_to_caveated] ; total=24182 ; rate=188/min ; 4890/6537 batches
[08:03:05]   +5 [overconfident_to_caveated] ; total=24187 ; rate=188/min ; 4891/6537 batches
[08:03:05]   +5 [overconfident_to_caveated] ; total=24192 ; rate=188/min ; 4892/6537 batches
[08:03:05]   +5 [overconfident_to_caveated] ; total=24197 ; rate=189/min ; 4893/6537 batches
[08:03:05]   +5 [overconfident_to_caveated] ; total=24202 ; rate=189/min ; 4894/6537 batches
[08:03:05]   +5 [overconfident_to_caveated] ; total=24207 ; rate=189/min ; 4895/6537 batches
[08:03:05]   +5 [overconfident_to_caveated] ; total=24212 ; rate=189/min ; 4896/6537 batches
[08:03:05]   +5 [overconfident_to_caveated] ; total=24217 ; rate=189/min ; 4897/6537 batches
[08:03:05]   +5 [overconfident_to_caveated] ; total=24222 ; rate=189/min ; 4898/6537 batches
[08:03:05]   +5 [overconfident_to_caveated] ; total=24227 ; rate=189/min ; 4899/6537 batches
[08:03:05]   +5 [overconfident_to_caveated] ; total=24232 ; rate=189/min ; 4900/6537 batches
[08:03:05]   +5 [overconfident_to_caveated] ; total=24237 ; rate=189/min ; 4901/6537 batches
[08:03:05]   +5 [overconfident_to_caveated] ; total=24242 ; rate=189/min ; 4902/6537 batches
[08:03:05]   +5 [overconfident_to_caveated] ; total=24247 ; rate=189/min ; 4903/6537 batches
[08:03:05]   +5 [overconfident_to_caveated] ; total=24252 ; rate=189/min ; 4904/6537 batches
[08:03:05]   +5 [overconfident_to_caveated] ; total=24257 ; rate=189/min ; 4905/6537 batches
[08:03:05]   +5 [overconfident_to_caveated] ; total=24262 ; rate=189/min ; 4906/6537 batches
[08:03:05]   +5 [overconfident_to_caveated] ; total=24267 ; rate=189/min ; 4907/6537 batches
[08:03:05]   +5 [overconfident_to_caveated] ; total=24272 ; rate=189/min ; 4908/6537 batches
[08:03:05]   +5 [overconfident_to_caveated] ; total=24277 ; rate=189/min ; 4909/6537 batches
[08:03:05]   +5 [overconfident_to_caveated] ; total=24282 ; rate=189/min ; 4910/6537 batches
[08:03:05]   +5 [overconfident_to_caveated] ; total=24287 ; rate=189/min ; 4911/6537 batches
[08:03:05]   +5 [overconfident_to_caveated] ; total=24292 ; rate=189/min ; 4912/6537 batches
[08:03:05]   +5 [overconfident_to_caveated] ; total=24297 ; rate=189/min ; 4913/6537 batches
[08:03:05]   +5 [overconfident_to_caveated] ; total=24302 ; rate=189/min ; 4914/6537 batches
[08:03:05]   +5 [overconfident_to_caveated] ; total=24307 ; rate=189/min ; 4915/6537 batches
[08:03:05]   +5 [overconfident_to_caveated] ; total=24312 ; rate=189/min ; 4916/6537 batches
[08:03:05]   +5 [overconfident_to_caveated] ; total=24317 ; rate=189/min ; 4917/6537 batches
[08:03:05]   +5 [overconfident_to_caveated] ; total=24322 ; rate=189/min ; 4918/6537 batches
[08:03:05]   +5 [overconfident_to_caveated] ; total=24327 ; rate=190/min ; 4919/6537 batches
[08:03:05]   +5 [overconfident_to_caveated] ; total=24332 ; rate=190/min ; 4920/6537 batches
[08:03:06]   +5 [overconfident_to_caveated] ; total=24337 ; rate=190/min ; 4921/6537 batches
[08:03:06]   +5 [overconfident_to_caveated] ; total=24342 ; rate=190/min ; 4922/6537 batches
[08:03:06]   +5 [overconfident_to_caveated] ; total=24347 ; rate=190/min ; 4923/6537 batches
[08:03:06]   +5 [overconfident_to_caveated] ; total=24352 ; rate=190/min ; 4924/6537 batches
[08:03:06]   +5 [overconfident_to_caveated] ; total=24357 ; rate=190/min ; 4925/6537 batches
[08:03:06]   +5 [overconfident_to_caveated] ; total=24362 ; rate=190/min ; 4926/6537 batches
[08:03:06]   +5 [overconfident_to_caveated] ; total=24367 ; rate=190/min ; 4927/6537 batches
[08:03:06]   +5 [overconfident_to_caveated] ; total=24372 ; rate=190/min ; 4928/6537 batches
[08:03:06]   +5 [overconfident_to_caveated] ; total=24377 ; rate=190/min ; 4929/6537 batches
[08:03:06]   +5 [overconfident_to_caveated] ; total=24382 ; rate=190/min ; 4930/6537 batches
[08:03:06]   +5 [overconfident_to_caveated] ; total=24387 ; rate=190/min ; 4931/6537 batches
[08:03:06]   +5 [overconfident_to_caveated] ; total=24392 ; rate=190/min ; 4932/6537 batches
[08:03:06]   +5 [overconfident_to_caveated] ; total=24397 ; rate=190/min ; 4933/6537 batches
[08:03:06]   +5 [overconfident_to_caveated] ; total=24402 ; rate=190/min ; 4934/6537 batches
[08:03:06]   +5 [overconfident_to_caveated] ; total=24407 ; rate=190/min ; 4935/6537 batches
[08:03:06]   +5 [overconfident_to_caveated] ; total=24412 ; rate=190/min ; 4936/6537 batches
[08:03:06]   +5 [overconfident_to_caveated] ; total=24417 ; rate=190/min ; 4937/6537 batches
[08:03:06]   +5 [overconfident_to_caveated] ; total=24422 ; rate=190/min ; 4938/6537 batches
[08:03:06]   +5 [overconfident_to_caveated] ; total=24427 ; rate=190/min ; 4939/6537 batches
[08:03:06]   +5 [overconfident_to_caveated] ; total=24432 ; rate=190/min ; 4940/6537 batches
[08:03:06]   +5 [overconfident_to_caveated] ; total=24437 ; rate=190/min ; 4941/6537 batches
[08:03:06]   +5 [overconfident_to_caveated] ; total=24442 ; rate=190/min ; 4942/6537 batches
[08:03:06]   +5 [overconfident_to_caveated] ; total=24447 ; rate=190/min ; 4943/6537 batches
[08:03:06]   +5 [overconfident_to_caveated] ; total=24452 ; rate=190/min ; 4944/6537 batches
[08:03:06]   +5 [overconfident_to_caveated] ; total=24457 ; rate=190/min ; 4945/6537 batches
[08:03:06]   +5 [overconfident_to_caveated] ; total=24462 ; rate=191/min ; 4946/6537 batches
[08:03:06]   +5 [overconfident_to_caveated] ; total=24467 ; rate=191/min ; 4947/6537 batches
[08:03:06]   +5 [overconfident_to_caveated] ; total=24472 ; rate=191/min ; 4948/6537 batches
[08:03:06]   +5 [overconfident_to_caveated] ; total=24477 ; rate=191/min ; 4949/6537 batches
[08:03:07]   +5 [overconfident_to_caveated] ; total=24482 ; rate=191/min ; 4950/6537 batches
[08:03:07]   +5 [overconfident_to_caveated] ; total=24487 ; rate=191/min ; 4951/6537 batches
[08:03:07]   +5 [overconfident_to_caveated] ; total=24492 ; rate=191/min ; 4952/6537 batches
[08:03:07]   +5 [overconfident_to_caveated] ; total=24497 ; rate=191/min ; 4953/6537 batches
[08:03:07]   +5 [overconfident_to_caveated] ; total=24502 ; rate=191/min ; 4954/6537 batches
[08:03:07]   +5 [overconfident_to_caveated] ; total=24507 ; rate=191/min ; 4955/6537 batches
[08:03:07]   +5 [overconfident_to_caveated] ; total=24512 ; rate=191/min ; 4956/6537 batches
[08:03:07]   +5 [overconfident_to_caveated] ; total=24517 ; rate=191/min ; 4957/6537 batches
[08:03:07]   +5 [overconfident_to_caveated] ; total=24522 ; rate=191/min ; 4958/6537 batches
[08:03:07]   +5 [overconfident_to_caveated] ; total=24527 ; rate=191/min ; 4959/6537 batches
[08:03:07]   +5 [overconfident_to_caveated] ; total=24532 ; rate=191/min ; 4960/6537 batches
[08:03:07]   +5 [overconfident_to_caveated] ; total=24537 ; rate=191/min ; 4961/6537 batches
[08:03:07]   +5 [overconfident_to_caveated] ; total=24542 ; rate=191/min ; 4962/6537 batches
[08:03:07]   +5 [overconfident_to_caveated] ; total=24547 ; rate=191/min ; 4963/6537 batches
[08:03:07]   +5 [overconfident_to_caveated] ; total=24552 ; rate=191/min ; 4964/6537 batches
[08:03:07]   +5 [overconfident_to_caveated] ; total=24557 ; rate=191/min ; 4965/6537 batches
[08:03:07]   +5 [overconfident_to_caveated] ; total=24562 ; rate=191/min ; 4966/6537 batches
[08:03:07]   +5 [overconfident_to_caveated] ; total=24567 ; rate=191/min ; 4967/6537 batches
[08:03:07]   +5 [overconfident_to_caveated] ; total=24572 ; rate=191/min ; 4968/6537 batches
[08:03:07]   +5 [overconfident_to_caveated] ; total=24577 ; rate=191/min ; 4969/6537 batches
[08:03:07]   +5 [overconfident_to_caveated] ; total=24582 ; rate=191/min ; 4970/6537 batches
[08:03:07]   +5 [overconfident_to_caveated] ; total=24587 ; rate=191/min ; 4971/6537 batches
[08:03:07]   +5 [overconfident_to_caveated] ; total=24592 ; rate=192/min ; 4972/6537 batches
[08:03:07]   +5 [overconfident_to_caveated] ; total=24597 ; rate=192/min ; 4973/6537 batches
[08:03:07]   +5 [overconfident_to_caveated] ; total=24602 ; rate=192/min ; 4974/6537 batches
[08:03:07]   +5 [overconfident_to_caveated] ; total=24607 ; rate=192/min ; 4975/6537 batches
[08:03:07]   +5 [overconfident_to_caveated] ; total=24612 ; rate=192/min ; 4976/6537 batches
[08:03:07]   +5 [overconfident_to_caveated] ; total=24617 ; rate=192/min ; 4977/6537 batches
[08:03:07]   +5 [overconfident_to_caveated] ; total=24622 ; rate=192/min ; 4978/6537 batches
[08:03:07]   +5 [overconfident_to_caveated] ; total=24627 ; rate=192/min ; 4979/6537 batches
[08:03:07]   +5 [overconfident_to_caveated] ; total=24632 ; rate=192/min ; 4980/6537 batches
[08:03:07]   +5 [overconfident_to_caveated] ; total=24637 ; rate=192/min ; 4981/6537 batches
[08:03:07]   +5 [overconfident_to_caveated] ; total=24642 ; rate=192/min ; 4982/6537 batches
[08:03:07]   +5 [overconfident_to_caveated] ; total=24647 ; rate=192/min ; 4983/6537 batches
[08:03:07]   +5 [overconfident_to_caveated] ; total=24652 ; rate=192/min ; 4984/6537 batches
[08:03:08]   +5 [overconfident_to_caveated] ; total=24657 ; rate=192/min ; 4985/6537 batches
[08:03:08]   +5 [overconfident_to_caveated] ; total=24662 ; rate=192/min ; 4986/6537 batches
[08:03:08]   +5 [overconfident_to_caveated] ; total=24667 ; rate=192/min ; 4987/6537 batches
[08:03:08]   +5 [overconfident_to_caveated] ; total=24672 ; rate=192/min ; 4988/6537 batches
[08:03:08]   +5 [overconfident_to_caveated] ; total=24677 ; rate=192/min ; 4989/6537 batches
[08:03:08]   +5 [overconfident_to_caveated] ; total=24682 ; rate=192/min ; 4990/6537 batches
[08:03:08]   +5 [overconfident_to_caveated] ; total=24687 ; rate=192/min ; 4991/6537 batches
[08:03:08]   +5 [overconfident_to_caveated] ; total=24692 ; rate=192/min ; 4992/6537 batches
[08:03:08]   +5 [overconfident_to_caveated] ; total=24697 ; rate=192/min ; 4993/6537 batches
[08:03:08]   +5 [overconfident_to_caveated] ; total=24702 ; rate=192/min ; 4994/6537 batches
[08:03:08]   +5 [overconfident_to_caveated] ; total=24707 ; rate=192/min ; 4995/6537 batches
[08:03:08]   +5 [overconfident_to_caveated] ; total=24712 ; rate=192/min ; 4996/6537 batches
[08:03:08]   +5 [overconfident_to_caveated] ; total=24717 ; rate=192/min ; 4997/6537 batches
[08:03:08]   +5 [overconfident_to_caveated] ; total=24722 ; rate=193/min ; 4998/6537 batches
[08:03:08]   +5 [overconfident_to_caveated] ; total=24727 ; rate=193/min ; 4999/6537 batches
[08:03:08]   +5 [overconfident_to_caveated] ; total=24732 ; rate=193/min ; 5000/6537 batches
[08:03:08]   +5 [overconfident_to_caveated] ; total=24737 ; rate=193/min ; 5001/6537 batches
[08:03:08]   +5 [overconfident_to_caveated] ; total=24742 ; rate=193/min ; 5002/6537 batches
[08:03:08]   +5 [overconfident_to_caveated] ; total=24747 ; rate=193/min ; 5003/6537 batches
[08:03:08]   +5 [overconfident_to_caveated] ; total=24752 ; rate=193/min ; 5004/6537 batches
[08:03:08]   +5 [overconfident_to_caveated] ; total=24757 ; rate=193/min ; 5005/6537 batches
[08:03:08]   +5 [overconfident_to_caveated] ; total=24762 ; rate=193/min ; 5006/6537 batches
[08:03:08]   +5 [overconfident_to_caveated] ; total=24767 ; rate=193/min ; 5007/6537 batches
[08:03:08]   +5 [overconfident_to_caveated] ; total=24772 ; rate=193/min ; 5008/6537 batches
[08:03:08]   +5 [overconfident_to_caveated] ; total=24777 ; rate=193/min ; 5009/6537 batches
[08:03:08]   +5 [overconfident_to_caveated] ; total=24782 ; rate=193/min ; 5010/6537 batches
[08:03:09]   +5 [overconfident_to_caveated] ; total=24787 ; rate=193/min ; 5011/6537 batches
[08:03:09]   +5 [overconfident_to_caveated] ; total=24792 ; rate=193/min ; 5012/6537 batches
[08:03:09]   +5 [overconfident_to_caveated] ; total=24797 ; rate=193/min ; 5013/6537 batches
[08:03:09]   +5 [overconfident_to_caveated] ; total=24802 ; rate=193/min ; 5014/6537 batches
[08:03:09]   +5 [overconfident_to_caveated] ; total=24807 ; rate=193/min ; 5015/6537 batches
[08:03:09]   +5 [overconfident_to_caveated] ; total=24812 ; rate=193/min ; 5016/6537 batches
[08:03:09]   +5 [overconfident_to_caveated] ; total=24817 ; rate=193/min ; 5017/6537 batches
[08:03:09]   +5 [overconfident_to_caveated] ; total=24822 ; rate=193/min ; 5018/6537 batches
[08:03:09]   +5 [overconfident_to_caveated] ; total=24827 ; rate=193/min ; 5019/6537 batches
[08:03:09]   +5 [overconfident_to_caveated] ; total=24832 ; rate=193/min ; 5020/6537 batches
[08:03:09]   +5 [overconfident_to_caveated] ; total=24837 ; rate=193/min ; 5021/6537 batches
[08:03:09]   +5 [overconfident_to_caveated] ; total=24842 ; rate=193/min ; 5022/6537 batches
[08:03:09]   +5 [overconfident_to_caveated] ; total=24847 ; rate=193/min ; 5023/6537 batches
[08:03:09]   +5 [overconfident_to_caveated] ; total=24852 ; rate=194/min ; 5024/6537 batches
[08:03:09]   +5 [overconfident_to_caveated] ; total=24857 ; rate=194/min ; 5025/6537 batches
[08:03:09]   +5 [overconfident_to_caveated] ; total=24862 ; rate=194/min ; 5026/6537 batches
[08:03:09]   +5 [overconfident_to_caveated] ; total=24867 ; rate=194/min ; 5027/6537 batches
[08:03:09]   +5 [overconfident_to_caveated] ; total=24872 ; rate=194/min ; 5028/6537 batches
[08:03:09]   +5 [overconfident_to_caveated] ; total=24877 ; rate=194/min ; 5029/6537 batches
[08:03:09]   +5 [overconfident_to_caveated] ; total=24882 ; rate=194/min ; 5030/6537 batches
[08:03:09]   +5 [overconfident_to_caveated] ; total=24887 ; rate=194/min ; 5031/6537 batches
[08:03:09]   +5 [overconfident_to_caveated] ; total=24892 ; rate=194/min ; 5032/6537 batches
[08:03:09]   +5 [overconfident_to_caveated] ; total=24897 ; rate=194/min ; 5033/6537 batches
[08:03:09]   +5 [overconfident_to_caveated] ; total=24902 ; rate=194/min ; 5034/6537 batches
[08:03:09]   +5 [overconfident_to_caveated] ; total=24907 ; rate=194/min ; 5035/6537 batches
[08:03:09]   +5 [overconfident_to_caveated] ; total=24912 ; rate=194/min ; 5036/6537 batches
[08:03:10]   +5 [overconfident_to_caveated] ; total=24917 ; rate=194/min ; 5037/6537 batches
[08:03:10]   +5 [overconfident_to_caveated] ; total=24922 ; rate=194/min ; 5038/6537 batches
[08:03:10]   +5 [overconfident_to_caveated] ; total=24927 ; rate=194/min ; 5039/6537 batches
[08:03:10]   +5 [overconfident_to_caveated] ; total=24932 ; rate=194/min ; 5040/6537 batches
[08:03:10]   +5 [overconfident_to_caveated] ; total=24937 ; rate=194/min ; 5041/6537 batches
[08:03:10]   +5 [overconfident_to_caveated] ; total=24942 ; rate=194/min ; 5042/6537 batches
[08:03:10]   +5 [overconfident_to_caveated] ; total=24947 ; rate=194/min ; 5043/6537 batches
[08:03:10]   +5 [overconfident_to_caveated] ; total=24952 ; rate=194/min ; 5044/6537 batches
[08:03:10]   +5 [overconfident_to_caveated] ; total=24957 ; rate=194/min ; 5045/6537 batches
[08:03:10]   +5 [overconfident_to_caveated] ; total=24962 ; rate=194/min ; 5046/6537 batches
[08:03:10]   +5 [overconfident_to_caveated] ; total=24967 ; rate=194/min ; 5047/6537 batches
[08:03:10]   +5 [overconfident_to_caveated] ; total=24972 ; rate=194/min ; 5048/6537 batches
[08:03:10]   +5 [overconfident_to_caveated] ; total=24977 ; rate=194/min ; 5049/6537 batches
[08:03:10]   +5 [overconfident_to_caveated] ; total=24982 ; rate=194/min ; 5050/6537 batches
[08:03:10]   +5 [overconfident_to_caveated] ; total=24987 ; rate=195/min ; 5051/6537 batches
[08:03:10]   +5 [overconfident_to_caveated] ; total=24992 ; rate=195/min ; 5052/6537 batches
[08:03:10]   +5 [overconfident_to_caveated] ; total=24997 ; rate=195/min ; 5053/6537 batches
[08:03:10]   +5 [overconfident_to_caveated] ; total=25002 ; rate=195/min ; 5054/6537 batches
[08:03:10]   +5 [overconfident_to_caveated] ; total=25007 ; rate=195/min ; 5055/6537 batches
[08:03:10]   +5 [overconfident_to_caveated] ; total=25012 ; rate=195/min ; 5056/6537 batches
[08:03:10]   +5 [overconfident_to_caveated] ; total=25017 ; rate=195/min ; 5057/6537 batches
[08:03:10]   +5 [overconfident_to_caveated] ; total=25022 ; rate=195/min ; 5058/6537 batches
[08:03:10]   +5 [overconfident_to_caveated] ; total=25027 ; rate=195/min ; 5059/6537 batches
[08:03:10]   +5 [overconfident_to_caveated] ; total=25032 ; rate=195/min ; 5060/6537 batches
[08:03:10]   +5 [overconfident_to_caveated] ; total=25037 ; rate=195/min ; 5061/6537 batches
[08:03:10]   +5 [overconfident_to_caveated] ; total=25042 ; rate=195/min ; 5062/6537 batches
[08:03:11]   +5 [overconfident_to_caveated] ; total=25047 ; rate=195/min ; 5063/6537 batches
[08:03:11]   +5 [overconfident_to_caveated] ; total=25052 ; rate=195/min ; 5064/6537 batches
[08:03:11]   +5 [overconfident_to_caveated] ; total=25057 ; rate=195/min ; 5065/6537 batches
[08:03:11]   +5 [overconfident_to_caveated] ; total=25062 ; rate=195/min ; 5066/6537 batches
[08:03:11]   +5 [overconfident_to_caveated] ; total=25067 ; rate=195/min ; 5067/6537 batches
[08:03:11]   +5 [overconfident_to_caveated] ; total=25072 ; rate=195/min ; 5068/6537 batches
[08:03:11]   +5 [overconfident_to_caveated] ; total=25077 ; rate=195/min ; 5069/6537 batches
[08:03:11]   +5 [overconfident_to_caveated] ; total=25082 ; rate=195/min ; 5070/6537 batches
[08:03:11]   +5 [overconfident_to_caveated] ; total=25087 ; rate=195/min ; 5071/6537 batches
[08:03:11]   +5 [overconfident_to_caveated] ; total=25092 ; rate=195/min ; 5072/6537 batches
[08:03:11]   +5 [overconfident_to_caveated] ; total=25097 ; rate=195/min ; 5073/6537 batches
[08:03:11]   +5 [overconfident_to_caveated] ; total=25102 ; rate=195/min ; 5074/6537 batches
[08:03:11]   +5 [overconfident_to_caveated] ; total=25107 ; rate=195/min ; 5075/6537 batches
[08:03:11]   +5 [overconfident_to_caveated] ; total=25112 ; rate=195/min ; 5076/6537 batches
[08:03:11]   +5 [overconfident_to_caveated] ; total=25117 ; rate=196/min ; 5077/6537 batches
[08:03:11]   +5 [overconfident_to_caveated] ; total=25122 ; rate=196/min ; 5078/6537 batches
[08:03:11]   +5 [overconfident_to_caveated] ; total=25127 ; rate=196/min ; 5079/6537 batches
[08:03:11]   +5 [overconfident_to_caveated] ; total=25132 ; rate=196/min ; 5080/6537 batches
[08:03:11]   +5 [overconfident_to_caveated] ; total=25137 ; rate=196/min ; 5081/6537 batches
[08:03:11]   +5 [overconfident_to_caveated] ; total=25142 ; rate=196/min ; 5082/6537 batches
[08:03:11]   +5 [overconfident_to_caveated] ; total=25147 ; rate=196/min ; 5083/6537 batches
[08:03:11]   +5 [overconfident_to_caveated] ; total=25152 ; rate=196/min ; 5084/6537 batches
[08:03:11]   +5 [overconfident_to_caveated] ; total=25157 ; rate=196/min ; 5085/6537 batches
[08:03:11]   +5 [overconfident_to_caveated] ; total=25162 ; rate=196/min ; 5086/6537 batches
[08:03:12]   +5 [overconfident_to_caveated] ; total=25167 ; rate=196/min ; 5087/6537 batches
[08:03:12]   +5 [overconfident_to_caveated] ; total=25172 ; rate=196/min ; 5088/6537 batches
[08:03:12]   +5 [overconfident_to_caveated] ; total=25177 ; rate=196/min ; 5089/6537 batches
[08:03:12]   +5 [overconfident_to_caveated] ; total=25182 ; rate=196/min ; 5090/6537 batches
[08:03:12]   +5 [overconfident_to_caveated] ; total=25187 ; rate=196/min ; 5091/6537 batches
[08:03:12]   +5 [overconfident_to_caveated] ; total=25192 ; rate=196/min ; 5092/6537 batches
[08:03:12]   +5 [overconfident_to_caveated] ; total=25197 ; rate=196/min ; 5093/6537 batches
[08:03:12]   +5 [overconfident_to_caveated] ; total=25202 ; rate=196/min ; 5094/6537 batches
[08:03:12]   +5 [overconfident_to_caveated] ; total=25207 ; rate=196/min ; 5095/6537 batches
[08:03:12]   +5 [overconfident_to_caveated] ; total=25212 ; rate=196/min ; 5096/6537 batches
[08:03:12]   +5 [overconfident_to_caveated] ; total=25217 ; rate=196/min ; 5097/6537 batches
[08:03:12]   +5 [overconfident_to_caveated] ; total=25222 ; rate=196/min ; 5098/6537 batches
[08:03:12]   +5 [overconfident_to_caveated] ; total=25227 ; rate=196/min ; 5099/6537 batches
[08:03:12]   +5 [overconfident_to_caveated] ; total=25232 ; rate=196/min ; 5100/6537 batches
[08:03:12]   +5 [overconfident_to_caveated] ; total=25237 ; rate=196/min ; 5101/6537 batches
[08:03:13]   +5 [overconfident_to_caveated] ; total=25242 ; rate=196/min ; 5102/6537 batches
[08:03:13]   +5 [overconfident_to_caveated] ; total=25247 ; rate=196/min ; 5103/6537 batches
[08:03:13]   +5 [overconfident_to_caveated] ; total=25252 ; rate=197/min ; 5104/6537 batches
[08:03:13]   +5 [overconfident_to_caveated] ; total=25257 ; rate=197/min ; 5105/6537 batches
[08:03:13]   +5 [overconfident_to_caveated] ; total=25262 ; rate=197/min ; 5106/6537 batches
[08:03:13]   +5 [overconfident_to_caveated] ; total=25267 ; rate=197/min ; 5107/6537 batches
[08:03:14]   +5 [overconfident_to_caveated] ; total=25272 ; rate=197/min ; 5108/6537 batches
[08:03:14]   +5 [overconfident_to_caveated] ; total=25277 ; rate=197/min ; 5109/6537 batches
[08:03:14]   +5 [overconfident_to_caveated] ; total=25282 ; rate=197/min ; 5110/6537 batches
[08:03:14]   +5 [overconfident_to_caveated] ; total=25287 ; rate=197/min ; 5111/6537 batches
[08:03:14]   +5 [overconfident_to_caveated] ; total=25292 ; rate=197/min ; 5112/6537 batches
[08:03:14]   +5 [overconfident_to_caveated] ; total=25297 ; rate=197/min ; 5113/6537 batches
[08:03:14]   +5 [overconfident_to_caveated] ; total=25302 ; rate=197/min ; 5114/6537 batches
[08:03:14]   +5 [overconfident_to_caveated] ; total=25307 ; rate=197/min ; 5115/6537 batches
[08:03:15]   +5 [overconfident_to_caveated] ; total=25312 ; rate=197/min ; 5116/6537 batches
[08:03:15]   +5 [overconfident_to_caveated] ; total=25317 ; rate=197/min ; 5117/6537 batches
[08:03:15]   +5 [overconfident_to_caveated] ; total=25322 ; rate=197/min ; 5118/6537 batches
[08:03:15]   +5 [overconfident_to_caveated] ; total=25327 ; rate=197/min ; 5119/6537 batches
[08:03:15]   +5 [overconfident_to_caveated] ; total=25332 ; rate=197/min ; 5120/6537 batches
[08:03:16]   +5 [overconfident_to_caveated] ; total=25337 ; rate=197/min ; 5121/6537 batches
[08:03:16]   +5 [overconfident_to_caveated] ; total=25342 ; rate=197/min ; 5122/6537 batches
[08:03:16]   +5 [overconfident_to_caveated] ; total=25347 ; rate=197/min ; 5123/6537 batches
[08:03:16]   +5 [overconfident_to_caveated] ; total=25352 ; rate=197/min ; 5124/6537 batches
[08:03:16]   +5 [overconfident_to_caveated] ; total=25357 ; rate=197/min ; 5125/6537 batches
[08:03:16]   +5 [overconfident_to_caveated] ; total=25362 ; rate=197/min ; 5126/6537 batches
[08:03:16]   +5 [overconfident_to_caveated] ; total=25367 ; rate=197/min ; 5127/6537 batches
[08:03:16]   +5 [overconfident_to_caveated] ; total=25372 ; rate=197/min ; 5128/6537 batches
[08:03:16]   +5 [overconfident_to_caveated] ; total=25377 ; rate=197/min ; 5129/6537 batches
[08:03:16]   +5 [overconfident_to_caveated] ; total=25382 ; rate=197/min ; 5130/6537 batches
[08:03:16]   +5 [overconfident_to_caveated] ; total=25387 ; rate=197/min ; 5131/6537 batches
[08:03:17]   +5 [overconfident_to_caveated] ; total=25392 ; rate=198/min ; 5132/6537 batches
[08:03:17]   +5 [overconfident_to_caveated] ; total=25397 ; rate=198/min ; 5133/6537 batches
[08:03:17]   +5 [overconfident_to_caveated] ; total=25402 ; rate=198/min ; 5134/6537 batches
[08:03:17]   +5 [overconfident_to_caveated] ; total=25407 ; rate=198/min ; 5135/6537 batches
[08:03:17]   +5 [overconfident_to_caveated] ; total=25412 ; rate=198/min ; 5136/6537 batches
[08:03:17]   +5 [overconfident_to_caveated] ; total=25417 ; rate=198/min ; 5137/6537 batches
[08:03:17]   +5 [overconfident_to_caveated] ; total=25422 ; rate=198/min ; 5138/6537 batches
[08:03:17]   +5 [overconfident_to_caveated] ; total=25427 ; rate=198/min ; 5139/6537 batches
[08:03:17]   +5 [overconfident_to_caveated] ; total=25432 ; rate=198/min ; 5140/6537 batches
[08:03:17]   +5 [overconfident_to_caveated] ; total=25437 ; rate=198/min ; 5141/6537 batches
[08:03:17]   +5 [overconfident_to_caveated] ; total=25442 ; rate=198/min ; 5142/6537 batches
[08:03:17]   +5 [overconfident_to_caveated] ; total=25447 ; rate=198/min ; 5143/6537 batches
[08:03:17]   +5 [overconfident_to_caveated] ; total=25452 ; rate=198/min ; 5144/6537 batches
[08:03:17]   +5 [overconfident_to_caveated] ; total=25457 ; rate=198/min ; 5145/6537 batches
[08:03:18]   +5 [overconfident_to_caveated] ; total=25462 ; rate=198/min ; 5146/6537 batches
[08:03:18]   +5 [overconfident_to_caveated] ; total=25467 ; rate=198/min ; 5147/6537 batches
[08:03:18]   +5 [overconfident_to_caveated] ; total=25472 ; rate=198/min ; 5148/6537 batches
[08:03:18]   +5 [overconfident_to_caveated] ; total=25477 ; rate=198/min ; 5149/6537 batches
[08:03:18]   +5 [overconfident_to_caveated] ; total=25482 ; rate=198/min ; 5150/6537 batches
[08:03:18]   +5 [overconfident_to_caveated] ; total=25487 ; rate=198/min ; 5151/6537 batches
[08:03:18]   +5 [overconfident_to_caveated] ; total=25492 ; rate=198/min ; 5152/6537 batches
[08:03:18]   +5 [overconfident_to_caveated] ; total=25497 ; rate=198/min ; 5153/6537 batches
[08:03:18]   +5 [overconfident_to_caveated] ; total=25502 ; rate=198/min ; 5154/6537 batches
[08:03:18]   +5 [overconfident_to_caveated] ; total=25507 ; rate=198/min ; 5155/6537 batches
[08:03:19]   +5 [overconfident_to_caveated] ; total=25512 ; rate=198/min ; 5156/6537 batches
[08:03:19]   +5 [overconfident_to_caveated] ; total=25517 ; rate=198/min ; 5157/6537 batches
[08:03:19]   +5 [overconfident_to_caveated] ; total=25522 ; rate=198/min ; 5158/6537 batches
[08:03:19]   +5 [overconfident_to_caveated] ; total=25527 ; rate=199/min ; 5159/6537 batches
[08:03:19]   +5 [overconfident_to_caveated] ; total=25532 ; rate=199/min ; 5160/6537 batches
[08:03:19]   +5 [overconfident_to_caveated] ; total=25537 ; rate=199/min ; 5161/6537 batches
[08:03:19]   +5 [overconfident_to_caveated] ; total=25542 ; rate=199/min ; 5162/6537 batches
[08:03:19]   +5 [overconfident_to_caveated] ; total=25547 ; rate=199/min ; 5163/6537 batches
[08:03:19]   +5 [overconfident_to_caveated] ; total=25552 ; rate=199/min ; 5164/6537 batches
[08:03:19]   +5 [overconfident_to_caveated] ; total=25557 ; rate=199/min ; 5165/6537 batches
[08:03:19]   +5 [overconfident_to_caveated] ; total=25562 ; rate=199/min ; 5166/6537 batches
[08:03:19]   +5 [overconfident_to_caveated] ; total=25567 ; rate=199/min ; 5167/6537 batches
[08:03:19]   +5 [overconfident_to_caveated] ; total=25572 ; rate=199/min ; 5168/6537 batches
[08:03:19]   +5 [overconfident_to_caveated] ; total=25577 ; rate=199/min ; 5169/6537 batches
[08:03:19]   +5 [overconfident_to_caveated] ; total=25582 ; rate=199/min ; 5170/6537 batches
[08:03:20]   +5 [overconfident_to_caveated] ; total=25587 ; rate=199/min ; 5171/6537 batches
[08:03:20]   +5 [overconfident_to_caveated] ; total=25592 ; rate=199/min ; 5172/6537 batches
[08:03:20]   +5 [overconfident_to_caveated] ; total=25597 ; rate=199/min ; 5173/6537 batches
[08:03:20]   +5 [overconfident_to_caveated] ; total=25602 ; rate=199/min ; 5174/6537 batches
[08:03:20]   +5 [overconfident_to_caveated] ; total=25607 ; rate=199/min ; 5175/6537 batches
[08:03:20]   +5 [overconfident_to_caveated] ; total=25612 ; rate=199/min ; 5176/6537 batches
[08:03:20]   +5 [overconfident_to_caveated] ; total=25617 ; rate=199/min ; 5177/6537 batches
[08:03:20]   +5 [overconfident_to_caveated] ; total=25622 ; rate=199/min ; 5178/6537 batches
[08:03:20]   +5 [overconfident_to_caveated] ; total=25627 ; rate=199/min ; 5179/6537 batches
[08:03:20]   +5 [overconfident_to_caveated] ; total=25632 ; rate=199/min ; 5180/6537 batches
[08:03:20]   +5 [overconfident_to_caveated] ; total=25637 ; rate=199/min ; 5181/6537 batches
[08:03:20]   +5 [overconfident_to_caveated] ; total=25642 ; rate=199/min ; 5182/6537 batches
[08:03:20]   +5 [overconfident_to_caveated] ; total=25647 ; rate=199/min ; 5183/6537 batches
[08:03:20]   +5 [overconfident_to_caveated] ; total=25652 ; rate=199/min ; 5184/6537 batches
[08:03:20]   +5 [overconfident_to_caveated] ; total=25657 ; rate=199/min ; 5185/6537 batches
[08:03:20]   +5 [overconfident_to_caveated] ; total=25662 ; rate=200/min ; 5186/6537 batches
[08:03:20]   +5 [overconfident_to_caveated] ; total=25667 ; rate=200/min ; 5187/6537 batches
[08:04:09]   +5 [impermissible_request] ; total=25672 ; rate=198/min ; 5188/6537 batches
[08:04:10]   +5 [impermissible_request] ; total=25677 ; rate=198/min ; 5189/6537 batches
[08:04:12]   +5 [impermissible_request] ; total=25682 ; rate=198/min ; 5190/6537 batches
[08:04:21]   FAIL [impermissible_request]: empty_or_unparseable_after_retry
[08:04:49]   +5 [impermissible_request] ; total=25687 ; rate=197/min ; 5191/6537 batches
[08:04:56]   +5 [impermissible_request] ; total=25692 ; rate=197/min ; 5192/6537 batches
[08:05:00]   +5 [impermissible_request] ; total=25697 ; rate=197/min ; 5193/6537 batches
[08:05:01]   +5 [impermissible_request] ; total=25702 ; rate=197/min ; 5194/6537 batches
[08:05:38]   +5 [impermissible_request] ; total=25707 ; rate=196/min ; 5195/6537 batches
[08:05:40]   +1 [impermissible_request] ; total=25708 ; rate=196/min ; 5196/6537 batches
[08:05:46]   +5 [impermissible_request] ; total=25713 ; rate=196/min ; 5197/6537 batches
[08:05:46]   +5 [impermissible_request] ; total=25718 ; rate=196/min ; 5198/6537 batches
[08:05:46]   +5 [impermissible_request] ; total=25723 ; rate=196/min ; 5199/6537 batches
[08:05:46]   +5 [impermissible_request] ; total=25728 ; rate=196/min ; 5200/6537 batches
[08:05:46]   +5 [impermissible_request] ; total=25733 ; rate=196/min ; 5201/6537 batches
[08:05:46]   +5 [impermissible_request] ; total=25738 ; rate=196/min ; 5202/6537 batches
[08:05:47]   +5 [impermissible_request] ; total=25743 ; rate=196/min ; 5203/6537 batches
[08:05:47]   +5 [impermissible_request] ; total=25748 ; rate=196/min ; 5204/6537 batches
[08:05:47]   +5 [impermissible_request] ; total=25753 ; rate=196/min ; 5205/6537 batches
[08:05:47]   +5 [impermissible_request] ; total=25758 ; rate=197/min ; 5206/6537 batches
[08:05:49]   +5 [impermissible_request] ; total=25763 ; rate=197/min ; 5207/6537 batches
[08:05:49]   +1 [impermissible_request] ; total=25764 ; rate=197/min ; 5208/6537 batches
[08:06:20]   FAIL [impermissible_request]: empty_or_unparseable_after_retry
[08:06:22]   +5 [impermissible_request] ; total=25769 ; rate=196/min ; 5209/6537 batches
[08:06:22]   +5 [impermissible_request] ; total=25774 ; rate=196/min ; 5210/6537 batches
[08:06:22]   +5 [impermissible_request] ; total=25779 ; rate=196/min ; 5211/6537 batches
[08:06:23]   +5 [impermissible_request] ; total=25784 ; rate=196/min ; 5212/6537 batches
[08:06:23]   +5 [impermissible_request] ; total=25789 ; rate=196/min ; 5213/6537 batches
[08:06:23]   +5 [impermissible_request] ; total=25794 ; rate=196/min ; 5214/6537 batches
[08:06:23]   +5 [impermissible_request] ; total=25799 ; rate=196/min ; 5215/6537 batches
[08:06:23]   +5 [impermissible_request] ; total=25804 ; rate=196/min ; 5216/6537 batches
[08:06:23]   +5 [impermissible_request] ; total=25809 ; rate=196/min ; 5217/6537 batches
[08:06:23]   +5 [impermissible_request] ; total=25814 ; rate=196/min ; 5218/6537 batches
[08:06:23]   +5 [impermissible_request] ; total=25819 ; rate=196/min ; 5219/6537 batches
[08:06:23]   +1 [impermissible_request] ; total=25820 ; rate=196/min ; 5220/6537 batches
[08:06:23]   +5 [impermissible_request] ; total=25825 ; rate=196/min ; 5221/6537 batches
[08:06:28]   +5 [impermissible_request] ; total=25830 ; rate=196/min ; 5222/6537 batches
[08:06:28]   +5 [impermissible_request] ; total=25835 ; rate=196/min ; 5223/6537 batches
[08:06:28]   +5 [impermissible_request] ; total=25840 ; rate=196/min ; 5224/6537 batches
[08:06:28]   +5 [impermissible_request] ; total=25845 ; rate=196/min ; 5225/6537 batches
[08:06:28]   +5 [impermissible_request] ; total=25850 ; rate=196/min ; 5226/6537 batches
[08:06:28]   +5 [impermissible_request] ; total=25855 ; rate=196/min ; 5227/6537 batches
[08:06:28]   +5 [impermissible_request] ; total=25860 ; rate=196/min ; 5228/6537 batches
[08:06:28]   +5 [impermissible_request] ; total=25865 ; rate=196/min ; 5229/6537 batches
[08:06:28]   +5 [impermissible_request] ; total=25870 ; rate=196/min ; 5230/6537 batches
[08:06:28]   +5 [impermissible_request] ; total=25875 ; rate=196/min ; 5231/6537 batches
[08:06:28]   +5 [impermissible_request] ; total=25880 ; rate=196/min ; 5232/6537 batches
[08:06:28]   +1 [impermissible_request] ; total=25881 ; rate=196/min ; 5233/6537 batches
[08:06:28]   +5 [impermissible_request] ; total=25886 ; rate=196/min ; 5234/6537 batches
[08:06:34]   +5 [impermissible_request] (succeeded on retry #1)
[08:06:34]   +5 [impermissible_request] ; total=25891 ; rate=196/min ; 5235/6537 batches
[08:06:35]   +5 [impermissible_request] ; total=25896 ; rate=196/min ; 5236/6537 batches
[08:06:35]   +5 [impermissible_request] ; total=25901 ; rate=196/min ; 5237/6537 batches
[08:06:35]   +5 [impermissible_request] ; total=25906 ; rate=196/min ; 5238/6537 batches
[08:06:35]   +5 [impermissible_request] ; total=25911 ; rate=197/min ; 5239/6537 batches
[08:06:35]   +5 [impermissible_request] ; total=25916 ; rate=197/min ; 5240/6537 batches
[08:06:35]   +5 [impermissible_request] ; total=25921 ; rate=197/min ; 5241/6537 batches
[08:06:35]   +5 [impermissible_request] ; total=25926 ; rate=197/min ; 5242/6537 batches
[08:06:35]   +5 [impermissible_request] ; total=25931 ; rate=197/min ; 5243/6537 batches
[08:06:35]   +5 [impermissible_request] ; total=25936 ; rate=197/min ; 5244/6537 batches
[08:06:35]   +5 [impermissible_request] ; total=25941 ; rate=197/min ; 5245/6537 batches
[08:06:35]   +1 [impermissible_request] ; total=25942 ; rate=197/min ; 5246/6537 batches
[08:06:35]   +5 [impermissible_request] ; total=25947 ; rate=197/min ; 5247/6537 batches
[08:07:01]   FAIL [impermissible_request]: empty_or_unparseable_after_retry
[08:07:01]   +5 [impermissible_request] ; total=25952 ; rate=196/min ; 5248/6537 batches
[08:07:01]   +5 [impermissible_request] ; total=25957 ; rate=196/min ; 5249/6537 batches
[08:07:01]   +5 [impermissible_request] ; total=25962 ; rate=196/min ; 5250/6537 batches
[08:07:01]   +5 [impermissible_request] ; total=25967 ; rate=196/min ; 5251/6537 batches
[08:07:01]   +5 [impermissible_request] ; total=25972 ; rate=196/min ; 5252/6537 batches
[08:07:01]   +5 [impermissible_request] ; total=25977 ; rate=196/min ; 5253/6537 batches
[08:07:01]   +5 [impermissible_request] ; total=25982 ; rate=196/min ; 5254/6537 batches
[08:07:01]   +5 [impermissible_request] ; total=25987 ; rate=196/min ; 5255/6537 batches
[08:07:01]   +5 [impermissible_request] ; total=25992 ; rate=196/min ; 5256/6537 batches
[08:07:01]   +5 [impermissible_request] ; total=25997 ; rate=196/min ; 5257/6537 batches
[08:07:01]   +1 [impermissible_request] ; total=25998 ; rate=196/min ; 5258/6537 batches
[08:07:02]   +5 [impermissible_request] ; total=26003 ; rate=197/min ; 5259/6537 batches
[08:07:03]   FAIL [impermissible_request]: empty_or_unparseable_after_retry
[08:07:03]   +5 [impermissible_request] ; total=26008 ; rate=197/min ; 5260/6537 batches
[08:07:03]   +5 [impermissible_request] ; total=26013 ; rate=197/min ; 5261/6537 batches
[08:07:04]   +5 [impermissible_request] ; total=26018 ; rate=197/min ; 5262/6537 batches
[08:07:04]   +5 [impermissible_request] ; total=26023 ; rate=197/min ; 5263/6537 batches
[08:07:04]   +5 [impermissible_request] ; total=26028 ; rate=197/min ; 5264/6537 batches
[08:07:04]   +5 [impermissible_request] ; total=26033 ; rate=197/min ; 5265/6537 batches
[08:07:04]   +5 [impermissible_request] ; total=26038 ; rate=197/min ; 5266/6537 batches
[08:07:04]   +5 [impermissible_request] ; total=26043 ; rate=197/min ; 5267/6537 batches
[08:07:04]   +5 [impermissible_request] ; total=26048 ; rate=197/min ; 5268/6537 batches
[08:07:04]   +5 [impermissible_request] ; total=26053 ; rate=197/min ; 5269/6537 batches
[08:07:04]   +1 [impermissible_request] ; total=26054 ; rate=197/min ; 5270/6537 batches
[08:07:04]   +5 [impermissible_request] ; total=26059 ; rate=197/min ; 5271/6537 batches
[08:07:09]   FAIL [impermissible_request]: empty_or_unparseable_after_retry
[08:07:09]   +5 [impermissible_request] ; total=26064 ; rate=197/min ; 5272/6537 batches
[08:07:09]   +5 [impermissible_request] ; total=26069 ; rate=197/min ; 5273/6537 batches
[08:07:09]   +5 [impermissible_request] ; total=26074 ; rate=197/min ; 5274/6537 batches
[08:07:09]   +5 [impermissible_request] ; total=26079 ; rate=197/min ; 5275/6537 batches
[08:07:09]   +5 [impermissible_request] ; total=26084 ; rate=197/min ; 5276/6537 batches
[08:07:09]   +5 [impermissible_request] ; total=26089 ; rate=197/min ; 5277/6537 batches
[08:07:09]   +5 [impermissible_request] ; total=26094 ; rate=197/min ; 5278/6537 batches
[08:07:09]   +5 [impermissible_request] ; total=26099 ; rate=197/min ; 5279/6537 batches
[08:07:10]   +5 [impermissible_request] ; total=26104 ; rate=197/min ; 5280/6537 batches
[08:07:10]   +5 [impermissible_request] ; total=26109 ; rate=197/min ; 5281/6537 batches
[08:07:10]   +1 [impermissible_request] ; total=26110 ; rate=197/min ; 5282/6537 batches
[08:07:10]   +5 [impermissible_request] ; total=26115 ; rate=197/min ; 5283/6537 batches
[08:07:16]   FAIL [impermissible_request]: empty_or_unparseable_after_retry
[08:07:16]   +5 [impermissible_request] ; total=26120 ; rate=197/min ; 5284/6537 batches
[08:07:16]   +5 [impermissible_request] ; total=26125 ; rate=197/min ; 5285/6537 batches
[08:07:16]   +5 [impermissible_request] ; total=26130 ; rate=197/min ; 5286/6537 batches
[08:07:16]   +5 [impermissible_request] ; total=26135 ; rate=197/min ; 5287/6537 batches
[08:07:16]   +5 [impermissible_request] ; total=26140 ; rate=197/min ; 5288/6537 batches
[08:07:16]   +5 [impermissible_request] ; total=26145 ; rate=197/min ; 5289/6537 batches
[08:07:16]   +5 [impermissible_request] ; total=26150 ; rate=197/min ; 5290/6537 batches
[08:07:16]   +5 [impermissible_request] ; total=26155 ; rate=197/min ; 5291/6537 batches
[08:07:16]   +5 [impermissible_request] ; total=26160 ; rate=197/min ; 5292/6537 batches
[08:07:17]   +5 [impermissible_request] ; total=26165 ; rate=197/min ; 5293/6537 batches
[08:07:17]   +1 [impermissible_request] ; total=26166 ; rate=197/min ; 5294/6537 batches
[08:07:17]   +5 [impermissible_request] ; total=26171 ; rate=197/min ; 5295/6537 batches
[08:07:42]   FAIL [impermissible_request]: empty_or_unparseable_after_retry
[08:07:42]   +5 [impermissible_request] ; total=26176 ; rate=197/min ; 5296/6537 batches
[08:07:42]   +5 [impermissible_request] ; total=26181 ; rate=197/min ; 5297/6537 batches
[08:07:42]   +5 [impermissible_request] ; total=26186 ; rate=197/min ; 5298/6537 batches
[08:07:42]   +5 [impermissible_request] ; total=26191 ; rate=197/min ; 5299/6537 batches
[08:07:42]   +5 [impermissible_request] ; total=26196 ; rate=197/min ; 5300/6537 batches
[08:07:42]   +5 [impermissible_request] ; total=26201 ; rate=197/min ; 5301/6537 batches
[08:07:42]   +5 [impermissible_request] ; total=26206 ; rate=197/min ; 5302/6537 batches
[08:07:42]   +5 [impermissible_request] ; total=26211 ; rate=197/min ; 5303/6537 batches
[08:07:42]   +5 [impermissible_request] ; total=26216 ; rate=197/min ; 5304/6537 batches
[08:07:42]   +5 [impermissible_request] ; total=26221 ; rate=197/min ; 5305/6537 batches
[08:07:42]   +1 [impermissible_request] ; total=26222 ; rate=197/min ; 5306/6537 batches
[08:07:43]   +5 [impermissible_request] ; total=26227 ; rate=197/min ; 5307/6537 batches
[08:07:44]   FAIL [impermissible_request]: empty_or_unparseable_after_retry
[08:07:44]   +5 [impermissible_request] ; total=26232 ; rate=197/min ; 5308/6537 batches
[08:07:45]   +5 [impermissible_request] ; total=26237 ; rate=197/min ; 5309/6537 batches
[08:07:45]   +5 [impermissible_request] ; total=26242 ; rate=197/min ; 5310/6537 batches
[08:07:45]   +5 [impermissible_request] ; total=26247 ; rate=197/min ; 5311/6537 batches
[08:07:45]   +5 [impermissible_request] ; total=26252 ; rate=197/min ; 5312/6537 batches
[08:07:45]   +5 [impermissible_request] ; total=26257 ; rate=197/min ; 5313/6537 batches
[08:07:45]   +5 [impermissible_request] ; total=26262 ; rate=197/min ; 5314/6537 batches
[08:07:45]   +5 [impermissible_request] ; total=26267 ; rate=197/min ; 5315/6537 batches
[08:07:45]   +5 [impermissible_request] ; total=26272 ; rate=197/min ; 5316/6537 batches
[08:07:45]   +5 [impermissible_request] ; total=26277 ; rate=198/min ; 5317/6537 batches
[08:07:45]   +1 [impermissible_request] ; total=26278 ; rate=198/min ; 5318/6537 batches
[08:07:45]   +5 [impermissible_request] ; total=26283 ; rate=198/min ; 5319/6537 batches
[08:07:50]   FAIL [impermissible_request]: empty_or_unparseable_after_retry
[08:07:50]   +5 [impermissible_request] ; total=26288 ; rate=197/min ; 5320/6537 batches
[08:07:50]   +5 [impermissible_request] ; total=26293 ; rate=198/min ; 5321/6537 batches
[08:07:50]   +5 [impermissible_request] ; total=26298 ; rate=198/min ; 5322/6537 batches
[08:07:50]   +5 [impermissible_request] ; total=26303 ; rate=198/min ; 5323/6537 batches
[08:07:51]   +5 [impermissible_request] ; total=26308 ; rate=198/min ; 5324/6537 batches
[08:07:51]   +5 [impermissible_request] ; total=26313 ; rate=198/min ; 5325/6537 batches
[08:07:51]   +5 [impermissible_request] ; total=26318 ; rate=198/min ; 5326/6537 batches
[08:07:51]   +5 [impermissible_request] ; total=26323 ; rate=198/min ; 5327/6537 batches
[08:07:51]   +5 [impermissible_request] ; total=26328 ; rate=198/min ; 5328/6537 batches
[08:07:51]   +5 [impermissible_request] ; total=26333 ; rate=198/min ; 5329/6537 batches
[08:07:51]   +1 [impermissible_request] ; total=26334 ; rate=198/min ; 5330/6537 batches
[08:07:51]   +5 [impermissible_request] ; total=26339 ; rate=198/min ; 5331/6537 batches
[08:07:57]   FAIL [impermissible_request]: empty_or_unparseable_after_retry
[08:07:57]   +5 [impermissible_request] ; total=26344 ; rate=198/min ; 5332/6537 batches
[08:07:57]   +5 [impermissible_request] ; total=26349 ; rate=198/min ; 5333/6537 batches
[08:07:57]   +5 [impermissible_request] ; total=26354 ; rate=198/min ; 5334/6537 batches
[08:07:57]   +5 [impermissible_request] ; total=26359 ; rate=198/min ; 5335/6537 batches
[08:07:57]   +5 [impermissible_request] ; total=26364 ; rate=198/min ; 5336/6537 batches
[08:07:57]   +5 [impermissible_request] ; total=26369 ; rate=198/min ; 5337/6537 batches
[08:07:57]   +5 [impermissible_request] ; total=26374 ; rate=198/min ; 5338/6537 batches
[08:07:57]   +5 [impermissible_request] ; total=26379 ; rate=198/min ; 5339/6537 batches
[08:07:58]   +5 [impermissible_request] ; total=26384 ; rate=198/min ; 5340/6537 batches
[08:07:58]   +5 [impermissible_request] ; total=26389 ; rate=198/min ; 5341/6537 batches
[08:07:58]   +1 [impermissible_request] ; total=26390 ; rate=198/min ; 5342/6537 batches
[08:07:58]   +5 [impermissible_request] ; total=26395 ; rate=198/min ; 5343/6537 batches
[08:08:23]   FAIL [impermissible_request]: empty_or_unparseable_after_retry
[08:08:23]   +5 [impermissible_request] ; total=26400 ; rate=198/min ; 5344/6537 batches
[08:08:23]   +5 [impermissible_request] ; total=26405 ; rate=198/min ; 5345/6537 batches
[08:08:23]   +5 [impermissible_request] ; total=26410 ; rate=198/min ; 5346/6537 batches
[08:08:23]   +5 [impermissible_request] ; total=26415 ; rate=198/min ; 5347/6537 batches
[08:08:23]   +5 [impermissible_request] ; total=26420 ; rate=198/min ; 5348/6537 batches
[08:08:23]   +5 [impermissible_request] ; total=26425 ; rate=198/min ; 5349/6537 batches
[08:08:23]   +5 [impermissible_request] ; total=26430 ; rate=198/min ; 5350/6537 batches
[08:08:23]   +5 [impermissible_request] ; total=26435 ; rate=198/min ; 5351/6537 batches
[08:08:23]   +5 [impermissible_request] ; total=26440 ; rate=198/min ; 5352/6537 batches
[08:08:24]   +5 [impermissible_request] ; total=26445 ; rate=198/min ; 5353/6537 batches
[08:08:24]   +1 [impermissible_request] ; total=26446 ; rate=198/min ; 5354/6537 batches
[08:08:24]   +5 [impermissible_request] ; total=26451 ; rate=198/min ; 5355/6537 batches
[08:08:26]   FAIL [impermissible_request]: empty_or_unparseable_after_retry
[08:08:26]   +5 [impermissible_request] ; total=26456 ; rate=198/min ; 5356/6537 batches
[08:08:26]   +5 [impermissible_request] ; total=26461 ; rate=198/min ; 5357/6537 batches
[08:08:26]   +5 [impermissible_request] ; total=26466 ; rate=198/min ; 5358/6537 batches
[08:08:26]   +5 [impermissible_request] ; total=26471 ; rate=198/min ; 5359/6537 batches
[08:08:26]   +5 [impermissible_request] ; total=26476 ; rate=198/min ; 5360/6537 batches
[08:08:26]   +5 [impermissible_request] ; total=26481 ; rate=198/min ; 5361/6537 batches
[08:08:26]   +5 [impermissible_request] ; total=26486 ; rate=198/min ; 5362/6537 batches
[08:08:26]   +5 [impermissible_request] ; total=26491 ; rate=198/min ; 5363/6537 batches
[08:08:26]   +5 [impermissible_request] ; total=26496 ; rate=198/min ; 5364/6537 batches
[08:08:27]   +5 [impermissible_request] ; total=26501 ; rate=198/min ; 5365/6537 batches
[08:08:27]   +1 [impermissible_request] ; total=26502 ; rate=198/min ; 5366/6537 batches
[08:08:27]   +5 [impermissible_request] ; total=26507 ; rate=198/min ; 5367/6537 batches
[08:08:32]   FAIL [impermissible_request]: empty_or_unparseable_after_retry
[08:08:32]   +5 [impermissible_request] ; total=26512 ; rate=198/min ; 5368/6537 batches
[08:08:32]   +5 [impermissible_request] ; total=26517 ; rate=198/min ; 5369/6537 batches
[08:08:32]   +5 [impermissible_request] ; total=26522 ; rate=198/min ; 5370/6537 batches
[08:08:32]   +5 [impermissible_request] ; total=26527 ; rate=198/min ; 5371/6537 batches
[08:08:32]   +5 [impermissible_request] ; total=26532 ; rate=198/min ; 5372/6537 batches
[08:08:32]   +5 [impermissible_request] ; total=26537 ; rate=198/min ; 5373/6537 batches
[08:08:32]   +5 [impermissible_request] ; total=26542 ; rate=198/min ; 5374/6537 batches
[08:08:32]   +5 [impermissible_request] ; total=26547 ; rate=198/min ; 5375/6537 batches
[08:08:32]   +5 [impermissible_request] ; total=26552 ; rate=198/min ; 5376/6537 batches
[08:08:32]   +5 [impermissible_request] ; total=26557 ; rate=198/min ; 5377/6537 batches
[08:08:32]   +1 [impermissible_request] ; total=26558 ; rate=198/min ; 5378/6537 batches
[08:08:32]   +5 [impermissible_request] ; total=26563 ; rate=198/min ; 5379/6537 batches
[08:08:38]   FAIL [impermissible_request]: empty_or_unparseable_after_retry
[08:08:38]   +5 [impermissible_request] ; total=26568 ; rate=198/min ; 5380/6537 batches
[08:08:38]   +5 [impermissible_request] ; total=26573 ; rate=198/min ; 5381/6537 batches
[08:08:38]   +5 [impermissible_request] ; total=26578 ; rate=198/min ; 5382/6537 batches
[08:08:38]   +5 [impermissible_request] ; total=26583 ; rate=198/min ; 5383/6537 batches
[08:08:38]   +5 [impermissible_request] ; total=26588 ; rate=199/min ; 5384/6537 batches
[08:08:39]   +5 [impermissible_request] ; total=26593 ; rate=199/min ; 5385/6537 batches
[08:08:39]   +5 [impermissible_request] ; total=26598 ; rate=199/min ; 5386/6537 batches
[08:08:39]   +5 [impermissible_request] ; total=26603 ; rate=199/min ; 5387/6537 batches
[08:08:39]   +5 [impermissible_request] ; total=26608 ; rate=199/min ; 5388/6537 batches
[08:08:39]   +5 [impermissible_request] ; total=26613 ; rate=199/min ; 5389/6537 batches
[08:08:39]   +1 [impermissible_request] ; total=26614 ; rate=199/min ; 5390/6537 batches
[08:08:39]   +5 [impermissible_request] ; total=26619 ; rate=199/min ; 5391/6537 batches
[08:09:22]   +5 [impermissible_request] (succeeded on retry #1)
[08:09:22]   +5 [impermissible_request] ; total=26624 ; rate=198/min ; 5392/6537 batches
[08:09:32]   +5 [impermissible_request] (succeeded on retry #1)
[08:09:32]   +5 [impermissible_request] ; total=26629 ; rate=198/min ; 5393/6537 batches
[08:09:40]   +5 [impermissible_request] (succeeded on retry #1)
[08:09:40]   +5 [impermissible_request] ; total=26634 ; rate=197/min ; 5394/6537 batches
[08:09:48]   +5 [impermissible_request] (succeeded on retry #2)
[08:09:48]   +5 [impermissible_request] ; total=26639 ; rate=197/min ; 5395/6537 batches
[08:09:48]   +5 [impermissible_request] ; total=26644 ; rate=197/min ; 5396/6537 batches
[08:09:48]   +5 [impermissible_request] ; total=26649 ; rate=197/min ; 5397/6537 batches
[08:09:48]   +5 [impermissible_request] ; total=26654 ; rate=197/min ; 5398/6537 batches
[08:09:48]   +5 [impermissible_request] ; total=26659 ; rate=197/min ; 5399/6537 batches
[08:09:48]   +5 [impermissible_request] ; total=26664 ; rate=197/min ; 5400/6537 batches
[08:09:48]   +5 [impermissible_request] ; total=26669 ; rate=197/min ; 5401/6537 batches
[08:09:48]   +5 [impermissible_request] ; total=26674 ; rate=197/min ; 5402/6537 batches
[08:09:48]   +1 [impermissible_request] ; total=26675 ; rate=197/min ; 5403/6537 batches
[08:09:48]   +5 [impermissible_request] ; total=26680 ; rate=197/min ; 5404/6537 batches
[08:09:49]   +5 [impermissible_request] ; total=26685 ; rate=198/min ; 5405/6537 batches
[08:10:04]   +5 [impermissible_request] ; total=26690 ; rate=197/min ; 5406/6537 batches
[08:10:12]   +5 [impermissible_request] ; total=26695 ; rate=197/min ; 5407/6537 batches
[08:10:39]   +5 [impermissible_request] ; total=26700 ; rate=196/min ; 5408/6537 batches
[08:10:40]   +5 [impermissible_request] ; total=26705 ; rate=196/min ; 5409/6537 batches
[08:10:48]   FAIL [impermissible_request]: empty_or_unparseable_after_retry
[08:10:52]   FAIL [impermissible_request]: empty_or_unparseable_after_retry
[08:11:17]   +5 [impermissible_request] ; total=26710 ; rate=196/min ; 5410/6537 batches
[08:11:36]   +5 [impermissible_request] ; total=26715 ; rate=195/min ; 5411/6537 batches
[08:11:44]   +5 [impermissible_request] ; total=26720 ; rate=195/min ; 5412/6537 batches
[08:11:51]   FAIL [impermissible_request]: empty_or_unparseable_after_retry
[08:12:01]   +5 [impermissible_request] ; total=26725 ; rate=195/min ; 5413/6537 batches
[08:12:22]   +5 [impermissible_request] ; total=26730 ; rate=194/min ; 5414/6537 batches
[08:12:22]   +5 [impermissible_request] ; total=26735 ; rate=194/min ; 5415/6537 batches
[08:12:22]   +5 [impermissible_request] ; total=26740 ; rate=194/min ; 5416/6537 batches
[08:12:22]   +5 [impermissible_request] ; total=26745 ; rate=194/min ; 5417/6537 batches
[08:12:39]   +5 [impermissible_request] ; total=26750 ; rate=194/min ; 5418/6537 batches
[08:12:39]   +5 [impermissible_request] ; total=26755 ; rate=194/min ; 5419/6537 batches
[08:12:39]   +5 [impermissible_request] ; total=26760 ; rate=194/min ; 5420/6537 batches
[08:12:47]   +5 [impermissible_request] ; total=26765 ; rate=194/min ; 5421/6537 batches
[08:12:47]   +5 [impermissible_request] ; total=26770 ; rate=194/min ; 5422/6537 batches
[08:12:47]   +5 [impermissible_request] ; total=26775 ; rate=194/min ; 5423/6537 batches
[08:12:47]   +5 [impermissible_request] ; total=26780 ; rate=194/min ; 5424/6537 batches
[08:12:47]   +5 [impermissible_request] ; total=26785 ; rate=194/min ; 5425/6537 batches
[08:12:47]   +5 [impermissible_request] ; total=26790 ; rate=194/min ; 5426/6537 batches
[08:12:48]   +5 [impermissible_request] ; total=26795 ; rate=194/min ; 5427/6537 batches
[08:12:48]   +5 [impermissible_request] ; total=26800 ; rate=194/min ; 5428/6537 batches
[08:12:48]   +5 [impermissible_request] ; total=26805 ; rate=194/min ; 5429/6537 batches
[08:12:48]   +5 [impermissible_request] ; total=26810 ; rate=194/min ; 5430/6537 batches
[08:13:03]   FAIL [impermissible_request]: empty_or_unparseable_after_retry
[08:13:03]   +5 [impermissible_request] ; total=26815 ; rate=194/min ; 5431/6537 batches
[08:13:03]   +5 [impermissible_request] ; total=26820 ; rate=194/min ; 5432/6537 batches
[08:13:19]   FAIL [impermissible_request]: empty_or_unparseable_after_retry
[08:13:19]   +5 [impermissible_request] ; total=26825 ; rate=194/min ; 5433/6537 batches
[08:13:19]   +5 [impermissible_request] ; total=26830 ; rate=194/min ; 5434/6537 batches
[08:13:20]   +5 [impermissible_request] ; total=26835 ; rate=194/min ; 5435/6537 batches
[08:13:20]   +5 [impermissible_request] ; total=26840 ; rate=194/min ; 5436/6537 batches
[08:13:20]   +5 [impermissible_request] ; total=26845 ; rate=194/min ; 5437/6537 batches
[08:13:20]   +5 [impermissible_request] ; total=26850 ; rate=194/min ; 5438/6537 batches
[08:13:20]   +5 [impermissible_request] ; total=26855 ; rate=194/min ; 5439/6537 batches
[08:13:20]   +5 [impermissible_request] ; total=26860 ; rate=194/min ; 5440/6537 batches
[08:13:20]   +5 [impermissible_request] ; total=26865 ; rate=194/min ; 5441/6537 batches
[08:13:28]   FAIL [impermissible_request]: empty_or_unparseable_after_retry
[08:13:28]   +5 [impermissible_request] ; total=26870 ; rate=194/min ; 5442/6537 batches
[08:13:28]   +5 [impermissible_request] ; total=26875 ; rate=194/min ; 5443/6537 batches
[08:13:34]   +5 [impermissible_request] ; total=26880 ; rate=194/min ; 5444/6537 batches
[08:13:34]   +5 [impermissible_request] ; total=26885 ; rate=194/min ; 5445/6537 batches
[08:13:34]   +5 [impermissible_request] ; total=26890 ; rate=194/min ; 5446/6537 batches
[08:13:34]   +5 [impermissible_request] ; total=26895 ; rate=194/min ; 5447/6537 batches
[08:13:34]   +5 [impermissible_request] ; total=26900 ; rate=194/min ; 5448/6537 batches
[08:13:34]   +5 [impermissible_request] ; total=26905 ; rate=194/min ; 5449/6537 batches
[08:13:34]   +5 [impermissible_request] ; total=26910 ; rate=194/min ; 5450/6537 batches
[08:13:35]   +5 [impermissible_request] ; total=26915 ; rate=194/min ; 5451/6537 batches
[08:13:35]   +5 [impermissible_request] ; total=26920 ; rate=194/min ; 5452/6537 batches
[08:13:35]   +5 [impermissible_request] ; total=26925 ; rate=194/min ; 5453/6537 batches
[08:13:43]   FAIL [impermissible_request]: empty_or_unparseable_after_retry
[08:13:43]   +5 [impermissible_request] ; total=26930 ; rate=194/min ; 5454/6537 batches
[08:13:43]   +5 [impermissible_request] ; total=26935 ; rate=194/min ; 5455/6537 batches
[08:14:00]   FAIL [impermissible_request]: empty_or_unparseable_after_retry
[08:14:00]   +5 [impermissible_request] ; total=26940 ; rate=193/min ; 5456/6537 batches
[08:14:01]   +5 [impermissible_request] ; total=26945 ; rate=193/min ; 5457/6537 batches
[08:14:01]   +5 [impermissible_request] ; total=26950 ; rate=193/min ; 5458/6537 batches
[08:14:01]   +5 [impermissible_request] ; total=26955 ; rate=194/min ; 5459/6537 batches
[08:14:01]   +5 [impermissible_request] ; total=26960 ; rate=194/min ; 5460/6537 batches
[08:14:01]   +5 [impermissible_request] ; total=26965 ; rate=194/min ; 5461/6537 batches
[08:14:01]   +5 [impermissible_request] ; total=26970 ; rate=194/min ; 5462/6537 batches
[08:14:01]   +5 [impermissible_request] ; total=26975 ; rate=194/min ; 5463/6537 batches
[08:14:01]   +5 [impermissible_request] ; total=26980 ; rate=194/min ; 5464/6537 batches
[08:14:08]   FAIL [impermissible_request]: empty_or_unparseable_after_retry
[08:14:09]   +5 [impermissible_request] ; total=26985 ; rate=194/min ; 5465/6537 batches
[08:14:09]   +5 [impermissible_request] ; total=26990 ; rate=194/min ; 5466/6537 batches
[08:14:15]   FAIL [impermissible_request]: empty_or_unparseable_after_retry
[08:14:15]   +5 [impermissible_request] ; total=26995 ; rate=193/min ; 5467/6537 batches
[08:14:15]   +5 [impermissible_request] ; total=27000 ; rate=193/min ; 5468/6537 batches
[08:14:15]   +5 [impermissible_request] ; total=27005 ; rate=194/min ; 5469/6537 batches
[08:14:15]   +5 [impermissible_request] ; total=27010 ; rate=194/min ; 5470/6537 batches
[08:14:16]   +5 [impermissible_request] ; total=27015 ; rate=194/min ; 5471/6537 batches
[08:14:16]   +5 [impermissible_request] ; total=27020 ; rate=194/min ; 5472/6537 batches
[08:14:16]   +5 [impermissible_request] ; total=27025 ; rate=194/min ; 5473/6537 batches
[08:14:16]   +5 [impermissible_request] ; total=27030 ; rate=194/min ; 5474/6537 batches
[08:14:16]   +5 [impermissible_request] ; total=27035 ; rate=194/min ; 5475/6537 batches
[08:14:24]   FAIL [impermissible_request]: empty_or_unparseable_after_retry
[08:14:24]   +5 [impermissible_request] ; total=27040 ; rate=194/min ; 5476/6537 batches
[08:14:24]   +5 [impermissible_request] ; total=27045 ; rate=194/min ; 5477/6537 batches
[08:14:42]   FAIL [impermissible_request]: empty_or_unparseable_after_retry
[08:14:42]   +5 [impermissible_request] ; total=27050 ; rate=193/min ; 5478/6537 batches
[08:14:42]   +5 [impermissible_request] ; total=27055 ; rate=193/min ; 5479/6537 batches
[08:14:42]   +5 [impermissible_request] ; total=27060 ; rate=193/min ; 5480/6537 batches
[08:14:42]   +5 [impermissible_request] ; total=27065 ; rate=193/min ; 5481/6537 batches
[08:14:42]   +5 [impermissible_request] ; total=27070 ; rate=193/min ; 5482/6537 batches
[08:14:42]   +5 [impermissible_request] ; total=27075 ; rate=193/min ; 5483/6537 batches
[08:14:49]   FAIL [impermissible_request]: empty_or_unparseable_after_retry
[08:14:49]   +5 [impermissible_request] ; total=27080 ; rate=193/min ; 5484/6537 batches
[08:14:49]   +5 [impermissible_request] ; total=27085 ; rate=193/min ; 5485/6537 batches
[08:14:56]   FAIL [impermissible_request]: empty_or_unparseable_after_retry
[08:14:56]   +5 [impermissible_request] ; total=27090 ; rate=193/min ; 5486/6537 batches
[08:14:56]   +5 [impermissible_request] ; total=27095 ; rate=193/min ; 5487/6537 batches
[08:15:04]   FAIL [impermissible_request]: empty_or_unparseable_after_retry
[08:15:04]   +5 [impermissible_request] ; total=27100 ; rate=193/min ; 5488/6537 batches
[08:15:04]   +5 [impermissible_request] ; total=27105 ; rate=193/min ; 5489/6537 batches
[08:15:04]   +5 [impermissible_request] ; total=27110 ; rate=193/min ; 5490/6537 batches
[08:15:04]   +5 [impermissible_request] ; total=27115 ; rate=193/min ; 5491/6537 batches
[08:15:04]   +5 [impermissible_request] ; total=27120 ; rate=193/min ; 5492/6537 batches
[08:15:04]   +5 [impermissible_request] ; total=27125 ; rate=193/min ; 5493/6537 batches
[08:15:21]   +5 [impermissible_request] ; total=27130 ; rate=193/min ; 5494/6537 batches
[08:15:21]   +5 [impermissible_request] ; total=27135 ; rate=193/min ; 5495/6537 batches
[08:15:21]   +5 [impermissible_request] ; total=27140 ; rate=193/min ; 5496/6537 batches
[08:15:36]   FAIL [impermissible_request]: empty_or_unparseable_after_retry
[08:15:37]   +5 [impermissible_request] ; total=27145 ; rate=193/min ; 5497/6537 batches
[08:15:37]   +5 [impermissible_request] ; total=27150 ; rate=193/min ; 5498/6537 batches
[08:15:48]   FAIL [impermissible_request]: empty_or_unparseable_after_retry
[08:15:48]   +5 [impermissible_request] ; total=27155 ; rate=192/min ; 5499/6537 batches
[08:15:48]   +5 [impermissible_request] ; total=27160 ; rate=193/min ; 5500/6537 batches
[08:15:48]   +5 [impermissible_request] ; total=27165 ; rate=193/min ; 5501/6537 batches
[08:15:48]   +5 [impermissible_request] ; total=27170 ; rate=193/min ; 5502/6537 batches
[08:15:48]   +5 [impermissible_request] ; total=27175 ; rate=193/min ; 5503/6537 batches
[08:15:48]   +5 [impermissible_request] ; total=27180 ; rate=193/min ; 5504/6537 batches
[08:15:48]   +5 [impermissible_request] ; total=27185 ; rate=193/min ; 5505/6537 batches
[08:15:48]   +5 [impermissible_request] ; total=27190 ; rate=193/min ; 5506/6537 batches
[08:15:49]   +5 [impermissible_request] ; total=27195 ; rate=193/min ; 5507/6537 batches
[08:15:52]   +5 [impermissible_request] ; total=27200 ; rate=193/min ; 5508/6537 batches
[08:15:53]   +5 [impermissible_request] ; total=27205 ; rate=193/min ; 5509/6537 batches
[08:15:53]   +5 [impermissible_request] ; total=27210 ; rate=193/min ; 5510/6537 batches
[08:16:14]   +5 [impermissible_request] ; total=27215 ; rate=192/min ; 5511/6537 batches
[08:16:14]   +5 [impermissible_request] ; total=27220 ; rate=192/min ; 5512/6537 batches
[08:16:14]   +5 [impermissible_request] ; total=27225 ; rate=192/min ; 5513/6537 batches
[08:16:14]   +5 [impermissible_request] ; total=27230 ; rate=192/min ; 5514/6537 batches
[08:16:14]   +5 [impermissible_request] ; total=27235 ; rate=192/min ; 5515/6537 batches
[08:16:14]   +5 [impermissible_request] ; total=27240 ; rate=192/min ; 5516/6537 batches
[08:16:14]   +5 [impermissible_request] ; total=27245 ; rate=193/min ; 5517/6537 batches
[08:16:14]   +5 [impermissible_request] ; total=27250 ; rate=193/min ; 5518/6537 batches
[08:16:14]   +5 [impermissible_request] ; total=27255 ; rate=193/min ; 5519/6537 batches
[08:16:14]   +5 [impermissible_request] ; total=27260 ; rate=193/min ; 5520/6537 batches
[08:16:15]   +5 [impermissible_request] ; total=27265 ; rate=193/min ; 5521/6537 batches
[08:16:15]   +5 [impermissible_request] ; total=27270 ; rate=193/min ; 5522/6537 batches
[08:16:15]   +5 [impermissible_request] ; total=27275 ; rate=193/min ; 5523/6537 batches
[08:16:29]   +5 [impermissible_request] (succeeded on retry #2)
[08:16:29]   +5 [impermissible_request] ; total=27280 ; rate=192/min ; 5524/6537 batches
[08:16:29]   +5 [impermissible_request] ; total=27285 ; rate=192/min ; 5525/6537 batches
[08:16:29]   +5 [impermissible_request] ; total=27290 ; rate=193/min ; 5526/6537 batches
[08:16:29]   +5 [impermissible_request] ; total=27295 ; rate=193/min ; 5527/6537 batches
[08:16:29]   +5 [impermissible_request] ; total=27300 ; rate=193/min ; 5528/6537 batches
[08:16:29]   +5 [impermissible_request] ; total=27305 ; rate=193/min ; 5529/6537 batches
[08:16:29]   +5 [impermissible_request] ; total=27310 ; rate=193/min ; 5530/6537 batches
[08:16:29]   +5 [impermissible_request] ; total=27315 ; rate=193/min ; 5531/6537 batches
[08:16:29]   +5 [impermissible_request] ; total=27320 ; rate=193/min ; 5532/6537 batches
[08:16:29]   +5 [impermissible_request] ; total=27325 ; rate=193/min ; 5533/6537 batches
[08:16:30]   +5 [impermissible_request] ; total=27330 ; rate=193/min ; 5534/6537 batches
[08:17:03]   +5 [impermissible_request] (succeeded on retry #1)
[08:17:03]   +5 [impermissible_request] ; total=27335 ; rate=192/min ; 5535/6537 batches
[08:17:04]   +5 [impermissible_request] ; total=27340 ; rate=192/min ; 5536/6537 batches
[08:17:04]   +5 [impermissible_request] ; total=27345 ; rate=192/min ; 5537/6537 batches
[08:17:09]   +5 [impermissible_request] (succeeded on retry #2)
[08:17:09]   +5 [impermissible_request] ; total=27350 ; rate=192/min ; 5538/6537 batches
[08:17:18]   +5 [impermissible_request] ; total=27355 ; rate=192/min ; 5539/6537 batches
[08:17:18]   +5 [impermissible_request] ; total=27360 ; rate=192/min ; 5540/6537 batches
[08:17:18]   +5 [impermissible_request] ; total=27365 ; rate=192/min ; 5541/6537 batches
[08:17:18]   +5 [impermissible_request] ; total=27370 ; rate=192/min ; 5542/6537 batches
[08:17:18]   +5 [impermissible_request] ; total=27375 ; rate=192/min ; 5543/6537 batches
[08:17:18]   +5 [impermissible_request] ; total=27380 ; rate=192/min ; 5544/6537 batches
[08:17:18]   +5 [impermissible_request] ; total=27385 ; rate=192/min ; 5545/6537 batches
[08:17:18]   +5 [impermissible_request] ; total=27390 ; rate=192/min ; 5546/6537 batches
[08:17:18]   +5 [impermissible_request] ; total=27395 ; rate=192/min ; 5547/6537 batches
[08:17:18]   +5 [impermissible_request] ; total=27400 ; rate=192/min ; 5548/6537 batches
[08:17:50]   +5 [impermissible_request] ; total=27405 ; rate=191/min ; 5549/6537 batches
[08:17:50]   +5 [impermissible_request] ; total=27410 ; rate=192/min ; 5550/6537 batches
[08:17:50]   +5 [impermissible_request] ; total=27415 ; rate=192/min ; 5551/6537 batches
[08:17:56]   +5 [impermissible_request] ; total=27420 ; rate=191/min ; 5552/6537 batches
[08:17:57]   +5 [impermissible_request] ; total=27425 ; rate=191/min ; 5553/6537 batches
[08:18:01]   +5 [impermissible_request] ; total=27430 ; rate=191/min ; 5554/6537 batches
[08:18:37]   +5 [impermissible_request] ; total=27435 ; rate=191/min ; 5555/6537 batches
[08:18:38]   +5 [impermissible_request] ; total=27440 ; rate=191/min ; 5556/6537 batches
[08:18:38]   +5 [impermissible_request] ; total=27445 ; rate=191/min ; 5557/6537 batches
[08:18:38]   +5 [impermissible_request] ; total=27450 ; rate=191/min ; 5558/6537 batches
[08:18:38]   +5 [impermissible_request] ; total=27455 ; rate=191/min ; 5559/6537 batches
[08:18:38]   +5 [impermissible_request] ; total=27460 ; rate=191/min ; 5560/6537 batches
[08:18:38]   +5 [impermissible_request] ; total=27465 ; rate=191/min ; 5561/6537 batches
[08:18:38]   +5 [impermissible_request] ; total=27470 ; rate=191/min ; 5562/6537 batches
[08:18:38]   +5 [impermissible_request] ; total=27475 ; rate=191/min ; 5563/6537 batches
[08:18:38]   +5 [impermissible_request] ; total=27480 ; rate=191/min ; 5564/6537 batches
[08:18:38]   +5 [impermissible_request] ; total=27485 ; rate=191/min ; 5565/6537 batches
[08:18:50]   +5 [impermissible_request] ; total=27490 ; rate=191/min ; 5566/6537 batches
[08:18:50]   +5 [impermissible_request] ; total=27495 ; rate=191/min ; 5567/6537 batches
[08:18:54]   +5 [impermissible_request] ; total=27500 ; rate=191/min ; 5568/6537 batches
[08:19:22]   +5 [impermissible_request] ; total=27505 ; rate=190/min ; 5569/6537 batches
[08:19:22]   +5 [impermissible_request] ; total=27510 ; rate=190/min ; 5570/6537 batches
[08:19:22]   +5 [impermissible_request] ; total=27515 ; rate=190/min ; 5571/6537 batches
[08:19:22]   +5 [impermissible_request] ; total=27520 ; rate=190/min ; 5572/6537 batches
[08:19:23]   +5 [impermissible_request] ; total=27525 ; rate=190/min ; 5573/6537 batches
[08:19:23]   +5 [impermissible_request] ; total=27530 ; rate=190/min ; 5574/6537 batches
[08:19:23]   +5 [impermissible_request] ; total=27535 ; rate=190/min ; 5575/6537 batches
[08:19:23]   +5 [impermissible_request] ; total=27540 ; rate=190/min ; 5576/6537 batches
[08:19:23]   +5 [impermissible_request] ; total=27545 ; rate=190/min ; 5577/6537 batches
[08:19:23]   +5 [impermissible_request] ; total=27550 ; rate=190/min ; 5578/6537 batches
[08:19:23]   +5 [impermissible_request] ; total=27555 ; rate=190/min ; 5579/6537 batches
[08:19:23]   +5 [impermissible_request] ; total=27560 ; rate=191/min ; 5580/6537 batches
[08:19:23]   +5 [impermissible_request] ; total=27565 ; rate=191/min ; 5581/6537 batches
[08:19:23]   +5 [impermissible_request] ; total=27570 ; rate=191/min ; 5582/6537 batches
[08:19:23]   +5 [impermissible_request] ; total=27575 ; rate=191/min ; 5583/6537 batches
[08:19:23]   +5 [impermissible_request] ; total=27580 ; rate=191/min ; 5584/6537 batches
[08:19:23]   +5 [impermissible_request] ; total=27585 ; rate=191/min ; 5585/6537 batches
[08:19:23]   +5 [impermissible_request] ; total=27590 ; rate=191/min ; 5586/6537 batches
[08:19:24]   +5 [impermissible_request] ; total=27595 ; rate=191/min ; 5587/6537 batches
[08:19:24]   +5 [impermissible_request] ; total=27600 ; rate=191/min ; 5588/6537 batches
[08:19:24]   +5 [impermissible_request] ; total=27605 ; rate=191/min ; 5589/6537 batches
[08:19:24]   +5 [impermissible_request] ; total=27610 ; rate=191/min ; 5590/6537 batches
[08:19:24]   +5 [impermissible_request] ; total=27615 ; rate=191/min ; 5591/6537 batches
[08:19:24]   +5 [impermissible_request] ; total=27620 ; rate=191/min ; 5592/6537 batches
[08:19:24]   +5 [impermissible_request] ; total=27625 ; rate=191/min ; 5593/6537 batches
[08:19:24]   +5 [impermissible_request] ; total=27630 ; rate=191/min ; 5594/6537 batches
[08:19:24]   +5 [impermissible_request] ; total=27635 ; rate=191/min ; 5595/6537 batches
[08:19:24]   +5 [impermissible_request] ; total=27640 ; rate=191/min ; 5596/6537 batches
[08:19:24]   +5 [impermissible_request] ; total=27645 ; rate=191/min ; 5597/6537 batches
[08:19:24]   +5 [impermissible_request] ; total=27650 ; rate=191/min ; 5598/6537 batches
[08:19:24]   +5 [impermissible_request] ; total=27655 ; rate=191/min ; 5599/6537 batches
[08:19:24]   +5 [impermissible_request] ; total=27660 ; rate=191/min ; 5600/6537 batches
[08:19:25]   +5 [impermissible_request] ; total=27665 ; rate=191/min ; 5601/6537 batches
[08:19:25]   +5 [impermissible_request] ; total=27670 ; rate=191/min ; 5602/6537 batches
[08:19:25]   +5 [impermissible_request] ; total=27675 ; rate=191/min ; 5603/6537 batches
[08:19:25]   +5 [impermissible_request] ; total=27680 ; rate=191/min ; 5604/6537 batches
[08:19:25]   +5 [impermissible_request] ; total=27685 ; rate=191/min ; 5605/6537 batches
[08:19:25]   +5 [impermissible_request] ; total=27690 ; rate=191/min ; 5606/6537 batches
[08:19:25]   +5 [impermissible_request] ; total=27695 ; rate=191/min ; 5607/6537 batches
[08:19:25]   +5 [impermissible_request] ; total=27700 ; rate=191/min ; 5608/6537 batches
[08:19:25]   +5 [impermissible_request] ; total=27705 ; rate=191/min ; 5609/6537 batches
[08:19:25]   +5 [impermissible_request] ; total=27710 ; rate=192/min ; 5610/6537 batches
[08:19:25]   +5 [impermissible_request] ; total=27715 ; rate=192/min ; 5611/6537 batches
[08:19:25]   +5 [impermissible_request] ; total=27720 ; rate=192/min ; 5612/6537 batches
[08:19:25]   +5 [impermissible_request] ; total=27725 ; rate=192/min ; 5613/6537 batches
[08:19:25]   +5 [impermissible_request] ; total=27730 ; rate=192/min ; 5614/6537 batches
[08:19:25]   +5 [impermissible_request] ; total=27735 ; rate=192/min ; 5615/6537 batches
[08:19:25]   +5 [impermissible_request] ; total=27740 ; rate=192/min ; 5616/6537 batches
[08:19:25]   +5 [impermissible_request] ; total=27745 ; rate=192/min ; 5617/6537 batches
[08:19:25]   +5 [impermissible_request] ; total=27750 ; rate=192/min ; 5618/6537 batches
[08:19:26]   +5 [impermissible_request] ; total=27755 ; rate=192/min ; 5619/6537 batches
[08:19:26]   +5 [impermissible_request] ; total=27760 ; rate=192/min ; 5620/6537 batches
[08:19:26]   +5 [impermissible_request] ; total=27765 ; rate=192/min ; 5621/6537 batches
[08:19:26]   +5 [impermissible_request] ; total=27770 ; rate=192/min ; 5622/6537 batches
[08:19:26]   +5 [impermissible_request] ; total=27775 ; rate=192/min ; 5623/6537 batches
[08:19:26]   +5 [impermissible_request] ; total=27780 ; rate=192/min ; 5624/6537 batches
[08:19:26]   +5 [impermissible_request] ; total=27785 ; rate=192/min ; 5625/6537 batches
[08:19:26]   +5 [impermissible_request] ; total=27790 ; rate=192/min ; 5626/6537 batches
[08:19:26]   +5 [impermissible_request] ; total=27795 ; rate=192/min ; 5627/6537 batches
[08:19:26]   +5 [impermissible_request] ; total=27800 ; rate=192/min ; 5628/6537 batches
[08:19:26]   +5 [impermissible_request] ; total=27805 ; rate=192/min ; 5629/6537 batches
[08:19:26]   +5 [impermissible_request] ; total=27810 ; rate=192/min ; 5630/6537 batches
[08:19:26]   +5 [impermissible_request] ; total=27815 ; rate=192/min ; 5631/6537 batches
[08:19:26]   +5 [impermissible_request] ; total=27820 ; rate=192/min ; 5632/6537 batches
[08:19:26]   +5 [impermissible_request] ; total=27825 ; rate=192/min ; 5633/6537 batches
[08:19:26]   +5 [impermissible_request] ; total=27830 ; rate=192/min ; 5634/6537 batches
[08:19:26]   +5 [impermissible_request] ; total=27835 ; rate=192/min ; 5635/6537 batches
[08:19:26]   +5 [impermissible_request] ; total=27840 ; rate=192/min ; 5636/6537 batches
[08:19:26]   +5 [impermissible_request] ; total=27845 ; rate=192/min ; 5637/6537 batches
[08:19:26]   +5 [impermissible_request] ; total=27850 ; rate=192/min ; 5638/6537 batches
[08:19:26]   +5 [impermissible_request] ; total=27855 ; rate=192/min ; 5639/6537 batches
[08:19:26]   +5 [impermissible_request] ; total=27860 ; rate=193/min ; 5640/6537 batches
[08:19:26]   +5 [impermissible_request] ; total=27865 ; rate=193/min ; 5641/6537 batches
[08:19:26]   +5 [impermissible_request] ; total=27870 ; rate=193/min ; 5642/6537 batches
[08:19:26]   +5 [impermissible_request] ; total=27875 ; rate=193/min ; 5643/6537 batches
[08:19:26]   +5 [impermissible_request] ; total=27880 ; rate=193/min ; 5644/6537 batches
[08:19:27]   +5 [impermissible_request] ; total=27885 ; rate=193/min ; 5645/6537 batches
[08:19:27]   +5 [impermissible_request] ; total=27890 ; rate=193/min ; 5646/6537 batches
[08:19:27]   +5 [impermissible_request] ; total=27895 ; rate=193/min ; 5647/6537 batches
[08:19:27]   +5 [impermissible_request] ; total=27900 ; rate=193/min ; 5648/6537 batches
[08:19:27]   +5 [impermissible_request] ; total=27905 ; rate=193/min ; 5649/6537 batches
[08:19:27]   +5 [impermissible_request] ; total=27910 ; rate=193/min ; 5650/6537 batches
[08:19:27]   +5 [impermissible_request] ; total=27915 ; rate=193/min ; 5651/6537 batches
[08:19:27]   +5 [impermissible_request] ; total=27920 ; rate=193/min ; 5652/6537 batches
[08:19:27]   +5 [impermissible_request] ; total=27925 ; rate=193/min ; 5653/6537 batches
[08:19:27]   +5 [impermissible_request] ; total=27930 ; rate=193/min ; 5654/6537 batches
[08:19:27]   +5 [impermissible_request] ; total=27935 ; rate=193/min ; 5655/6537 batches
[08:19:27]   +5 [impermissible_request] ; total=27940 ; rate=193/min ; 5656/6537 batches
[08:19:35]   +5 [impermissible_request] (succeeded on retry #2)
[08:19:35]   +5 [impermissible_request] ; total=27945 ; rate=193/min ; 5657/6537 batches
[08:19:46]   +5 [impermissible_request] ; total=27950 ; rate=193/min ; 5658/6537 batches
[08:20:04]   +5 [no_good_answer] ; total=27955 ; rate=192/min ; 5659/6537 batches
[08:20:21]   +5 [no_good_answer] ; total=27960 ; rate=192/min ; 5660/6537 batches
[08:20:24]   +5 [no_good_answer] ; total=27965 ; rate=192/min ; 5661/6537 batches
[08:20:48]   +5 [no_good_answer] ; total=27970 ; rate=191/min ; 5662/6537 batches
[08:21:02]   +5 [no_good_answer] ; total=27975 ; rate=191/min ; 5663/6537 batches
[08:21:04]   +5 [no_good_answer] ; total=27980 ; rate=191/min ; 5664/6537 batches
[08:21:16]   +5 [no_good_answer] ; total=27985 ; rate=191/min ; 5665/6537 batches
[08:21:32]   +5 [no_good_answer] ; total=27990 ; rate=191/min ; 5666/6537 batches
[08:21:48]   +5 [no_good_answer] ; total=27995 ; rate=190/min ; 5667/6537 batches
[08:21:51]   +5 [no_good_answer] ; total=28000 ; rate=190/min ; 5668/6537 batches
[08:21:51]   +5 [no_good_answer] ; total=28005 ; rate=190/min ; 5669/6537 batches
[08:21:51]   +5 [no_good_answer] ; total=28010 ; rate=190/min ; 5670/6537 batches
[08:21:51]   +5 [no_good_answer] ; total=28015 ; rate=190/min ; 5671/6537 batches
[08:21:51]   +5 [no_good_answer] ; total=28020 ; rate=190/min ; 5672/6537 batches
[08:21:51]   +5 [no_good_answer] ; total=28025 ; rate=190/min ; 5673/6537 batches
[08:21:51]   +5 [no_good_answer] ; total=28030 ; rate=191/min ; 5674/6537 batches
[08:21:51]   +5 [no_good_answer] ; total=28035 ; rate=191/min ; 5675/6537 batches
[08:21:51]   +5 [no_good_answer] ; total=28040 ; rate=191/min ; 5676/6537 batches
[08:21:57]   +5 [no_good_answer] ; total=28045 ; rate=190/min ; 5677/6537 batches
[08:21:57]   +5 [no_good_answer] ; total=28050 ; rate=191/min ; 5678/6537 batches
[08:21:57]   +5 [no_good_answer] ; total=28055 ; rate=191/min ; 5679/6537 batches
[08:22:15]   +1 [no_good_answer] ; total=28056 ; rate=190/min ; 5680/6537 batches
[08:22:15]   +1 [no_good_answer] ; total=28057 ; rate=190/min ; 5681/6537 batches
[08:22:15]   +5 [no_good_answer] ; total=28062 ; rate=190/min ; 5682/6537 batches
[08:22:15]   +5 [no_good_answer] ; total=28067 ; rate=190/min ; 5683/6537 batches
[08:22:15]   +5 [no_good_answer] ; total=28072 ; rate=190/min ; 5684/6537 batches
[08:22:16]   +5 [no_good_answer] ; total=28077 ; rate=190/min ; 5685/6537 batches
[08:22:16]   +5 [no_good_answer] ; total=28082 ; rate=190/min ; 5686/6537 batches
[08:22:16]   +5 [no_good_answer] ; total=28087 ; rate=190/min ; 5687/6537 batches
[08:22:16]   +5 [no_good_answer] ; total=28092 ; rate=190/min ; 5688/6537 batches
[08:22:16]   +5 [no_good_answer] ; total=28097 ; rate=190/min ; 5689/6537 batches
[08:22:16]   +5 [no_good_answer] ; total=28102 ; rate=190/min ; 5690/6537 batches
[08:22:16]   +5 [no_good_answer] ; total=28107 ; rate=190/min ; 5691/6537 batches
[08:22:16]   +5 [no_good_answer] ; total=28112 ; rate=191/min ; 5692/6537 batches
[08:22:48]   +5 [no_good_answer] ; total=28117 ; rate=190/min ; 5693/6537 batches
[08:22:48]   +1 [no_good_answer] ; total=28118 ; rate=190/min ; 5694/6537 batches
[08:22:48]   +5 [no_good_answer] ; total=28123 ; rate=190/min ; 5695/6537 batches
[08:22:48]   +5 [no_good_answer] ; total=28128 ; rate=190/min ; 5696/6537 batches
[08:22:48]   +5 [no_good_answer] ; total=28133 ; rate=190/min ; 5697/6537 batches
[08:22:48]   +5 [no_good_answer] ; total=28138 ; rate=190/min ; 5698/6537 batches
[08:22:48]   +5 [no_good_answer] ; total=28143 ; rate=190/min ; 5699/6537 batches
[08:22:48]   +5 [no_good_answer] ; total=28148 ; rate=190/min ; 5700/6537 batches
[08:22:48]   +5 [no_good_answer] ; total=28153 ; rate=190/min ; 5701/6537 batches
[08:22:48]   +5 [no_good_answer] ; total=28158 ; rate=190/min ; 5702/6537 batches
[08:22:48]   +5 [no_good_answer] ; total=28163 ; rate=190/min ; 5703/6537 batches
[08:22:49]   +5 [no_good_answer] ; total=28168 ; rate=190/min ; 5704/6537 batches
[08:22:49]   +5 [no_good_answer] ; total=28173 ; rate=190/min ; 5705/6537 batches
[08:22:50]   +5 [no_good_answer] ; total=28178 ; rate=190/min ; 5706/6537 batches
[08:22:50]   +1 [no_good_answer] ; total=28179 ; rate=190/min ; 5707/6537 batches
[08:22:50]   +5 [no_good_answer] ; total=28184 ; rate=190/min ; 5708/6537 batches
[08:22:50]   +5 [no_good_answer] ; total=28189 ; rate=190/min ; 5709/6537 batches
[08:22:50]   +5 [no_good_answer] ; total=28194 ; rate=190/min ; 5710/6537 batches
[08:22:50]   +5 [no_good_answer] ; total=28199 ; rate=190/min ; 5711/6537 batches
[08:22:50]   +5 [no_good_answer] ; total=28204 ; rate=190/min ; 5712/6537 batches
[08:22:50]   +5 [no_good_answer] ; total=28209 ; rate=190/min ; 5713/6537 batches
[08:22:50]   +5 [no_good_answer] ; total=28214 ; rate=190/min ; 5714/6537 batches
[08:22:50]   +5 [no_good_answer] ; total=28219 ; rate=191/min ; 5715/6537 batches
[08:22:50]   +5 [no_good_answer] ; total=28224 ; rate=191/min ; 5716/6537 batches
[08:22:50]   +5 [no_good_answer] ; total=28229 ; rate=191/min ; 5717/6537 batches
[08:22:51]   +5 [no_good_answer] ; total=28234 ; rate=191/min ; 5718/6537 batches
[08:22:51]   +5 [no_good_answer] ; total=28239 ; rate=191/min ; 5719/6537 batches
[08:22:51]   +1 [no_good_answer] ; total=28240 ; rate=191/min ; 5720/6537 batches
[08:22:51]   +5 [no_good_answer] ; total=28245 ; rate=191/min ; 5721/6537 batches
[08:22:51]   +5 [no_good_answer] ; total=28250 ; rate=191/min ; 5722/6537 batches
[08:22:51]   +5 [no_good_answer] ; total=28255 ; rate=191/min ; 5723/6537 batches
[08:22:51]   +5 [no_good_answer] ; total=28260 ; rate=191/min ; 5724/6537 batches
[08:22:51]   +5 [no_good_answer] ; total=28265 ; rate=191/min ; 5725/6537 batches
[08:22:51]   +5 [no_good_answer] ; total=28270 ; rate=191/min ; 5726/6537 batches
[08:22:51]   +5 [no_good_answer] ; total=28275 ; rate=191/min ; 5727/6537 batches
[08:22:51]   +5 [no_good_answer] ; total=28280 ; rate=191/min ; 5728/6537 batches
[08:22:51]   +5 [no_good_answer] ; total=28285 ; rate=191/min ; 5729/6537 batches
[08:22:51]   +5 [no_good_answer] ; total=28290 ; rate=191/min ; 5730/6537 batches
[08:22:51]   +5 [no_good_answer] ; total=28295 ; rate=191/min ; 5731/6537 batches
[08:22:51]   +5 [no_good_answer] ; total=28300 ; rate=191/min ; 5732/6537 batches
[08:22:51]   +1 [no_good_answer] ; total=28301 ; rate=191/min ; 5733/6537 batches
[08:22:51]   +5 [no_good_answer] ; total=28306 ; rate=191/min ; 5734/6537 batches
[08:22:52]   +5 [no_good_answer] ; total=28311 ; rate=191/min ; 5735/6537 batches
[08:22:52]   +5 [no_good_answer] ; total=28316 ; rate=191/min ; 5736/6537 batches
[08:22:52]   +5 [no_good_answer] ; total=28321 ; rate=191/min ; 5737/6537 batches
[08:22:52]   +5 [no_good_answer] ; total=28326 ; rate=191/min ; 5738/6537 batches
[08:22:52]   +5 [no_good_answer] ; total=28331 ; rate=191/min ; 5739/6537 batches
[08:22:52]   +5 [no_good_answer] ; total=28336 ; rate=191/min ; 5740/6537 batches
[08:22:52]   +5 [no_good_answer] ; total=28341 ; rate=191/min ; 5741/6537 batches
[08:22:52]   +5 [no_good_answer] ; total=28346 ; rate=191/min ; 5742/6537 batches
[08:22:52]   +5 [no_good_answer] ; total=28351 ; rate=191/min ; 5743/6537 batches
[08:22:52]   +5 [no_good_answer] ; total=28356 ; rate=191/min ; 5744/6537 batches
[08:22:52]   +5 [no_good_answer] ; total=28361 ; rate=191/min ; 5745/6537 batches
[08:22:52]   +1 [no_good_answer] ; total=28362 ; rate=191/min ; 5746/6537 batches
[08:22:52]   +5 [no_good_answer] ; total=28367 ; rate=191/min ; 5747/6537 batches
[08:22:52]   +5 [no_good_answer] ; total=28372 ; rate=192/min ; 5748/6537 batches
[08:22:52]   +5 [no_good_answer] ; total=28377 ; rate=192/min ; 5749/6537 batches
[08:22:52]   +5 [no_good_answer] ; total=28382 ; rate=192/min ; 5750/6537 batches
[08:22:52]   +5 [no_good_answer] ; total=28387 ; rate=192/min ; 5751/6537 batches
[08:22:53]   +5 [no_good_answer] ; total=28392 ; rate=192/min ; 5752/6537 batches
[08:22:53]   +5 [no_good_answer] ; total=28397 ; rate=192/min ; 5753/6537 batches
[08:22:53]   +5 [no_good_answer] ; total=28402 ; rate=192/min ; 5754/6537 batches
[08:22:53]   +5 [no_good_answer] ; total=28407 ; rate=192/min ; 5755/6537 batches
[08:22:53]   +5 [no_good_answer] ; total=28412 ; rate=192/min ; 5756/6537 batches
[08:22:53]   +5 [no_good_answer] ; total=28417 ; rate=192/min ; 5757/6537 batches
[08:22:53]   +5 [no_good_answer] ; total=28422 ; rate=192/min ; 5758/6537 batches
[08:22:53]   +1 [no_good_answer] ; total=28423 ; rate=192/min ; 5759/6537 batches
[08:22:53]   +5 [no_good_answer] ; total=28428 ; rate=192/min ; 5760/6537 batches
[08:22:53]   +5 [no_good_answer] ; total=28433 ; rate=192/min ; 5761/6537 batches
[08:22:53]   +5 [no_good_answer] ; total=28438 ; rate=192/min ; 5762/6537 batches
[08:22:53]   +5 [no_good_answer] ; total=28443 ; rate=192/min ; 5763/6537 batches
[08:22:53]   +5 [no_good_answer] ; total=28448 ; rate=192/min ; 5764/6537 batches
[08:22:54]   +5 [no_good_answer] ; total=28453 ; rate=192/min ; 5765/6537 batches
[08:22:54]   +5 [no_good_answer] ; total=28458 ; rate=192/min ; 5766/6537 batches
[08:22:54]   +5 [no_good_answer] ; total=28463 ; rate=192/min ; 5767/6537 batches
[08:22:54]   +5 [no_good_answer] ; total=28468 ; rate=192/min ; 5768/6537 batches
[08:22:54]   +5 [no_good_answer] ; total=28473 ; rate=192/min ; 5769/6537 batches
[08:22:54]   +5 [no_good_answer] ; total=28478 ; rate=192/min ; 5770/6537 batches
[08:22:54]   +5 [no_good_answer] ; total=28483 ; rate=192/min ; 5771/6537 batches
[08:22:54]   +1 [no_good_answer] ; total=28484 ; rate=192/min ; 5772/6537 batches
[08:22:54]   +5 [no_good_answer] ; total=28489 ; rate=192/min ; 5773/6537 batches
[08:22:54]   +5 [no_good_answer] ; total=28494 ; rate=192/min ; 5774/6537 batches
[08:22:54]   +5 [no_good_answer] ; total=28499 ; rate=192/min ; 5775/6537 batches
[08:22:54]   +5 [no_good_answer] ; total=28504 ; rate=192/min ; 5776/6537 batches
[08:22:54]   +5 [no_good_answer] ; total=28509 ; rate=192/min ; 5777/6537 batches
[08:22:54]   +5 [no_good_answer] ; total=28514 ; rate=192/min ; 5778/6537 batches
[08:22:54]   +5 [no_good_answer] ; total=28519 ; rate=192/min ; 5779/6537 batches
[08:22:54]   +5 [no_good_answer] ; total=28524 ; rate=192/min ; 5780/6537 batches
[08:22:55]   +5 [no_good_answer] ; total=28529 ; rate=193/min ; 5781/6537 batches
[08:22:55]   +5 [no_good_answer] ; total=28534 ; rate=193/min ; 5782/6537 batches
[08:22:55]   +5 [no_good_answer] ; total=28539 ; rate=193/min ; 5783/6537 batches
[08:22:55]   +5 [no_good_answer] ; total=28544 ; rate=193/min ; 5784/6537 batches
[08:22:55]   +1 [no_good_answer] ; total=28545 ; rate=193/min ; 5785/6537 batches
[08:22:55]   +5 [no_good_answer] ; total=28550 ; rate=193/min ; 5786/6537 batches
[08:22:55]   +5 [no_good_answer] ; total=28555 ; rate=193/min ; 5787/6537 batches
[08:22:55]   +5 [no_good_answer] ; total=28560 ; rate=193/min ; 5788/6537 batches
[08:22:55]   +5 [no_good_answer] ; total=28565 ; rate=193/min ; 5789/6537 batches
[08:22:55]   +5 [no_good_answer] ; total=28570 ; rate=193/min ; 5790/6537 batches
[08:22:55]   +5 [no_good_answer] ; total=28575 ; rate=193/min ; 5791/6537 batches
[08:22:55]   +5 [no_good_answer] ; total=28580 ; rate=193/min ; 5792/6537 batches
[08:22:55]   +5 [no_good_answer] ; total=28585 ; rate=193/min ; 5793/6537 batches
[08:22:55]   +5 [no_good_answer] ; total=28590 ; rate=193/min ; 5794/6537 batches
[08:22:55]   +5 [no_good_answer] ; total=28595 ; rate=193/min ; 5795/6537 batches
[08:22:56]   +5 [no_good_answer] ; total=28600 ; rate=193/min ; 5796/6537 batches
[08:22:56]   +5 [no_good_answer] ; total=28605 ; rate=193/min ; 5797/6537 batches
[08:22:56]   +1 [no_good_answer] ; total=28606 ; rate=193/min ; 5798/6537 batches
[08:22:56]   +5 [no_good_answer] ; total=28611 ; rate=193/min ; 5799/6537 batches
[08:22:56]   +5 [no_good_answer] ; total=28616 ; rate=193/min ; 5800/6537 batches
[08:22:56]   +5 [no_good_answer] ; total=28621 ; rate=193/min ; 5801/6537 batches
[08:22:56]   +5 [no_good_answer] ; total=28626 ; rate=193/min ; 5802/6537 batches
[08:22:56]   +5 [no_good_answer] ; total=28631 ; rate=193/min ; 5803/6537 batches
[08:22:56]   +5 [no_good_answer] ; total=28636 ; rate=193/min ; 5804/6537 batches
[08:22:56]   +5 [no_good_answer] ; total=28641 ; rate=193/min ; 5805/6537 batches
[08:22:56]   +5 [no_good_answer] ; total=28646 ; rate=193/min ; 5806/6537 batches
[08:22:56]   +5 [no_good_answer] ; total=28651 ; rate=193/min ; 5807/6537 batches
[08:22:56]   +5 [no_good_answer] ; total=28656 ; rate=193/min ; 5808/6537 batches
[08:22:56]   +5 [no_good_answer] ; total=28661 ; rate=193/min ; 5809/6537 batches
[08:22:56]   +5 [no_good_answer] ; total=28666 ; rate=193/min ; 5810/6537 batches
[08:22:56]   +1 [no_good_answer] ; total=28667 ; rate=193/min ; 5811/6537 batches
[08:22:56]   +5 [no_good_answer] ; total=28672 ; rate=193/min ; 5812/6537 batches
[08:22:57]   +5 [no_good_answer] ; total=28677 ; rate=193/min ; 5813/6537 batches
[08:22:57]   +5 [no_good_answer] ; total=28682 ; rate=194/min ; 5814/6537 batches
[08:22:57]   +5 [no_good_answer] ; total=28687 ; rate=194/min ; 5815/6537 batches
[08:22:57]   +5 [no_good_answer] ; total=28692 ; rate=194/min ; 5816/6537 batches
[08:22:57]   +5 [no_good_answer] ; total=28697 ; rate=194/min ; 5817/6537 batches
[08:22:57]   +5 [no_good_answer] ; total=28702 ; rate=194/min ; 5818/6537 batches
[08:22:57]   +5 [no_good_answer] ; total=28707 ; rate=194/min ; 5819/6537 batches
[08:22:57]   +5 [no_good_answer] ; total=28712 ; rate=194/min ; 5820/6537 batches
[08:22:57]   +5 [no_good_answer] ; total=28717 ; rate=194/min ; 5821/6537 batches
[08:22:57]   +5 [no_good_answer] ; total=28722 ; rate=194/min ; 5822/6537 batches
[08:22:57]   +5 [no_good_answer] ; total=28727 ; rate=194/min ; 5823/6537 batches
[08:22:57]   +1 [no_good_answer] ; total=28728 ; rate=194/min ; 5824/6537 batches
[08:22:57]   +5 [no_good_answer] ; total=28733 ; rate=194/min ; 5825/6537 batches
[08:22:57]   +5 [no_good_answer] ; total=28738 ; rate=194/min ; 5826/6537 batches
[08:22:57]   +5 [no_good_answer] ; total=28743 ; rate=194/min ; 5827/6537 batches
[08:22:57]   +5 [no_good_answer] ; total=28748 ; rate=194/min ; 5828/6537 batches
[08:22:57]   +5 [no_good_answer] ; total=28753 ; rate=194/min ; 5829/6537 batches
[08:22:58]   +5 [no_good_answer] ; total=28758 ; rate=194/min ; 5830/6537 batches
[08:22:58]   +5 [no_good_answer] ; total=28763 ; rate=194/min ; 5831/6537 batches
[08:22:58]   +5 [no_good_answer] ; total=28768 ; rate=194/min ; 5832/6537 batches
[08:22:58]   +5 [no_good_answer] ; total=28773 ; rate=194/min ; 5833/6537 batches
[08:22:58]   +5 [no_good_answer] ; total=28778 ; rate=194/min ; 5834/6537 batches
[08:22:58]   +5 [no_good_answer] ; total=28783 ; rate=194/min ; 5835/6537 batches
[08:22:58]   +5 [no_good_answer] ; total=28788 ; rate=194/min ; 5836/6537 batches
[08:22:58]   +1 [no_good_answer] ; total=28789 ; rate=194/min ; 5837/6537 batches
[08:22:58]   +5 [no_good_answer] ; total=28794 ; rate=194/min ; 5838/6537 batches
[08:22:58]   +5 [no_good_answer] ; total=28799 ; rate=194/min ; 5839/6537 batches
[08:22:58]   +5 [no_good_answer] ; total=28804 ; rate=194/min ; 5840/6537 batches
[08:22:58]   +5 [no_good_answer] ; total=28809 ; rate=194/min ; 5841/6537 batches
[08:22:58]   +5 [no_good_answer] ; total=28814 ; rate=194/min ; 5842/6537 batches
[08:22:58]   +5 [no_good_answer] ; total=28819 ; rate=194/min ; 5843/6537 batches
[08:22:58]   +5 [no_good_answer] ; total=28824 ; rate=194/min ; 5844/6537 batches
[08:22:58]   +5 [no_good_answer] ; total=28829 ; rate=194/min ; 5845/6537 batches
[08:22:58]   +5 [no_good_answer] ; total=28834 ; rate=194/min ; 5846/6537 batches
[08:22:58]   +5 [no_good_answer] ; total=28839 ; rate=195/min ; 5847/6537 batches
[08:22:59]   +5 [no_good_answer] ; total=28844 ; rate=195/min ; 5848/6537 batches
[08:22:59]   +5 [no_good_answer] ; total=28849 ; rate=195/min ; 5849/6537 batches
[08:22:59]   +1 [no_good_answer] ; total=28850 ; rate=195/min ; 5850/6537 batches
[08:22:59]   +5 [no_good_answer] ; total=28855 ; rate=195/min ; 5851/6537 batches
[08:22:59]   +5 [no_good_answer] ; total=28860 ; rate=195/min ; 5852/6537 batches
[08:22:59]   +5 [no_good_answer] ; total=28865 ; rate=195/min ; 5853/6537 batches
[08:22:59]   +5 [no_good_answer] ; total=28870 ; rate=195/min ; 5854/6537 batches
[08:22:59]   +5 [no_good_answer] ; total=28875 ; rate=195/min ; 5855/6537 batches
[08:22:59]   +5 [no_good_answer] ; total=28880 ; rate=195/min ; 5856/6537 batches
[08:22:59]   +5 [no_good_answer] ; total=28885 ; rate=195/min ; 5857/6537 batches
[08:22:59]   +5 [no_good_answer] ; total=28890 ; rate=195/min ; 5858/6537 batches
[08:22:59]   +5 [no_good_answer] ; total=28895 ; rate=195/min ; 5859/6537 batches
[08:22:59]   +5 [no_good_answer] ; total=28900 ; rate=195/min ; 5860/6537 batches
[08:22:59]   +5 [no_good_answer] ; total=28905 ; rate=195/min ; 5861/6537 batches
[08:23:00]   +5 [no_good_answer] ; total=28910 ; rate=195/min ; 5862/6537 batches
[08:23:00]   +1 [no_good_answer] ; total=28911 ; rate=195/min ; 5863/6537 batches
[08:23:00]   +5 [no_good_answer] ; total=28916 ; rate=195/min ; 5864/6537 batches
[08:23:00]   +5 [no_good_answer] ; total=28921 ; rate=195/min ; 5865/6537 batches
[08:23:00]   +5 [no_good_answer] ; total=28926 ; rate=195/min ; 5866/6537 batches
[08:23:00]   +5 [no_good_answer] ; total=28931 ; rate=195/min ; 5867/6537 batches
[08:23:00]   +5 [no_good_answer] ; total=28936 ; rate=195/min ; 5868/6537 batches
[08:23:01]   +5 [no_good_answer] ; total=28941 ; rate=195/min ; 5869/6537 batches
[08:23:01]   +5 [no_good_answer] ; total=28946 ; rate=195/min ; 5870/6537 batches
[08:23:01]   +5 [no_good_answer] ; total=28951 ; rate=195/min ; 5871/6537 batches
[08:23:01]   +5 [no_good_answer] ; total=28956 ; rate=195/min ; 5872/6537 batches
[08:23:01]   +5 [no_good_answer] ; total=28961 ; rate=195/min ; 5873/6537 batches
[08:23:01]   +5 [no_good_answer] ; total=28966 ; rate=195/min ; 5874/6537 batches
[08:23:01]   +5 [no_good_answer] ; total=28971 ; rate=195/min ; 5875/6537 batches
[08:23:01]   +1 [no_good_answer] ; total=28972 ; rate=195/min ; 5876/6537 batches
[08:23:01]   +5 [no_good_answer] ; total=28977 ; rate=195/min ; 5877/6537 batches
[08:23:01]   +5 [no_good_answer] ; total=28982 ; rate=195/min ; 5878/6537 batches
[08:23:02]   +5 [no_good_answer] ; total=28987 ; rate=195/min ; 5879/6537 batches
[08:23:02]   +5 [no_good_answer] ; total=28992 ; rate=195/min ; 5880/6537 batches
[08:23:02]   +5 [no_good_answer] ; total=28997 ; rate=196/min ; 5881/6537 batches
[08:23:02]   +5 [no_good_answer] ; total=29002 ; rate=196/min ; 5882/6537 batches
[08:23:02]   +5 [no_good_answer] ; total=29007 ; rate=196/min ; 5883/6537 batches
[08:23:02]   +5 [no_good_answer] ; total=29012 ; rate=196/min ; 5884/6537 batches
[08:23:02]   +5 [no_good_answer] ; total=29017 ; rate=196/min ; 5885/6537 batches
[08:23:02]   +5 [no_good_answer] ; total=29022 ; rate=196/min ; 5886/6537 batches
[08:23:02]   +5 [no_good_answer] ; total=29027 ; rate=196/min ; 5887/6537 batches
[08:23:02]   +5 [no_good_answer] ; total=29032 ; rate=196/min ; 5888/6537 batches
[08:23:02]   +1 [no_good_answer] ; total=29033 ; rate=196/min ; 5889/6537 batches
[08:23:03]   +5 [no_good_answer] ; total=29038 ; rate=196/min ; 5890/6537 batches
[08:23:03]   +5 [no_good_answer] ; total=29043 ; rate=196/min ; 5891/6537 batches
[08:23:03]   +5 [no_good_answer] ; total=29048 ; rate=196/min ; 5892/6537 batches
[08:23:03]   +5 [no_good_answer] ; total=29053 ; rate=196/min ; 5893/6537 batches
[08:23:03]   +5 [no_good_answer] ; total=29058 ; rate=196/min ; 5894/6537 batches
[08:23:03]   +5 [no_good_answer] ; total=29063 ; rate=196/min ; 5895/6537 batches
[08:23:03]   +5 [no_good_answer] ; total=29068 ; rate=196/min ; 5896/6537 batches
[08:23:03]   +5 [no_good_answer] ; total=29073 ; rate=196/min ; 5897/6537 batches
[08:23:03]   +5 [no_good_answer] ; total=29078 ; rate=196/min ; 5898/6537 batches
[08:23:03]   +5 [no_good_answer] ; total=29083 ; rate=196/min ; 5899/6537 batches
[08:23:03]   +5 [no_good_answer] ; total=29088 ; rate=196/min ; 5900/6537 batches
[08:23:03]   +5 [no_good_answer] ; total=29093 ; rate=196/min ; 5901/6537 batches
[08:23:03]   +1 [no_good_answer] ; total=29094 ; rate=196/min ; 5902/6537 batches
[08:23:04]   +5 [no_good_answer] ; total=29099 ; rate=196/min ; 5903/6537 batches
[08:23:04]   +5 [no_good_answer] ; total=29104 ; rate=196/min ; 5904/6537 batches
[08:23:04]   +5 [no_good_answer] ; total=29109 ; rate=196/min ; 5905/6537 batches
[08:23:04]   +5 [no_good_answer] ; total=29114 ; rate=196/min ; 5906/6537 batches
[08:23:04]   +5 [no_good_answer] ; total=29119 ; rate=196/min ; 5907/6537 batches
[08:23:04]   +5 [no_good_answer] ; total=29124 ; rate=196/min ; 5908/6537 batches
[08:23:04]   +5 [no_good_answer] ; total=29129 ; rate=196/min ; 5909/6537 batches
[08:23:04]   +5 [no_good_answer] ; total=29134 ; rate=196/min ; 5910/6537 batches
[08:23:04]   +5 [no_good_answer] ; total=29139 ; rate=196/min ; 5911/6537 batches
[08:23:04]   +5 [no_good_answer] ; total=29144 ; rate=196/min ; 5912/6537 batches
[08:23:05]   +5 [no_good_answer] ; total=29149 ; rate=196/min ; 5913/6537 batches
[08:23:05]   +5 [no_good_answer] ; total=29154 ; rate=197/min ; 5914/6537 batches
[08:23:05]   +1 [no_good_answer] ; total=29155 ; rate=197/min ; 5915/6537 batches
[08:23:05]   +5 [no_good_answer] ; total=29160 ; rate=197/min ; 5916/6537 batches
[08:23:05]   +5 [no_good_answer] ; total=29165 ; rate=197/min ; 5917/6537 batches
[08:23:05]   +5 [no_good_answer] ; total=29170 ; rate=197/min ; 5918/6537 batches
[08:23:05]   +5 [no_good_answer] ; total=29175 ; rate=197/min ; 5919/6537 batches
[08:23:05]   +5 [no_good_answer] ; total=29180 ; rate=197/min ; 5920/6537 batches
[08:23:06]   +5 [no_good_answer] ; total=29185 ; rate=197/min ; 5921/6537 batches
[08:23:06]   +5 [no_good_answer] ; total=29190 ; rate=197/min ; 5922/6537 batches
[08:23:06]   +5 [no_good_answer] ; total=29195 ; rate=197/min ; 5923/6537 batches
[08:23:06]   +5 [no_good_answer] ; total=29200 ; rate=197/min ; 5924/6537 batches
[08:23:06]   +5 [no_good_answer] ; total=29205 ; rate=197/min ; 5925/6537 batches
[08:23:06]   +5 [no_good_answer] ; total=29210 ; rate=197/min ; 5926/6537 batches
[08:23:06]   +5 [no_good_answer] ; total=29215 ; rate=197/min ; 5927/6537 batches
[08:23:06]   +1 [no_good_answer] ; total=29216 ; rate=197/min ; 5928/6537 batches
[08:23:06]   +5 [no_good_answer] ; total=29221 ; rate=197/min ; 5929/6537 batches
[08:23:06]   +5 [no_good_answer] ; total=29226 ; rate=197/min ; 5930/6537 batches
[08:23:07]   +5 [no_good_answer] ; total=29231 ; rate=197/min ; 5931/6537 batches
[08:23:07]   +5 [no_good_answer] ; total=29236 ; rate=197/min ; 5932/6537 batches
[08:23:07]   +5 [no_good_answer] ; total=29241 ; rate=197/min ; 5933/6537 batches
[08:23:07]   +5 [no_good_answer] ; total=29246 ; rate=197/min ; 5934/6537 batches
[08:23:07]   +5 [no_good_answer] ; total=29251 ; rate=197/min ; 5935/6537 batches
[08:23:07]   +5 [no_good_answer] ; total=29256 ; rate=197/min ; 5936/6537 batches
[08:23:07]   +5 [no_good_answer] ; total=29261 ; rate=197/min ; 5937/6537 batches
[08:23:07]   +5 [no_good_answer] ; total=29266 ; rate=197/min ; 5938/6537 batches
[08:23:07]   +5 [no_good_answer] ; total=29271 ; rate=197/min ; 5939/6537 batches
[08:23:07]   +5 [no_good_answer] ; total=29276 ; rate=197/min ; 5940/6537 batches
[08:23:07]   +1 [no_good_answer] ; total=29277 ; rate=197/min ; 5941/6537 batches
[08:23:08]   +5 [no_good_answer] ; total=29282 ; rate=197/min ; 5942/6537 batches
[08:23:08]   +5 [no_good_answer] ; total=29287 ; rate=197/min ; 5943/6537 batches
[08:23:08]   +5 [no_good_answer] ; total=29292 ; rate=197/min ; 5944/6537 batches
[08:23:08]   +5 [no_good_answer] ; total=29297 ; rate=197/min ; 5945/6537 batches
[08:23:08]   +5 [no_good_answer] ; total=29302 ; rate=197/min ; 5946/6537 batches
[08:23:08]   +5 [no_good_answer] ; total=29307 ; rate=197/min ; 5947/6537 batches
[08:23:08]   +5 [no_good_answer] ; total=29312 ; rate=197/min ; 5948/6537 batches
[08:23:08]   +5 [no_good_answer] ; total=29317 ; rate=198/min ; 5949/6537 batches
[08:23:08]   +5 [no_good_answer] ; total=29322 ; rate=198/min ; 5950/6537 batches
[08:23:08]   +5 [no_good_answer] ; total=29327 ; rate=198/min ; 5951/6537 batches
[08:23:08]   +5 [no_good_answer] ; total=29332 ; rate=198/min ; 5952/6537 batches
[08:23:09]   +5 [no_good_answer] ; total=29337 ; rate=198/min ; 5953/6537 batches
[08:23:09]   +1 [no_good_answer] ; total=29338 ; rate=198/min ; 5954/6537 batches
[08:23:09]   +5 [no_good_answer] ; total=29343 ; rate=198/min ; 5955/6537 batches
[08:23:09]   +5 [no_good_answer] ; total=29348 ; rate=198/min ; 5956/6537 batches
[08:23:09]   +5 [no_good_answer] ; total=29353 ; rate=198/min ; 5957/6537 batches
[08:23:09]   +5 [no_good_answer] ; total=29358 ; rate=198/min ; 5958/6537 batches
[08:23:09]   +5 [no_good_answer] ; total=29363 ; rate=198/min ; 5959/6537 batches
[08:23:09]   +5 [no_good_answer] ; total=29368 ; rate=198/min ; 5960/6537 batches
[08:23:09]   +5 [no_good_answer] ; total=29373 ; rate=198/min ; 5961/6537 batches
[08:23:09]   +5 [no_good_answer] ; total=29378 ; rate=198/min ; 5962/6537 batches
[08:23:09]   +5 [no_good_answer] ; total=29383 ; rate=198/min ; 5963/6537 batches
[08:23:09]   +5 [no_good_answer] ; total=29388 ; rate=198/min ; 5964/6537 batches
[08:23:09]   +5 [no_good_answer] ; total=29393 ; rate=198/min ; 5965/6537 batches
[08:23:09]   +5 [no_good_answer] ; total=29398 ; rate=198/min ; 5966/6537 batches
[08:23:09]   +1 [no_good_answer] ; total=29399 ; rate=198/min ; 5967/6537 batches
[08:23:09]   +5 [no_good_answer] ; total=29404 ; rate=198/min ; 5968/6537 batches
[08:23:10]   +5 [no_good_answer] ; total=29409 ; rate=198/min ; 5969/6537 batches
[08:23:10]   +5 [no_good_answer] ; total=29414 ; rate=198/min ; 5970/6537 batches
[08:23:10]   +5 [no_good_answer] ; total=29419 ; rate=198/min ; 5971/6537 batches
[08:23:10]   +5 [no_good_answer] ; total=29424 ; rate=198/min ; 5972/6537 batches
[08:23:10]   +5 [no_good_answer] ; total=29429 ; rate=198/min ; 5973/6537 batches
[08:23:10]   +5 [no_good_answer] ; total=29434 ; rate=198/min ; 5974/6537 batches
[08:23:10]   +5 [no_good_answer] ; total=29439 ; rate=198/min ; 5975/6537 batches
[08:23:10]   +5 [no_good_answer] ; total=29444 ; rate=198/min ; 5976/6537 batches
[08:23:10]   +5 [no_good_answer] ; total=29449 ; rate=198/min ; 5977/6537 batches
[08:23:10]   +5 [no_good_answer] ; total=29454 ; rate=198/min ; 5978/6537 batches
[08:23:10]   +5 [no_good_answer] ; total=29459 ; rate=198/min ; 5979/6537 batches
[08:23:10]   +1 [no_good_answer] ; total=29460 ; rate=198/min ; 5980/6537 batches
[08:23:10]   +5 [no_good_answer] ; total=29465 ; rate=198/min ; 5981/6537 batches
[08:23:10]   +5 [no_good_answer] ; total=29470 ; rate=199/min ; 5982/6537 batches
[08:23:10]   +5 [no_good_answer] ; total=29475 ; rate=199/min ; 5983/6537 batches
[08:23:10]   +5 [no_good_answer] ; total=29480 ; rate=199/min ; 5984/6537 batches
[08:23:10]   +5 [no_good_answer] ; total=29485 ; rate=199/min ; 5985/6537 batches
[08:23:11]   +5 [no_good_answer] ; total=29490 ; rate=199/min ; 5986/6537 batches
[08:23:11]   +5 [no_good_answer] ; total=29495 ; rate=199/min ; 5987/6537 batches
[08:23:11]   +5 [no_good_answer] ; total=29500 ; rate=199/min ; 5988/6537 batches
[08:23:11]   +5 [no_good_answer] ; total=29505 ; rate=199/min ; 5989/6537 batches
[08:23:11]   +5 [no_good_answer] ; total=29510 ; rate=199/min ; 5990/6537 batches
[08:23:11]   +5 [no_good_answer] ; total=29515 ; rate=199/min ; 5991/6537 batches
[08:23:11]   +5 [no_good_answer] ; total=29520 ; rate=199/min ; 5992/6537 batches
[08:23:11]   +1 [no_good_answer] ; total=29521 ; rate=199/min ; 5993/6537 batches
[08:23:11]   +5 [no_good_answer] ; total=29526 ; rate=199/min ; 5994/6537 batches
[08:23:11]   +5 [no_good_answer] ; total=29531 ; rate=199/min ; 5995/6537 batches
[08:23:11]   +5 [no_good_answer] ; total=29536 ; rate=199/min ; 5996/6537 batches
[08:23:11]   +5 [no_good_answer] ; total=29541 ; rate=199/min ; 5997/6537 batches
[08:23:11]   +5 [no_good_answer] ; total=29546 ; rate=199/min ; 5998/6537 batches
[08:23:11]   +5 [no_good_answer] ; total=29551 ; rate=199/min ; 5999/6537 batches
[08:23:12]   +5 [no_good_answer] ; total=29556 ; rate=199/min ; 6000/6537 batches
[08:23:12]   +5 [no_good_answer] ; total=29561 ; rate=199/min ; 6001/6537 batches
[08:23:12]   +5 [no_good_answer] ; total=29566 ; rate=199/min ; 6002/6537 batches
[08:23:12]   +5 [no_good_answer] ; total=29571 ; rate=199/min ; 6003/6537 batches
[08:23:12]   +5 [no_good_answer] ; total=29576 ; rate=199/min ; 6004/6537 batches
[08:23:12]   +5 [no_good_answer] ; total=29581 ; rate=199/min ; 6005/6537 batches
[08:23:12]   +1 [no_good_answer] ; total=29582 ; rate=199/min ; 6006/6537 batches
[08:23:12]   +5 [no_good_answer] ; total=29587 ; rate=199/min ; 6007/6537 batches
[08:23:12]   +5 [no_good_answer] ; total=29592 ; rate=199/min ; 6008/6537 batches
[08:23:12]   +5 [no_good_answer] ; total=29597 ; rate=199/min ; 6009/6537 batches
[08:23:12]   +5 [no_good_answer] ; total=29602 ; rate=199/min ; 6010/6537 batches
[08:23:12]   +5 [no_good_answer] ; total=29607 ; rate=199/min ; 6011/6537 batches
[08:23:12]   +5 [no_good_answer] ; total=29612 ; rate=199/min ; 6012/6537 batches
[08:23:12]   +5 [no_good_answer] ; total=29617 ; rate=199/min ; 6013/6537 batches
[08:23:12]   +5 [no_good_answer] ; total=29622 ; rate=199/min ; 6014/6537 batches
[08:23:12]   +5 [no_good_answer] ; total=29627 ; rate=200/min ; 6015/6537 batches
[08:23:13]   +5 [no_good_answer] ; total=29632 ; rate=200/min ; 6016/6537 batches
[08:23:13]   +5 [no_good_answer] ; total=29637 ; rate=200/min ; 6017/6537 batches
[08:23:13]   +5 [no_good_answer] ; total=29642 ; rate=200/min ; 6018/6537 batches
[08:23:13]   +1 [no_good_answer] ; total=29643 ; rate=200/min ; 6019/6537 batches
[08:23:13]   +5 [no_good_answer] ; total=29648 ; rate=200/min ; 6020/6537 batches
[08:23:13]   +5 [no_good_answer] ; total=29653 ; rate=200/min ; 6021/6537 batches
[08:23:13]   +5 [no_good_answer] ; total=29658 ; rate=200/min ; 6022/6537 batches
[08:23:13]   +5 [no_good_answer] ; total=29663 ; rate=200/min ; 6023/6537 batches
[08:23:13]   +5 [no_good_answer] ; total=29668 ; rate=200/min ; 6024/6537 batches
[08:23:13]   +5 [no_good_answer] ; total=29673 ; rate=200/min ; 6025/6537 batches
[08:23:13]   +5 [no_good_answer] ; total=29678 ; rate=200/min ; 6026/6537 batches
[08:23:13]   +5 [no_good_answer] ; total=29683 ; rate=200/min ; 6027/6537 batches
[08:23:14]   +5 [no_good_answer] ; total=29688 ; rate=200/min ; 6028/6537 batches
[08:23:14]   +5 [no_good_answer] ; total=29693 ; rate=200/min ; 6029/6537 batches
[08:23:14]   +5 [no_good_answer] ; total=29698 ; rate=200/min ; 6030/6537 batches
[08:23:14]   +5 [no_good_answer] ; total=29703 ; rate=200/min ; 6031/6537 batches
[08:23:14]   +1 [no_good_answer] ; total=29704 ; rate=200/min ; 6032/6537 batches
[08:23:14]   +5 [no_good_answer] ; total=29709 ; rate=200/min ; 6033/6537 batches
[08:23:14]   +5 [no_good_answer] ; total=29714 ; rate=200/min ; 6034/6537 batches
[08:23:14]   +5 [no_good_answer] ; total=29719 ; rate=200/min ; 6035/6537 batches
[08:23:14]   +5 [no_good_answer] ; total=29724 ; rate=200/min ; 6036/6537 batches
[08:23:14]   +5 [no_good_answer] ; total=29729 ; rate=200/min ; 6037/6537 batches
[08:23:14]   +5 [no_good_answer] ; total=29734 ; rate=200/min ; 6038/6537 batches
[08:23:14]   +5 [no_good_answer] ; total=29739 ; rate=200/min ; 6039/6537 batches
[08:23:14]   +5 [no_good_answer] ; total=29744 ; rate=200/min ; 6040/6537 batches
[08:23:14]   +5 [no_good_answer] ; total=29749 ; rate=200/min ; 6041/6537 batches
[08:23:14]   +5 [no_good_answer] ; total=29754 ; rate=200/min ; 6042/6537 batches
[08:23:15]   +5 [no_good_answer] ; total=29759 ; rate=200/min ; 6043/6537 batches
[08:23:15]   +5 [no_good_answer] ; total=29764 ; rate=200/min ; 6044/6537 batches
[08:23:15]   +1 [no_good_answer] ; total=29765 ; rate=200/min ; 6045/6537 batches
[08:23:15]   +5 [no_good_answer] ; total=29770 ; rate=200/min ; 6046/6537 batches
[08:23:15]   +5 [no_good_answer] ; total=29775 ; rate=200/min ; 6047/6537 batches
[08:23:15]   +5 [no_good_answer] ; total=29780 ; rate=200/min ; 6048/6537 batches
[08:23:15]   +5 [no_good_answer] ; total=29785 ; rate=201/min ; 6049/6537 batches
[08:23:15]   +5 [no_good_answer] ; total=29790 ; rate=201/min ; 6050/6537 batches
[08:23:15]   +5 [no_good_answer] ; total=29795 ; rate=201/min ; 6051/6537 batches
[08:23:15]   +5 [no_good_answer] ; total=29800 ; rate=201/min ; 6052/6537 batches
[08:23:15]   +5 [no_good_answer] ; total=29805 ; rate=201/min ; 6053/6537 batches
[08:23:15]   +5 [no_good_answer] ; total=29810 ; rate=201/min ; 6054/6537 batches
[08:23:15]   +5 [no_good_answer] ; total=29815 ; rate=201/min ; 6055/6537 batches
[08:23:15]   +5 [no_good_answer] ; total=29820 ; rate=201/min ; 6056/6537 batches
[08:23:15]   +5 [no_good_answer] ; total=29825 ; rate=201/min ; 6057/6537 batches
[08:23:16]   +1 [no_good_answer] ; total=29826 ; rate=201/min ; 6058/6537 batches
[08:23:16]   +5 [no_good_answer] ; total=29831 ; rate=201/min ; 6059/6537 batches
[08:23:16]   +5 [no_good_answer] ; total=29836 ; rate=201/min ; 6060/6537 batches
[08:23:16]   +5 [no_good_answer] ; total=29841 ; rate=201/min ; 6061/6537 batches
[08:23:16]   +5 [no_good_answer] ; total=29846 ; rate=201/min ; 6062/6537 batches
[08:23:16]   +5 [no_good_answer] ; total=29851 ; rate=201/min ; 6063/6537 batches
[08:23:16]   +5 [no_good_answer] ; total=29856 ; rate=201/min ; 6064/6537 batches
[08:23:16]   +5 [no_good_answer] ; total=29861 ; rate=201/min ; 6065/6537 batches
[08:23:16]   +5 [no_good_answer] ; total=29866 ; rate=201/min ; 6066/6537 batches
[08:23:16]   +5 [no_good_answer] ; total=29871 ; rate=201/min ; 6067/6537 batches
[08:23:16]   +5 [no_good_answer] ; total=29876 ; rate=201/min ; 6068/6537 batches
[08:23:16]   +5 [no_good_answer] ; total=29881 ; rate=201/min ; 6069/6537 batches
[08:23:16]   +5 [no_good_answer] ; total=29886 ; rate=201/min ; 6070/6537 batches
[08:23:17]   +1 [no_good_answer] ; total=29887 ; rate=201/min ; 6071/6537 batches
[08:23:17]   +5 [no_good_answer] ; total=29892 ; rate=201/min ; 6072/6537 batches
[08:23:17]   +5 [no_good_answer] ; total=29897 ; rate=201/min ; 6073/6537 batches
[08:23:17]   +5 [no_good_answer] ; total=29902 ; rate=201/min ; 6074/6537 batches
[08:23:17]   +5 [no_good_answer] ; total=29907 ; rate=201/min ; 6075/6537 batches
[08:23:17]   +5 [no_good_answer] ; total=29912 ; rate=201/min ; 6076/6537 batches
[08:23:17]   +5 [no_good_answer] ; total=29917 ; rate=201/min ; 6077/6537 batches
[08:23:17]   +5 [no_good_answer] ; total=29922 ; rate=201/min ; 6078/6537 batches
[08:23:17]   +5 [no_good_answer] ; total=29927 ; rate=201/min ; 6079/6537 batches
[08:23:17]   +5 [no_good_answer] ; total=29932 ; rate=201/min ; 6080/6537 batches
[08:23:17]   +5 [no_good_answer] ; total=29937 ; rate=202/min ; 6081/6537 batches
[08:23:17]   +5 [no_good_answer] ; total=29942 ; rate=202/min ; 6082/6537 batches
[08:23:17]   +5 [no_good_answer] ; total=29947 ; rate=202/min ; 6083/6537 batches
[08:23:17]   +1 [no_good_answer] ; total=29948 ; rate=202/min ; 6084/6537 batches
[08:23:17]   +5 [no_good_answer] ; total=29953 ; rate=202/min ; 6085/6537 batches
[08:23:17]   +5 [no_good_answer] ; total=29958 ; rate=202/min ; 6086/6537 batches
[08:23:17]   +5 [no_good_answer] ; total=29963 ; rate=202/min ; 6087/6537 batches
[08:23:18]   +5 [no_good_answer] ; total=29968 ; rate=202/min ; 6088/6537 batches
[08:23:18]   +5 [no_good_answer] ; total=29973 ; rate=202/min ; 6089/6537 batches
[08:23:18]   +5 [no_good_answer] ; total=29978 ; rate=202/min ; 6090/6537 batches
[08:23:18]   +5 [no_good_answer] ; total=29983 ; rate=202/min ; 6091/6537 batches
[08:23:18]   +5 [no_good_answer] ; total=29988 ; rate=202/min ; 6092/6537 batches
[08:23:18]   +5 [no_good_answer] ; total=29993 ; rate=202/min ; 6093/6537 batches
[08:23:18]   +5 [no_good_answer] ; total=29998 ; rate=202/min ; 6094/6537 batches
[08:23:18]   +5 [no_good_answer] ; total=30003 ; rate=202/min ; 6095/6537 batches
[08:23:18]   +5 [no_good_answer] ; total=30008 ; rate=202/min ; 6096/6537 batches
[08:23:18]   +1 [no_good_answer] ; total=30009 ; rate=202/min ; 6097/6537 batches
[08:23:18]   +5 [no_good_answer] ; total=30014 ; rate=202/min ; 6098/6537 batches
[08:23:18]   +5 [no_good_answer] ; total=30019 ; rate=202/min ; 6099/6537 batches
[08:23:18]   +5 [no_good_answer] ; total=30024 ; rate=202/min ; 6100/6537 batches
[08:23:18]   +5 [no_good_answer] ; total=30029 ; rate=202/min ; 6101/6537 batches
[08:23:18]   +5 [no_good_answer] ; total=30034 ; rate=202/min ; 6102/6537 batches
[08:23:18]   +5 [no_good_answer] ; total=30039 ; rate=202/min ; 6103/6537 batches
[08:23:18]   +5 [no_good_answer] ; total=30044 ; rate=202/min ; 6104/6537 batches
[08:23:19]   +5 [no_good_answer] ; total=30049 ; rate=202/min ; 6105/6537 batches
[08:23:19]   +5 [no_good_answer] ; total=30054 ; rate=202/min ; 6106/6537 batches
[08:23:19]   +5 [no_good_answer] ; total=30059 ; rate=202/min ; 6107/6537 batches
[08:23:19]   +5 [no_good_answer] ; total=30064 ; rate=202/min ; 6108/6537 batches
[08:23:19]   +5 [no_good_answer] ; total=30069 ; rate=202/min ; 6109/6537 batches
[08:23:19]   +1 [no_good_answer] ; total=30070 ; rate=202/min ; 6110/6537 batches
[08:23:19]   +5 [no_good_answer] ; total=30075 ; rate=202/min ; 6111/6537 batches
[08:23:19]   +5 [no_good_answer] ; total=30080 ; rate=202/min ; 6112/6537 batches
[08:23:19]   +5 [no_good_answer] ; total=30085 ; rate=202/min ; 6113/6537 batches
[08:23:19]   +5 [no_good_answer] ; total=30090 ; rate=202/min ; 6114/6537 batches
[08:23:19]   +5 [no_good_answer] ; total=30095 ; rate=203/min ; 6115/6537 batches
[08:23:19]   +5 [no_good_answer] ; total=30100 ; rate=203/min ; 6116/6537 batches
[08:23:19]   +5 [no_good_answer] ; total=30105 ; rate=203/min ; 6117/6537 batches
[08:23:19]   +5 [no_good_answer] ; total=30110 ; rate=203/min ; 6118/6537 batches
[08:23:20]   +5 [no_good_answer] ; total=30115 ; rate=203/min ; 6119/6537 batches
[08:23:20]   +5 [no_good_answer] ; total=30120 ; rate=203/min ; 6120/6537 batches
[08:23:20]   +5 [no_good_answer] ; total=30125 ; rate=203/min ; 6121/6537 batches
[08:23:20]   +5 [no_good_answer] ; total=30130 ; rate=203/min ; 6122/6537 batches
[08:23:20]   +5 [no_good_answer] ; total=30135 ; rate=203/min ; 6123/6537 batches
[08:23:20]   +1 [no_good_answer] ; total=30136 ; rate=203/min ; 6124/6537 batches
[08:23:20]   +5 [no_good_answer] ; total=30141 ; rate=203/min ; 6125/6537 batches
[08:23:20]   +5 [no_good_answer] ; total=30146 ; rate=203/min ; 6126/6537 batches
[08:23:20]   +5 [no_good_answer] ; total=30151 ; rate=203/min ; 6127/6537 batches
[08:23:20]   +5 [no_good_answer] ; total=30156 ; rate=203/min ; 6128/6537 batches
[08:23:20]   +5 [no_good_answer] ; total=30161 ; rate=203/min ; 6129/6537 batches
[08:23:20]   +5 [no_good_answer] ; total=30166 ; rate=203/min ; 6130/6537 batches
[08:23:20]   +5 [no_good_answer] ; total=30171 ; rate=203/min ; 6131/6537 batches
[08:23:20]   +5 [no_good_answer] ; total=30176 ; rate=203/min ; 6132/6537 batches
[08:23:20]   +5 [no_good_answer] ; total=30181 ; rate=203/min ; 6133/6537 batches
[08:23:20]   +5 [no_good_answer] ; total=30186 ; rate=203/min ; 6134/6537 batches
[08:23:20]   +5 [no_good_answer] ; total=30191 ; rate=203/min ; 6135/6537 batches
[08:23:20]   +1 [no_good_answer] ; total=30192 ; rate=203/min ; 6136/6537 batches
[08:23:20]   +5 [no_good_answer] ; total=30197 ; rate=203/min ; 6137/6537 batches
[08:23:20]   +5 [no_good_answer] ; total=30202 ; rate=203/min ; 6138/6537 batches
[08:23:20]   +5 [no_good_answer] ; total=30207 ; rate=203/min ; 6139/6537 batches
[08:23:21]   +5 [no_good_answer] ; total=30212 ; rate=203/min ; 6140/6537 batches
[08:23:21]   +5 [no_good_answer] ; total=30217 ; rate=203/min ; 6141/6537 batches
[08:23:21]   +5 [no_good_answer] ; total=30222 ; rate=203/min ; 6142/6537 batches
[08:23:21]   +5 [no_good_answer] ; total=30227 ; rate=203/min ; 6143/6537 batches
[08:23:21]   +5 [no_good_answer] ; total=30232 ; rate=203/min ; 6144/6537 batches
[08:23:21]   +5 [no_good_answer] ; total=30237 ; rate=203/min ; 6145/6537 batches
[08:23:21]   +5 [no_good_answer] ; total=30242 ; rate=203/min ; 6146/6537 batches
[08:23:21]   +5 [no_good_answer] ; total=30247 ; rate=204/min ; 6147/6537 batches
[08:23:21]   +5 [no_good_answer] ; total=30252 ; rate=204/min ; 6148/6537 batches
[08:23:21]   +5 [no_good_answer] ; total=30257 ; rate=204/min ; 6149/6537 batches
[08:23:21]   +1 [no_good_answer] ; total=30258 ; rate=204/min ; 6150/6537 batches
[08:23:21]   +5 [no_good_answer] ; total=30263 ; rate=204/min ; 6151/6537 batches
[08:23:21]   +5 [no_good_answer] ; total=30268 ; rate=204/min ; 6152/6537 batches
[08:23:21]   +5 [no_good_answer] ; total=30273 ; rate=204/min ; 6153/6537 batches
[08:23:21]   +5 [no_good_answer] ; total=30278 ; rate=204/min ; 6154/6537 batches
[08:23:22]   +5 [no_good_answer] ; total=30283 ; rate=204/min ; 6155/6537 batches
[08:23:22]   +5 [no_good_answer] ; total=30288 ; rate=204/min ; 6156/6537 batches
[08:23:25]   +5 [no_good_answer] ; total=30293 ; rate=204/min ; 6157/6537 batches
[08:24:17]   +4 [no_good_answer] ; total=30297 ; rate=203/min ; 6158/6537 batches
[08:24:34]   +5 [no_good_answer] ; total=30302 ; rate=202/min ; 6159/6537 batches
[08:24:34] 
[08:24:34] === done ===
[08:24:34] total seeds written this run: 30302
[08:24:34] batches completed: 6159
[08:24:34] batches failed:    378
[08:24:34] elapsed: 149.9 min
[08:24:35] final per-category: {'partial_knowledge': 14900, 'matter_file_grounded': 9000, 'adverse_authority_handling': 8565, 'multi_authority_synthesis': 5375, 'need_more_facts': 5170, 'overconfident_to_caveated': 5995, 'impermissible_request': 4273, 'no_good_answer': 4348}
[08:24:35] GRAND TOTAL: 57626
